Marca temporal,Grupo que está encuestando,Nombre del encuestador,Indica tu género,¿Cuál es tu edad?,¿Cuál es tu peso (en kg)?,¿Cuál es tu estatura (en cm)?,¿En qué carrera estabas matriculado(a) durante el ciclo 2025-2? ,¿En qué ciclo te encuentras actualmente?,¿En cuántos cursos te matriculaste (independientemente de si te retiraste o no) en total durante el 2025-2?,¿Cuántos de esos cursos aprobaste al finalizar el 2025-2?,"¿Cuál fue tu promedio ponderado en el ciclo 2025-2?
Lo puedes ubicar en el sist. académico -> currícula -> mi avance académico -> historial académico","¿Cuál fue tu Ranking en el ciclo 2025-2?
Lo puedes ubicar en el sist. académico -> currícula -> mi avance académico -> historial académico","Aproximadamente, Durante el ciclo 2025-2  ¿Cuántas horas a la semana dedicaste a realizar actividad física?",Durante el ciclo 2025-2  ¿Qué tipo de actividad física o deporte principal realizaste?,¿Dónde realizas principalmente la actividad física?,"Durante el ciclo 2025-2, ¿tus entrenamientos fueron principalmente de tipo individual o colectivo? ",¿Cuántos días a la semana realizaste actividad física en el 2025-2?,"Durante tus sesiones de actividad física en ese ciclo, ¿Cuál fue tu nivel de intensidad física predominante?","Durante el 2025-2, ¿Tu horario de entrenamiento fue principalmente en la: Mañana / Tarde / Noche?",Durante el ciclo 2025-2  ¿Cómo calificarías tu nivel de disciplina o constancia para realizar actividad física?,Durante el ciclo 2025-2  ¿Cuántas horas a la semana sumaban tus clases programadas?,"Aproximadamente, durante el ciclo 2025-2  ¿Cuántas horas a la semana dedicaste al estudio autónomo y realización de tareas (fuera del horario de clases)?","Durante el 2025-II, ¿cuál fue tu nivel de concentración al estudiar?",¿Qué suplementos dietéticos consumías de forma regular? (marca todas las opciones que correspondan)  ,"Durante el ciclo 2025-2, ¿cuántas veces al día ingerías alimentos? (incluye comidas principales y snacks; p. ej., desayuno, snack, almuerzo, cena = 4)  ",Durante el ciclo 2025-2 ¿Llevaste algún tipo de alimentación o dieta específica? ,"Durante el ciclo 2025-2, ¿cuántas horas dormías por noche en promedio?  ",¿Cómo calificarías tu calidad de sueño durante el periodo 2025-2?,Durante el periodo 2025-2  ¿Cómo describirías tu nivel de estrés académico?,Durante el ciclo 2025-2  ¿Qué tan cansado te llegaste a sentir?
21/4/2026 22:57:15,Grupo 8,"Castillo Castro, Rafael Adrián",Masculino,21,80,183,Ingeniería Mecatrónica,10,6,6,16,Décimo,7,"Deportes de equipo (Fútbol, Básquet, Vóley, etc.)","En espacios públicos (parques, canchas, piscinas, etc.)",Colectiva,4,Bajo: Podía mantener una conversación larga o cantar sin ningún esfuerzo,Noche,"Media: Tuve constancia por algunas semanas, pero con interrupciones frecuentes.",30,5,"Medio: Logro concentrarme por períodos moderados, pero presento algunas distracciones.",Bebidas energéticas,4,Ninguna en especial,6,Regular,Moderado,Alto
21/4/2026 22:59:48,Grupo 4,"Obregon Carhuavilca, Alondra Solange",Femenino,19,90,165,Ciencia de Datos,2,6,6,17.26,Décimo,2,"Entrenamiento en casa (Calistenia, Yoga, rutinas por video)",En casa,Individual,2,Bajo: Podía mantener una conversación larga o cantar sin ningún esfuerzo,Tarde,"Baja: Fui muy irregular, entrenando solo ocasionalmente.",25,10,"Medio: Logro concentrarme por períodos moderados, pero presento algunas distracciones.",Ninguno,5,Blanda,6.5,Regular,Moderado,Moderado
21/4/2026 23:03:06,Grupo 2,"Manrique Romero, Oriana Manuela Fe",Femenino,21,48,158,Ciencias de la Computación,7,4,4,14.6,Tercio,2,"Entrenamiento en casa (Calistenia, Yoga, rutinas por video)",En casa,Individual,3,"Moderado: Podía hablar en frases cortas, pero me agitaba un poco y necesitaba respirar.",Tarde,"Baja: Fui muy irregular, entrenando solo ocasionalmente.",6,30,"Medio: Logro concentrarme por períodos moderados, pero presento algunas distracciones.",Multivitamínicos y Minerales,2,Ninguna en especial,5,Regular,Alto,Moderado
21/4/2026 23:04:19,Grupo 8,"Castillo Castro, Rafael Adrián",Masculino,20,68,164,Ciencias de la Computación,3,6,6,16.7,Tercio,5,Artes marciales / Deportes de contacto,En gimnasio,Colectiva,4,"Moderado: Podía hablar en frases cortas, pero me agitaba un poco y necesitaba respirar.",Mañana,"Media: Tuve constancia por algunas semanas, pero con interrupciones frecuentes.",30,20,"Medio: Logro concentrarme por períodos moderados, pero presento algunas distracciones.",Ninguno,4,Baja en carbohidratos,6,Regular,Moderado,Moderado
21/4/2026 23:07:20,Grupo 8,"Castillo Castro, Rafael Adrián",Masculino,18,51,172,Ingeniería Mecatrónica,3,6,4,11,Tercio inferior,36,Caminar ,"En espacios públicos (parques, canchas, piscinas, etc.)",Individual,6,"Moderado: Podía hablar en frases cortas, pero me agitaba un poco y necesitaba respirar.",Mañana,Alta: Mantuve mi rutina de manera estricta y constante todo el ciclo.,20,2,Bajo: Me distraigo con facilidad y me cuesta mantener la atención durante el estudio.,Bebidas rehidratantes,3,Ninguna en especial,4,Mala,Bajo,Muy alto
21/4/2026 23:07:39,Grupo 4,"Obregon Carhuavilca, Alondra Solange",Masculino,18,80,172,Ciencias de la Computación,5,6,6,14.58,Tercio medio,3,"Entrenamiento en casa (Calistenia, Yoga, rutinas por video)",En casa,Individual,10,"Moderado: Podía hablar en frases cortas, pero me agitaba un poco y necesitaba respirar.",Mañana,"Baja: Fui muy irregular, entrenando solo ocasionalmente.",0,8,"Medio: Logro concentrarme por períodos moderados, pero presento algunas distracciones.",Ninguno,3,Ninguna en especial,6,Regular,Moderado,Muy alto
21/4/2026 23:08:18,Grupo 5,"Monsalve Caycho, Christopher Jordan",Masculino,17,60.1,167,Ingeniería Civil,3,6,5,15.19,Tercio,2,"Entrenamiento en casa (Calistenia, Yoga, rutinas por video)",En casa,Individual,2,"Moderado: Podía hablar en frases cortas, pero me agitaba un poco y necesitaba respirar.",Mañana,"Baja: Fui muy irregular, entrenando solo ocasionalmente.",25,16,"Medio: Logro concentrarme por períodos moderados, pero presento algunas distracciones.",Bebidas energéticas,3,Ninguna en especial,9,Buena,Moderado,Muy alto
21/4/2026 23:10:42,Grupo 2,"Manrique Romero, Oriana Manuela Fe",Femenino,21,55,165,Ciencias de la Computación,3,5,5,14.81,Tercio medio,5,Gimnasio / Levantamiento de pesas,En gimnasio,Colectiva,4,Bajo: Podía mantener una conversación larga o cantar sin ningún esfuerzo,Mañana,"Media: Tuve constancia por algunas semanas, pero con interrupciones frecuentes.",24,14,Alto: Mantengo la concentración durante la mayor parte del tiempo sin distracciones significativas.,Bebidas rehidratantes,4,Alta en proteínas,7,Regular,Bajo,Moderado
21/4/2026 23:14:15,Grupo 8,"Castillo Castro, Rafael Adrián",Masculino,25,69,1.65,Ciencias de la Computación,3,5,5,12,Décimo,4,"Deportes de equipo (Fútbol, Básquet, Vóley, etc.)","En espacios públicos (parques, canchas, piscinas, etc.)",Individual,2,"Moderado: Podía hablar en frases cortas, pero me agitaba un poco y necesitaba respirar.",Tarde,"Baja: Fui muy irregular, entrenando solo ocasionalmente.",4,10,"Medio: Logro concentrarme por períodos moderados, pero presento algunas distracciones.",Bebidas rehidratantes,3,Ninguna en especial,3,Mala,Alto,Alto
21/4/2026 23:15:53,Grupo 8,"Castillo Castro, Rafael Adrián",Masculino,20,70,175,Ciencias de la Computación,3,6,4,15.7,Décimo,1,No realizo actividad fisica,,,,,,,28,10,"Medio: Logro concentrarme por períodos moderados, pero presento algunas distracciones.",Ninguno,4,Ninguna en especial,5,Mala,Alto,Alto
21/4/2026 23:18:00,Grupo 8,"Castillo Castro, Rafael Adrián",Femenino,19,64,163,Sistemas de la Información,4,6,5,14,Tercio,1,"Entrenamiento en casa (Calistenia, Yoga, rutinas por video)",En casa,Individual,2,"Moderado: Podía hablar en frases cortas, pero me agitaba un poco y necesitaba respirar.",Tarde,"Baja: Fui muy irregular, entrenando solo ocasionalmente.",24,10,"Medio: Logro concentrarme por períodos moderados, pero presento algunas distracciones.",Ninguno,3,Ninguna en especial,7,Regular,Moderado,Alto
21/4/2026 23:23:16,Grupo 1,"FÉLIX MEDINA, ADRIÁN FERNANDO",Masculino,18,70,170,Ingeniería Mecatrónica,3,6,6,14.45,Tercio medio,5,"Deportes aeróbicos (Correr, Nadar, Ciclismo)",En casa,Individual,1,"Moderado: Podía hablar en frases cortas, pero me agitaba un poco y necesitaba respirar.",Tarde,"Media: Tuve constancia por algunas semanas, pero con interrupciones frecuentes.",15,6,"Medio: Logro concentrarme por períodos moderados, pero presento algunas distracciones.",Bebidas rehidratantes,4,Ninguna en especial,7,Regular,Moderado,Alto
21/4/2026 23:23:47,Grupo 8,"Castillo Castro, Rafael Adrián",Masculino,20,83,180,Ciencias de la Computación,4,6,6,17,Quinto,8,Caminar de regreso a casa,Otros,Individual,5,Bajo: Podía mantener una conversación larga o cantar sin ningún esfuerzo,Tarde,Alta: Mantuve mi rutina de manera estricta y constante todo el ciclo.,20,2,"Medio: Logro concentrarme por períodos moderados, pero presento algunas distracciones.",Ninguno,4,Ninguna en especial,8,Regular,Bajo,Bajo
21/4/2026 23:28:01,Grupo 4,"Obregon Carhuavilca, Alondra Solange",Femenino,18,73,1.6,Ingeniería Mecánica,3,6,6,15.75,Tercio,0,No realizo actividad fisica,,,,,,,8,6,Alto: Mantengo la concentración durante la mayor parte del tiempo sin distracciones significativas.,Ninguno,3,Ninguna en especial,7,Mala,Alto,Alto
21/4/2026 23:35:06,Grupo 8,"Castillo Castro, Rafael Adrián",Femenino,19,59,1.62,Ingeniería Ambiental,5,5,5,13,Tercio inferior,0,No realizo actividad fisica,,,,,,,10,8,"Medio: Logro concentrarme por períodos moderados, pero presento algunas distracciones.",Ninguno,4,Ninguna en especial,9,Regular,Moderado,Moderado
21/4/2026 23:51:10,Grupo 4,"Obregon Carhuavilca, Alondra Solange",Femenino,18,64,150,Bioingeniería,3,7,7,18,Décimo,0,No realizo actividad fisica,,,,,,,30,5,"Medio: Logro concentrarme por períodos moderados, pero presento algunas distracciones.",Bebidas energéticas,4,Ninguna en especial,4,Muy mala,Alto,Muy alto
22/4/2026 0:00:43,Grupo 8,"Castillo Castro, Rafael Adrián",Masculino,19,82,178,Ciencias de la Computación,2,5,5,13,Quinto,2,Gimnasio / Levantamiento de pesas,En gimnasio,Individual,3,"Moderado: Podía hablar en frases cortas, pero me agitaba un poco y necesitaba respirar.",Tarde,"Media: Tuve constancia por algunas semanas, pero con interrupciones frecuentes.",42,2,"Medio: Logro concentrarme por períodos moderados, pero presento algunas distracciones.",Ninguno,3,Ninguna en especial,7,Regular,Moderado,Moderado
22/4/2026 0:02:57,Grupo 4,"Obregon Carhuavilca, Alondra Solange",Masculino,18,58,163,Ciencia de Datos,3,7,8,17.5,Tercio,4,"Deportes de equipo (Fútbol, Básquet, Vóley, etc.)","En espacios públicos (parques, canchas, piscinas, etc.)",Colectiva,2,"Moderado: Podía hablar en frases cortas, pero me agitaba un poco y necesitaba respirar.",Tarde,"Media: Tuve constancia por algunas semanas, pero con interrupciones frecuentes.",32,15,Alto: Mantengo la concentración durante la mayor parte del tiempo sin distracciones significativas.,"Bebidas energéticas, Bebidas rehidratantes, Multivitamínicos y Minerales",3,Ninguna en especial,6,Regular,Alto,Moderado
22/4/2026 0:20:09,Grupo 9,"Heredia Quispe, Gianella Alessandra",Masculino,22,73,1.7,Ingeniería Mecánica,4,6,6,16.74,Tercio,8,"Deportes de equipo (Fútbol, Básquet, Vóley, etc.)","En espacios públicos (parques, canchas, piscinas, etc.)",Colectiva,4,Bajo: Podía mantener una conversación larga o cantar sin ningún esfuerzo,Tarde,Alta: Mantuve mi rutina de manera estricta y constante todo el ciclo.,6,10,"Medio: Logro concentrarme por períodos moderados, pero presento algunas distracciones.",Ninguno,4,Ninguna en especial,7,Buena,Moderado,Bajo
22/4/2026 0:25:38,Grupo 9,"Heredia Quispe, Gianella Alessandra",Femenino,20,71,164,Ingeniería Mecatrónica,6,7,7,15.4,Quinto,6,No realizo actividad fisica,,,,,,,30,15,"Medio: Logro concentrarme por períodos moderados, pero presento algunas distracciones.",Ninguno,3,Ninguna en especial,6,Buena,Moderado,Alto
22/4/2026 0:26:50,Grupo 9,"Heredia Quispe, Gianella Alessandra",Masculino,18,77,183,Ingeniería Industrial,2,6,6,16.4,Tercio medio,7,"Deportes de equipo (Fútbol, Básquet, Vóley, etc.)",Otros,Colectiva,4,"Moderado: Podía hablar en frases cortas, pero me agitaba un poco y necesitaba respirar.",Noche,Alta: Mantuve mi rutina de manera estricta y constante todo el ciclo.,23,21,Alto: Mantengo la concentración durante la mayor parte del tiempo sin distracciones significativas.,Bebidas rehidratantes,1,Ninguna en especial,7,Regular,Bajo,Bajo
22/4/2026 0:36:23,Grupo 9,"Heredia Quispe, Gianella Alessandra",Femenino,21,50,1.5,Ingeniería Ambiental,7,6,6,13,Tercio medio,4,"Deportes aeróbicos (Correr, Nadar, Ciclismo)","En espacios públicos (parques, canchas, piscinas, etc.)",Individual,1,Bajo: Podía mantener una conversación larga o cantar sin ningún esfuerzo,Mañana,"Baja: Fui muy irregular, entrenando solo ocasionalmente.",20,24,"Medio: Logro concentrarme por períodos moderados, pero presento algunas distracciones.",Ninguno,5,Ninguna en especial,6,Mala,Moderado,Alto
22/4/2026 0:37:28,Grupo 4,"Obregon Carhuavilca, Alondra Solange",Masculino,21,85,170,Ingeniería Civil,9,7,7,18.36,Décimo,1,No realizo actividad fisica,,,,,,,28,20,"Medio: Logro concentrarme por períodos moderados, pero presento algunas distracciones.",Ninguno,3,Ninguna en especial,5,Regular,Alto,Alto
22/4/2026 0:59:28,Grupo 8,"Castillo Castro, Rafael Adrián",Femenino,18,64,162,Ciencias de la Computación,2,6,6,15.35,Tercio,2,"Entrenamiento en casa (Calistenia, Yoga, rutinas por video)",En casa,Individual,2,Bajo: Podía mantener una conversación larga o cantar sin ningún esfuerzo,Noche,"Baja: Fui muy irregular, entrenando solo ocasionalmente.",25,10,Bajo: Me distraigo con facilidad y me cuesta mantener la atención durante el estudio.,Ninguno,5,Vegetariana,7,Regular,Moderado,Alto
22/4/2026 1:01:51,Grupo 9,"Heredia Quispe, Gianella Alessandra",Femenino,24,89,160,Ingeniería Industrial,9,5,3,11.4,Tercio inferior,0,No realizo actividad fisica,,,,,,,9,3,Bajo: Me distraigo con facilidad y me cuesta mantener la atención durante el estudio.,Ninguno,2,Ninguna en especial,5,Regular,Alto,Alto
22/4/2026 1:03:33,Grupo 9,"Heredia Quispe, Gianella Alessandra",Masculino,19,91,1.74,Ingeniería Mecatrónica,5,6,6,16.4,Décimo,4,Gimnasio / Levantamiento de pesas,En gimnasio,Individual,2,"Moderado: Podía hablar en frases cortas, pero me agitaba un poco y necesitaba respirar.",Noche,"Media: Tuve constancia por algunas semanas, pero con interrupciones frecuentes.",21,10,"Medio: Logro concentrarme por períodos moderados, pero presento algunas distracciones.","Bebidas energéticas, Creatina",4,Ninguna en especial,6,Regular,Bajo,Bajo
22/4/2026 1:40:55,Grupo 2,"Manrique Romero, Oriana Manuela Fe",Masculino,20,63,174,Ingeniería Mecatrónica,3,7,6,14.11,Tercio medio,9,badminton y gym,Otros,Colectiva,3,"Moderado: Podía hablar en frases cortas, pero me agitaba un poco y necesitaba respirar.",Tarde,"Media: Tuve constancia por algunas semanas, pero con interrupciones frecuentes.",22,18,"Medio: Logro concentrarme por períodos moderados, pero presento algunas distracciones.","Bebidas energéticas, Bebidas rehidratantes, Multivitamínicos y Minerales, Proteína en polvo (Whey, Vegana, Caseína)",6,Ninguna en especial,6,Regular,Moderado,Bajo
22/4/2026 1:48:10,Grupo 9,"Heredia Quispe, Gianella Alessandra",Masculino,20,60,1.6,Ingeniería Mecánica,2,4,2,9.86,Tercio,0,No realizo actividad fisica,,,,,,,17,10,"Medio: Logro concentrarme por períodos moderados, pero presento algunas distracciones.",Bebidas energéticas,4,Ninguna en especial,8,Regular,Moderado,Moderado
22/4/2026 2:13:21,Grupo 2,"Manrique Romero, Oriana Manuela Fe",Femenino,19,60,165,Ciencias de la Computación,2,6,6,16.35,Quinto,6,Gimnasio / Levantamiento de pesas,En gimnasio,Individual,5,"Moderado: Podía hablar en frases cortas, pero me agitaba un poco y necesitaba respirar.",Mañana,Alta: Mantuve mi rutina de manera estricta y constante todo el ciclo.,15,5,"Medio: Logro concentrarme por períodos moderados, pero presento algunas distracciones.","Bebidas energéticas, Multivitamínicos y Minerales, Proteína en polvo (Whey, Vegana, Caseína)",5,Ninguna en especial,7,Regular,Moderado,Moderado
22/4/2026 4:29:05,Grupo 8,"Castillo Castro, Rafael Adrián",Femenino,17,46,154,Ciencias de la Computación,3,5,4,13.7,Décimo,7,"Deportes aeróbicos (Correr, Nadar, Ciclismo)","En espacios públicos (parques, canchas, piscinas, etc.)",Colectiva,4,Bajo: Podía mantener una conversación larga o cantar sin ningún esfuerzo,Mañana,"Media: Tuve constancia por algunas semanas, pero con interrupciones frecuentes.",20,10,"Medio: Logro concentrarme por períodos moderados, pero presento algunas distracciones.","Bebidas energéticas, Bebidas rehidratantes, Multivitamínicos y Minerales, Proteína en polvo (Whey, Vegana, Caseína)",4,Alta en proteínas,5,Muy mala,Alto,Muy alto
22/4/2026 6:00:30,Grupo 5,"Arica Reyes, Ady Gabriela",Femenino,20,62,1.63,Ciencia de Datos,4,5,5,13.8,Tercio,3,"Entrenamiento en casa (Calistenia, Yoga, rutinas por video)",En casa,Individual,2,"Moderado: Podía hablar en frases cortas, pero me agitaba un poco y necesitaba respirar.",Noche,"Baja: Fui muy irregular, entrenando solo ocasionalmente.",29,28,Bajo: Me distraigo con facilidad y me cuesta mantener la atención durante el estudio.,Bebidas energéticas,4,Ninguna en especial,6,Regular,Muy alto,Muy alto
22/4/2026 6:12:34,Grupo 9,"Heredia Quispe, Gianella Alessandra",Masculino,19,68,174,Ingeniería Industrial,2,6,6,14.75,Tercio,6,"Deportes de equipo (Fútbol, Básquet, Vóley, etc.)","En espacios públicos (parques, canchas, piscinas, etc.)",Individual,6,"Moderado: Podía hablar en frases cortas, pero me agitaba un poco y necesitaba respirar.",Noche,"Media: Tuve constancia por algunas semanas, pero con interrupciones frecuentes.",26,12,"Medio: Logro concentrarme por períodos moderados, pero presento algunas distracciones.",Ninguno,4,Ninguna en especial,6,Regular,Bajo,Bajo
22/4/2026 6:45:02,Grupo 6,"Vargas Saravia, Daniela Alessandra",Masculino,20,77,1.75,Ingeniería Mecatrónica,3,7,5,13.27,Tercio medio,4,Gimnasio / Levantamiento de pesas,En casa,Individual,2,"Moderado: Podía hablar en frases cortas, pero me agitaba un poco y necesitaba respirar.",Noche,"Baja: Fui muy irregular, entrenando solo ocasionalmente.",17,10,"Medio: Logro concentrarme por períodos moderados, pero presento algunas distracciones.",Ninguno,4,Ninguna en especial,5,Mala,Moderado,Alto
22/4/2026 6:48:12,Grupo 9,"Heredia Quispe, Gianella Alessandra",Masculino,24,72,175,Ciencia de Datos,5,5,5,15,Quinto,7,"Entrenamiento en casa (Calistenia, Yoga, rutinas por video)",En gimnasio,Colectiva,6,"Moderado: Podía hablar en frases cortas, pero me agitaba un poco y necesitaba respirar.",Mañana,Alta: Mantuve mi rutina de manera estricta y constante todo el ciclo.,28,16,"Medio: Logro concentrarme por períodos moderados, pero presento algunas distracciones.",Multivitamínicos y Minerales,5,Ninguna en especial,6,Regular,Moderado,Alto
22/4/2026 7:01:48,Grupo 9,"Heredia Quispe, Gianella Alessandra",Masculino,18,68,169,Ingeniería Electrónica,2,7,7,16,Tercio inferior,5,"Deportes aeróbicos (Correr, Nadar, Ciclismo)","En espacios públicos (parques, canchas, piscinas, etc.)",Individual,5,"Moderado: Podía hablar en frases cortas, pero me agitaba un poco y necesitaba respirar.",Mañana,"Media: Tuve constancia por algunas semanas, pero con interrupciones frecuentes.",30,14,"Medio: Logro concentrarme por períodos moderados, pero presento algunas distracciones.",Ninguno,3,Ninguna en especial,7,Regular,Moderado,Bajo
22/4/2026 7:08:19,Grupo 8,"Castillo Castro, Rafael Adrián",Masculino,20,72.5,172,Sistemas de la Información,4,4,3,15.83,Tercio,4,Gimnasio / Levantamiento de pesas,En casa,Individual,2,Alto: Me faltaba el aliento rápido y apenas podía decir unas pocas palabras sin parar a tomar aire.,Mañana,Alta: Mantuve mi rutina de manera estricta y constante todo el ciclo.,21,33,Alto: Mantengo la concentración durante la mayor parte del tiempo sin distracciones significativas.,"Proteína en polvo (Whey, Vegana, Caseína)",3,Baja en carbohidratos,7,Buena,Moderado,Muy alto
22/4/2026 7:09:37,Grupo 4,"Obregon Carhuavilca, Alondra Solange",Masculino,18,64,1.66,Ciencias de la Computación,3,7,7,16.5,Tercio,4,Gimnasio / Levantamiento de pesas,En gimnasio,Individual,4,"Moderado: Podía hablar en frases cortas, pero me agitaba un poco y necesitaba respirar.",Tarde,"Media: Tuve constancia por algunas semanas, pero con interrupciones frecuentes.",32,8,"Medio: Logro concentrarme por períodos moderados, pero presento algunas distracciones.","Bebidas energéticas, Bebidas rehidratantes",4,Ninguna en especial,6,Regular,Moderado,Moderado
22/4/2026 7:19:50,Grupo 1,"FÉLIX MEDINA, ADRIÁN FERNANDO",Masculino,18,68,177,Ingeniería Mecatrónica,3,6,6,17.63,Décimo,5,Tenis,"En espacios públicos (parques, canchas, piscinas, etc.)",Colectiva,3,"Moderado: Podía hablar en frases cortas, pero me agitaba un poco y necesitaba respirar.",Noche,Alta: Mantuve mi rutina de manera estricta y constante todo el ciclo.,23,7,"Medio: Logro concentrarme por períodos moderados, pero presento algunas distracciones.",Ninguno,4,Ninguna en especial,8.2,Buena,Bajo,Bajo
22/4/2026 7:22:28,Grupo 9,"Heredia Quispe, Gianella Alessandra",Masculino,20,64.8,173,Ingeniría de la Energía,2,7,7,17.05,Décimo,3,"Deportes de equipo (Fútbol, Básquet, Vóley, etc.)",En instalaciones de la universidad,Colectiva,4,Bajo: Podía mantener una conversación larga o cantar sin ningún esfuerzo,Mañana,"Media: Tuve constancia por algunas semanas, pero con interrupciones frecuentes.",27,25,Alto: Mantengo la concentración durante la mayor parte del tiempo sin distracciones significativas.,Ninguno,3,Ninguna en especial,7,Muy buena,Moderado,Alto
22/4/2026 7:24:49,Grupo 4,"Obregon Carhuavilca, Alondra Solange",Masculino,19,67,168,Ciencias de la Computación,5,5,5,15.59,Tercio,5,"Deportes de equipo (Fútbol, Básquet, Vóley, etc.)",En instalaciones de la universidad,Colectiva,4,Alto: Me faltaba el aliento rápido y apenas podía decir unas pocas palabras sin parar a tomar aire.,Mañana,"Media: Tuve constancia por algunas semanas, pero con interrupciones frecuentes.",21,4,"Medio: Logro concentrarme por períodos moderados, pero presento algunas distracciones.",Multivitamínicos y Minerales,2,Lo que me ofrecía Don Mario (ceviche casi todos los días),7,Regular,Bajo,Alto
22/4/2026 7:29:37,Grupo 6,"Vargas Saravia, Daniela Alessandra",Femenino,18,57,165,Ingeniería Mecatrónica,3,6,4,11.46,Tercio inferior,0,No realizo actividad fisica,,,,,,,23,9,Bajo: Me distraigo con facilidad y me cuesta mantener la atención durante el estudio.,Bebidas energéticas,3,Ninguna en especial,6,Regular,Alto,Alto
22/4/2026 7:31:58,Grupo 5,"Arica Reyes, Ady Gabriela",Femenino,20,58,1.6,Ingeniería Mecánica,2,7,7,16,Quinto,1,"Entrenamiento en casa (Calistenia, Yoga, rutinas por video)",En casa,Individual,1,"Moderado: Podía hablar en frases cortas, pero me agitaba un poco y necesitaba respirar.",Tarde,"Baja: Fui muy irregular, entrenando solo ocasionalmente.",20,8,"Medio: Logro concentrarme por períodos moderados, pero presento algunas distracciones.",Ninguno,3,Ninguna en especial,7,Regular,Moderado,Alto
22/4/2026 7:36:50,Grupo 5,"Reyes Neyra, Mariel Azucena",Femenino,18,53,154,Sistemas de la Información,2,6,6,13,Tercio,4,Gimnasio / Levantamiento de pesas,En casa,Individual,2,"Moderado: Podía hablar en frases cortas, pero me agitaba un poco y necesitaba respirar.",Mañana,"Media: Tuve constancia por algunas semanas, pero con interrupciones frecuentes.",6,5,Alto: Mantengo la concentración durante la mayor parte del tiempo sin distracciones significativas.,Ninguno,5,Vegana,7,Mala,Moderado,Moderado
22/4/2026 7:40:26,Grupo 1,"FÉLIX MEDINA, ADRIÁN FERNANDO",Masculino,18,65,1.82,Ingeniería Mecatrónica,3,6,4,13.05,Tercio,1,"Deportes aeróbicos (Correr, Nadar, Ciclismo)",Otros,Individual,1,Bajo: Podía mantener una conversación larga o cantar sin ningún esfuerzo,Mañana,"Baja: Fui muy irregular, entrenando solo ocasionalmente.",18,20,"Medio: Logro concentrarme por períodos moderados, pero presento algunas distracciones.",Bebidas rehidratantes,3,Ninguna en especial,6,Regular,Bajo,Alto
22/4/2026 7:42:07,Grupo 4,"Obregon Carhuavilca, Alondra Solange",Prefiero no decirlo / Otro,18,70,175,Ingeniería Civil,3,8,8,19.52,Décimo,6,Artes marciales / Deportes de contacto,En casa,Individual,6,Bajo: Podía mantener una conversación larga o cantar sin ningún esfuerzo,Noche,"Media: Tuve constancia por algunas semanas, pero con interrupciones frecuentes.",40,8,Alto: Mantengo la concentración durante la mayor parte del tiempo sin distracciones significativas.,Ninguno,3,Alta en proteínas,4,Muy buena,Bajo,Moderado
22/4/2026 7:42:33,Grupo 4,"Heredia Quispe, Gianella Alessandra",Masculino,23,85,78,Ingeniería Mecatrónica,7,5,5,13.25,Tercio inferior,3,"Deportes de equipo (Fútbol, Básquet, Vóley, etc.)","En espacios públicos (parques, canchas, piscinas, etc.)",Colectiva,2,"Moderado: Podía hablar en frases cortas, pero me agitaba un poco y necesitaba respirar.",Noche,"Baja: Fui muy irregular, entrenando solo ocasionalmente.",16,8,Bajo: Me distraigo con facilidad y me cuesta mantener la atención durante el estudio.,Ninguno,3,Ninguna en especial,4,Regular,Bajo,Alto
22/4/2026 8:16:51,Grupo 3,"De la Cuba Palacios, Fabrizzio Alexander",Masculino,17,63,1.63,Ingeniería Mecatrónica,3,6,6,16.8,Décimo,3,"Deportes aeróbicos (Correr, Nadar, Ciclismo)","En espacios públicos (parques, canchas, piscinas, etc.)",Individual,2,Alto: Me faltaba el aliento rápido y apenas podía decir unas pocas palabras sin parar a tomar aire.,Noche,"Media: Tuve constancia por algunas semanas, pero con interrupciones frecuentes.",20,4,Bajo: Me distraigo con facilidad y me cuesta mantener la atención durante el estudio.,"Bebidas rehidratantes, Multivitamínicos y Minerales",4,Ninguna en especial,6.5,Buena,Moderado,Bajo
22/4/2026 8:17:15,Grupo 8,"Bances Núñez, Nadia Estefanía",Masculino,18,83,178,Ciencias de la Computación,3,6,6,16.1,Tercio,2,"Deportes aeróbicos (Correr, Nadar, Ciclismo)","En espacios públicos (parques, canchas, piscinas, etc.)",Individual,1,"Moderado: Podía hablar en frases cortas, pero me agitaba un poco y necesitaba respirar.",Tarde,"Baja: Fui muy irregular, entrenando solo ocasionalmente.",33,8,"Medio: Logro concentrarme por períodos moderados, pero presento algunas distracciones.",Ninguno,3,Ninguna en especial,5,Mala,Alto,Muy alto
22/4/2026 8:18:06,Grupo 9,"Heredia Quispe, Gianella Alessandra",Masculino,21,60,173,Ingeniería Mecánica,2,6,5,14.3,Tercio inferior,2,"Deportes de equipo (Fútbol, Básquet, Vóley, etc.)",En instalaciones de la universidad,Colectiva,1,Bajo: Podía mantener una conversación larga o cantar sin ningún esfuerzo,Mañana,"Baja: Fui muy irregular, entrenando solo ocasionalmente.",20,10,"Medio: Logro concentrarme por períodos moderados, pero presento algunas distracciones.",Ninguno,4,Ninguna en especial,6,Regular,Alto,Alto
22/4/2026 8:21:04,Grupo 3,"Lopez Cueto, Camila Alejandra",Masculino,23,74,181,Ingeniería Mecánica,2,7,7,18,Décimo,3,"Deportes de equipo (Fútbol, Básquet, Vóley, etc.)",En gimnasio,Colectiva,2,Alto: Me faltaba el aliento rápido y apenas podía decir unas pocas palabras sin parar a tomar aire.,Noche,"Media: Tuve constancia por algunas semanas, pero con interrupciones frecuentes.",14,2,Bajo: Me distraigo con facilidad y me cuesta mantener la atención durante el estudio.,Ninguno,4,Ninguna en especial,6,Regular,Alto,Muy alto
22/4/2026 8:23:40,Grupo 7,"Burgos Ochoa, Jeseph Imanol",Masculino,18,64,170,Ciencias de la Computación,3,6,6,19.02,Décimo,4,"Deportes de equipo (Fútbol, Básquet, Vóley, etc.)","En espacios públicos (parques, canchas, piscinas, etc.)",Colectiva,2,"Moderado: Podía hablar en frases cortas, pero me agitaba un poco y necesitaba respirar.",Noche,"Baja: Fui muy irregular, entrenando solo ocasionalmente.",32,20,Alto: Mantengo la concentración durante la mayor parte del tiempo sin distracciones significativas.,Ninguno,3,Ninguna en especial,6,Buena,Moderado,Alto
22/4/2026 8:32:02,Grupo 7,"Rosales Esteban, Antony Yonel",Masculino,18,70,176,Ciencia de Datos,3,6,4,11.45,Quinto,2,Gimnasio / Levantamiento de pesas,En gimnasio,Individual,2,Bajo: Podía mantener una conversación larga o cantar sin ningún esfuerzo,Noche,"Baja: Fui muy irregular, entrenando solo ocasionalmente.",12,4,Bajo: Me distraigo con facilidad y me cuesta mantener la atención durante el estudio.,Bebidas energéticas,1,Ninguna en especial,4,Mala,Alto,Muy alto
22/4/2026 8:33:09,Grupo 3,"De la Cuba Palacios, Fabrizzio Alexander",Masculino,18,91,1.8,Bioingeniería,2,4,4,20,Tercio medio,40,Gimnasio / Levantamiento de pesas,En gimnasio,Individual,7,"Moderado: Podía hablar en frases cortas, pero me agitaba un poco y necesitaba respirar.",Noche,Alta: Mantuve mi rutina de manera estricta y constante todo el ciclo.,0,30,Alto: Mantengo la concentración durante la mayor parte del tiempo sin distracciones significativas.,"Bebidas energéticas, Polvos Pre-Entreno, Proteína en polvo (Whey, Vegana, Caseína)",3,Alta en proteínas,8,Regular,Alto,Moderado
22/4/2026 8:33:46,Grupo 2,"Manrique Romero, Oriana Manuela Fe",Femenino,20,78,181,Ciencias de la Computación,3,6,4,12.53,Tercio inferior,4,Gimnasio / Levantamiento de pesas,En gimnasio,Individual,3,"Moderado: Podía hablar en frases cortas, pero me agitaba un poco y necesitaba respirar.",Mañana,"Media: Tuve constancia por algunas semanas, pero con interrupciones frecuentes.",22,8,"Medio: Logro concentrarme por períodos moderados, pero presento algunas distracciones.",Ninguno,4,Ninguna en especial,6,Regular,Alto,Muy alto
22/4/2026 8:35:04,Grupo 3,"De la Cuba Palacios, Fabrizzio Alexander",Femenino,23,42,160,Ingeniería Química,8,5,5,15.89,Quinto,3,"Entrenamiento en casa (Calistenia, Yoga, rutinas por video)",En casa,Individual,2,Bajo: Podía mantener una conversación larga o cantar sin ningún esfuerzo,Noche,"Media: Tuve constancia por algunas semanas, pero con interrupciones frecuentes.",20,8,"Medio: Logro concentrarme por períodos moderados, pero presento algunas distracciones.",Ninguno,3,Ninguna en especial,6,Regular,Moderado,Alto
22/4/2026 8:35:08,Grupo 3,"De la Cuba Palacios, Fabrizzio Alexander",Masculino,19,65,173,Ingeniería Química,3,6,6,14.5,Tercio medio,0,No realizo actividad fisica,,,,,,,14,8,"Medio: Logro concentrarme por períodos moderados, pero presento algunas distracciones.",Bebidas energéticas,3,Ninguna en especial,6,Mala,Moderado,Moderado
22/4/2026 8:44:00,Grupo 3,"De la Cuba Palacios, Fabrizzio Alexander",Femenino,21,53,1.53,Ingeniería Química,10,7,7,16.8,Décimo,10,"Deportes aeróbicos (Correr, Nadar, Ciclismo)","En espacios públicos (parques, canchas, piscinas, etc.)",Individual,3,"Moderado: Podía hablar en frases cortas, pero me agitaba un poco y necesitaba respirar.",Tarde,"Media: Tuve constancia por algunas semanas, pero con interrupciones frecuentes.",15,8,"Medio: Logro concentrarme por períodos moderados, pero presento algunas distracciones.",Ninguno,3,Ninguna en especial,7,Buena,Bajo,Moderado
22/4/2026 8:47:54,Grupo 7,"Burgos Ochoa, Jeseph Imanol",Masculino,18,78,175,Bioingeniería,3,7,7,18.32,Décimo,20,"Deportes de equipo (Fútbol, Básquet, Vóley, etc.)",En instalaciones de la universidad,Colectiva,1,"Moderado: Podía hablar en frases cortas, pero me agitaba un poco y necesitaba respirar.",Tarde,"Baja: Fui muy irregular, entrenando solo ocasionalmente.",24,30,"Medio: Logro concentrarme por períodos moderados, pero presento algunas distracciones.",Ninguno,4,Ninguna en especial,6,Mala,Moderado,Muy alto
22/4/2026 8:58:48,Grupo 2,"Manrique Romero, Oriana Manuela Fe",Femenino,20,65,1.61,Ciencia de Datos,3,6,5,12.45,Décimo,0,No realizo actividad fisica,,,,,,,16,9,"Medio: Logro concentrarme por períodos moderados, pero presento algunas distracciones.",Ninguno,3,Ninguna en especial,6,Regular,Alto,Muy alto
22/4/2026 9:06:43,Grupo 1,"Canepa Noya, Doménico",Masculino,18,60,164,Ingeniería Mecatrónica,3,7,6,13.2,Tercio inferior,5,"Deportes aeróbicos (Correr, Nadar, Ciclismo)","En espacios públicos (parques, canchas, piscinas, etc.)",Individual,5,"Moderado: Podía hablar en frases cortas, pero me agitaba un poco y necesitaba respirar.",Mañana,"Media: Tuve constancia por algunas semanas, pero con interrupciones frecuentes.",28,5,Bajo: Me distraigo con facilidad y me cuesta mantener la atención durante el estudio.,Ninguno,3,Ninguna en especial,8,Regular,Alto,Alto
22/4/2026 9:11:16,Grupo 8,"Castillo Castro, Rafael Adrián",Femenino,18,64,159,Ingeniría de la Energía,3,5,4,17.86,Décimo,10,Gimnasio / Levantamiento de pesas,En gimnasio,Individual,5,"Moderado: Podía hablar en frases cortas, pero me agitaba un poco y necesitaba respirar.",Tarde,Alta: Mantuve mi rutina de manera estricta y constante todo el ciclo.,17,50,"Medio: Logro concentrarme por períodos moderados, pero presento algunas distracciones.","Bebidas energéticas, Proteína en polvo (Whey, Vegana, Caseína)",5,Alta en proteínas,6,Regular,Alto,Alto
22/4/2026 9:11:46,Grupo 7,"Burgos Ochoa, Jeseph Imanol",Masculino,21,74,173,Ciencias de la Computación,6,4,4,18,Quinto,3,No realizo actividad fisica,,,,,,,48,21,"Medio: Logro concentrarme por períodos moderados, pero presento algunas distracciones.","Bebidas energéticas, Multivitamínicos y Minerales",5,Ninguna en especial,6,Mala,Moderado,Alto
22/4/2026 9:12:05,Grupo 8,"Villalobos Carlos, Daniel Davis",Masculino,20,80,168,Ciencias de la Computación,3,6,6,16.03,Tercio,12,"Entrenamiento en casa (Calistenia, Yoga, rutinas por video)",En casa,Individual,6,"Moderado: Podía hablar en frases cortas, pero me agitaba un poco y necesitaba respirar.",Mañana,"Media: Tuve constancia por algunas semanas, pero con interrupciones frecuentes.",29,14,"Medio: Logro concentrarme por períodos moderados, pero presento algunas distracciones.","Bebidas energéticas, Bebidas rehidratantes",4,Ninguna en especial,7,Regular,Moderado,Moderado
22/4/2026 9:12:12,Grupo 6,Diego Alonso Barturen Torres,Masculino,18,70,183,Ingeniería Civil,3,6,6,15,Tercio,8,Gimnasio / Levantamiento de pesas,En gimnasio,Individual,4,Alto: Me faltaba el aliento rápido y apenas podía decir unas pocas palabras sin parar a tomar aire.,Noche,Alta: Mantuve mi rutina de manera estricta y constante todo el ciclo.,24,6,"Medio: Logro concentrarme por períodos moderados, pero presento algunas distracciones.","Proteína en polvo (Whey, Vegana, Caseína), Creatina",3,Ninguna en especial,6,Regular,Alto,Muy alto
22/4/2026 9:12:18,Grupo 5,"Arica Reyes, Ady Gabriela",Femenino,24,65,162,Bioingeniería,10,7,7,16,Tercio,0,No realizo actividad fisica,,,,,,,27,20,Bajo: Me distraigo con facilidad y me cuesta mantener la atención durante el estudio.,Ninguno,7,Baja en carbohidratos,6,Regular,Alto,Alto
22/4/2026 9:13:54,Grupo 7,"Arica Reyes, Ady Gabriela",Femenino,18,67,163,Bioingeniería,3,7,7,15,Tercio,3,Danza,Otros,Colectiva,3,"Moderado: Podía hablar en frases cortas, pero me agitaba un poco y necesitaba respirar.",Tarde,"Media: Tuve constancia por algunas semanas, pero con interrupciones frecuentes.",5,6,"Medio: Logro concentrarme por períodos moderados, pero presento algunas distracciones.",Bebidas rehidratantes,4,Ninguna en especial,5,Regular,Alto,Alto
22/4/2026 9:24:29,Grupo 3,"De la Cuba Palacios, Fabrizzio Alexander",Femenino,18,70,1.65,Ingeniería Química,2,7,7,16.1,Quinto,0,No realizo actividad fisica,,,,,,,30,6,"Medio: Logro concentrarme por períodos moderados, pero presento algunas distracciones.",Multivitamínicos y Minerales,4,Ninguna en especial,5,Regular,Moderado,Alto
22/4/2026 9:25:10,Grupo 9,"Lam Nishiyama, Gustavo Antonio Leng",Masculino,18,56,165,Ingeniería Mecánica,2,6,6,18.65,Décimo,0,No realizo actividad fisica,,,,,,,24,4,Alto: Mantengo la concentración durante la mayor parte del tiempo sin distracciones significativas.,Ninguno,3,Ninguna en especial,9,Muy buena,Moderado,Moderado
22/4/2026 9:30:39,Grupo 9,"Heredia Quispe, Gianella Alessandra",Masculino,18,67,178,Ingeniería Industrial,3,3,3,13.79,Tercio medio,12,"Deportes de equipo (Fútbol, Básquet, Vóley, etc.)","En espacios públicos (parques, canchas, piscinas, etc.)",Colectiva,6,"Moderado: Podía hablar en frases cortas, pero me agitaba un poco y necesitaba respirar.",Noche,Alta: Mantuve mi rutina de manera estricta y constante todo el ciclo.,9,14,"Medio: Logro concentrarme por períodos moderados, pero presento algunas distracciones.","Bebidas rehidratantes, Creatina",5,Alta en proteínas,7,Regular,Moderado,Alto
22/4/2026 9:33:27,Grupo 9,"Heredia Quispe, Gianella Alessandra",Femenino,19,58,153,Ingeniería Industrial,2,7,7,16.25,Tercio,5,"Deportes aeróbicos (Correr, Nadar, Ciclismo)","En espacios públicos (parques, canchas, piscinas, etc.)",Individual,2,"Moderado: Podía hablar en frases cortas, pero me agitaba un poco y necesitaba respirar.",Noche,"Baja: Fui muy irregular, entrenando solo ocasionalmente.",25,20,"Medio: Logro concentrarme por períodos moderados, pero presento algunas distracciones.",Ninguno,2,Ninguna en especial,5,Regular,Moderado,Moderado
22/4/2026 9:33:59,Grupo 1,"Lopez Cueto, Camila Alejandra",Femenino,18,50,153,Ingeniería Química,2,7,7,17.35,Décimo,2,"Entrenamiento en casa (Calistenia, Yoga, rutinas por video)",En casa,Individual,2,Bajo: Podía mantener una conversación larga o cantar sin ningún esfuerzo,Noche,"Baja: Fui muy irregular, entrenando solo ocasionalmente.",20,12,"Medio: Logro concentrarme por períodos moderados, pero presento algunas distracciones.",Bebidas energéticas,4,Ninguna en especial,6,Regular,Moderado,Bajo
22/4/2026 9:38:35,Grupo 1,"Lopez Cueto, Camila Alejandra",Masculino,18,64,171,Ingeniería Mecánica,2,7,7,16.35,Quinto,0,No realizo actividad fisica,,,,,,,20,0.1,Bajo: Me distraigo con facilidad y me cuesta mantener la atención durante el estudio.,Ninguno,3,Ninguna en especial,7,Regular,Muy bajo,Bajo
22/4/2026 9:43:32,Grupo 9,"Lam Nishiyama, Gustavo Antonio Leng",Masculino,18,69,170,Ingeniería Mecánica,2,7,7,17.15,Décimo,5,Tenis de mesa y atletismo,"En espacios públicos (parques, canchas, piscinas, etc.)",Individual,3,"Moderado: Podía hablar en frases cortas, pero me agitaba un poco y necesitaba respirar.",Tarde,"Media: Tuve constancia por algunas semanas, pero con interrupciones frecuentes.",25,14,Alto: Mantengo la concentración durante la mayor parte del tiempo sin distracciones significativas.,Ninguno,4,Ninguna en especial,8,Muy buena,Moderado,Moderado
22/4/2026 9:44:47,Grupo 7,"Sanchez Romero, Luis Fabian",Masculino,19,72,165,Ciencias de la Computación,3,6,6,15,Quinto,0.5,Algunos calentamientos para caminatas de 15 a 20 minutos,"En espacios públicos (parques, canchas, piscinas, etc.)",Individual,1,Bajo: Podía mantener una conversación larga o cantar sin ningún esfuerzo,Mañana,"Baja: Fui muy irregular, entrenando solo ocasionalmente.",27,2,Bajo: Me distraigo con facilidad y me cuesta mantener la atención durante el estudio.,"Bebidas rehidratantes, Gaseosas",4,Ninguna en especial,7,Mala,Moderado,Alto
22/4/2026 9:46:08,Grupo 3,"De la Cuba Palacios, Fabrizzio Alexander",Masculino,18,85,168,Ingeniería Química,3,6,4,13.1,Tercio medio,8,Gimnasio / Levantamiento de pesas,En gimnasio,Individual,4,"Moderado: Podía hablar en frases cortas, pero me agitaba un poco y necesitaba respirar.",Mañana,"Media: Tuve constancia por algunas semanas, pero con interrupciones frecuentes.",23,19,"Medio: Logro concentrarme por períodos moderados, pero presento algunas distracciones.",Bebidas energéticas,4,Ninguna en especial,5,Mala,Alto,Alto
22/4/2026 9:49:42,Grupo 2,"Manrique Romero, Oriana Manuela Fe",Femenino,18,58,154,Ciencias de la Computación,3,6,4,15.55,Tercio,0,No realizo actividad fisica,,,,,,,26,8,Bajo: Me distraigo con facilidad y me cuesta mantener la atención durante el estudio.,Bebidas energéticas,2,Ninguna en especial,7,Regular,Moderado,Moderado
22/4/2026 9:53:55,Grupo 9,"Heredia Quispe, Gianella Alessandra",Masculino,18,61,176,Ingeniría de la Energía,3,5,6,13.8,Tercio inferior,1,"Deportes de equipo (Fútbol, Básquet, Vóley, etc.)","En espacios públicos (parques, canchas, piscinas, etc.)",Individual,1,"Moderado: Podía hablar en frases cortas, pero me agitaba un poco y necesitaba respirar.",Tarde,"Baja: Fui muy irregular, entrenando solo ocasionalmente.",24,15,"Medio: Logro concentrarme por períodos moderados, pero presento algunas distracciones.",Ninguno,3,Ninguna en especial,5,Mala,Muy alto,Muy alto
22/4/2026 9:56:21,Grupo 3,"De la Cuba Palacios, Fabrizzio Alexander",Prefiero no decirlo / Otro,19,68,166,Ingeniería Mecatrónica,3,5,4,13.53,Tercio inferior,2,Artes marciales / Deportes de contacto,En casa,Colectiva,1,"Moderado: Podía hablar en frases cortas, pero me agitaba un poco y necesitaba respirar.",Noche,"Baja: Fui muy irregular, entrenando solo ocasionalmente.",21,20,Bajo: Me distraigo con facilidad y me cuesta mantener la atención durante el estudio.,Ninguno,3,Ninguna en especial,4,Muy mala,Alto,Muy alto
22/4/2026 9:56:31,Grupo 6,Diego Alonso Barturen Torres,Masculino,19,55,1.69,Ingeniería Civil,3,6,5,14,Tercio,0,No realizo actividad fisica,,,,,,,8,8,"Medio: Logro concentrarme por períodos moderados, pero presento algunas distracciones.",Ninguno,4,Ninguna en especial,6,Regular,Moderado,Moderado
22/4/2026 9:58:33,Grupo 7,"Rosales Esteban, Antony Yonel",Masculino,18,65,1.68,Ciencias de la Computación,3,7,7,16.98,Quinto,2,No realizo actividad fisica,,,,,,,25,8,"Medio: Logro concentrarme por períodos moderados, pero presento algunas distracciones.",Ninguno,3,Ninguna en especial,6,Mala,Moderado,Moderado
22/4/2026 9:58:47,Grupo 6,Diego Alonso Barturen Torres,Masculino,18,65,167,Ingeniería Civil,3,6,6,15.1,Quinto,10,Gimnasio / Levantamiento de pesas,En gimnasio,Individual,5,"Moderado: Podía hablar en frases cortas, pero me agitaba un poco y necesitaba respirar.",Tarde,"Media: Tuve constancia por algunas semanas, pero con interrupciones frecuentes.",16,8,"Medio: Logro concentrarme por períodos moderados, pero presento algunas distracciones.","Proteína en polvo (Whey, Vegana, Caseína), Creatina",5,Alta en proteínas,6,Regular,Moderado,Moderado
22/4/2026 10:02:06,Grupo 2,"Manrique Romero, Oriana Manuela Fe",Masculino,22,105,185,Ciencias de la Computación,Más de 10,4,4,15,Tercio,1,"Deportes de equipo (Fútbol, Básquet, Vóley, etc.)",Otros,Colectiva,1,Bajo: Podía mantener una conversación larga o cantar sin ningún esfuerzo,Noche,"Baja: Fui muy irregular, entrenando solo ocasionalmente.",8,5,"Medio: Logro concentrarme por períodos moderados, pero presento algunas distracciones.",Ninguno,4,Ninguna en especial,6,Mala,Muy bajo,Muy alto
22/4/2026 10:02:11,Grupo 4,"Gamboa Sánchez, Guillermo Valentino",Masculino,19,60,1.61,Ciencias de la Computación,3,5,5,18.39,Décimo,2,No realizo actividad fisica,,,,,,,15,15,"Medio: Logro concentrarme por períodos moderados, pero presento algunas distracciones.","Bebidas rehidratantes, Multivitamínicos y Minerales",4,Ninguna en especial,6,Regular,Moderado,Alto
22/4/2026 10:02:39,Grupo 4,"Obregon Carhuavilca, Alondra Solange",Femenino,20,70,1.71,Ciencia de Datos,7,5,4,14.56,Tercio,5,"Deportes de equipo (Fútbol, Básquet, Vóley, etc.)",En gimnasio,Individual,3,"Moderado: Podía hablar en frases cortas, pero me agitaba un poco y necesitaba respirar.",Tarde,"Media: Tuve constancia por algunas semanas, pero con interrupciones frecuentes.",26,10,"Medio: Logro concentrarme por períodos moderados, pero presento algunas distracciones.","Bebidas energéticas, Bebidas rehidratantes",4,Ninguna en especial,5,Mala,Muy alto,Muy alto
22/4/2026 10:04:04,Grupo 6,Diego Alonso Barturen Torres,Masculino,18,76,1.69,Ingeniería Civil,3,7,5,12.7,Tercio inferior,0,No realizo actividad fisica,,,,,,,24,10,Bajo: Me distraigo con facilidad y me cuesta mantener la atención durante el estudio.,Ninguno,2,Ninguna en especial,6,Mala,Alto,Alto
22/4/2026 10:04:33,Grupo 9,"Heredia Quispe, Gianella Alessandra",Masculino,18,64,162,Ingeniería Mecánica,2,7,7,16.5,Tercio,4,"Entrenamiento en casa (Calistenia, Yoga, rutinas por video)",En casa,Individual,2,Alto: Me faltaba el aliento rápido y apenas podía decir unas pocas palabras sin parar a tomar aire.,Tarde,"Baja: Fui muy irregular, entrenando solo ocasionalmente.",28,15,"Medio: Logro concentrarme por períodos moderados, pero presento algunas distracciones.",Ninguno,3,Ninguna en especial,7,Buena,Alto,Moderado
22/4/2026 10:04:44,Grupo 4,"Gamboa Sánchez, Guillermo Valentino",Femenino,19,55,160,Sistemas de la Información,5,5,3,12.5,Tercio medio,2,Artes marciales / Deportes de contacto,En instalaciones de la universidad,Colectiva,1,"Moderado: Podía hablar en frases cortas, pero me agitaba un poco y necesitaba respirar.",Tarde,"Baja: Fui muy irregular, entrenando solo ocasionalmente.",26,3,Bajo: Me distraigo con facilidad y me cuesta mantener la atención durante el estudio.,"Bebidas energéticas, Ninguno",5,Ninguna en especial,6,Mala,Muy alto,Muy alto
22/4/2026 10:05:17,Grupo 4,"Gamboa Sánchez, Guillermo Valentino",Masculino,18,64,175,Sistemas de la Información,5,6,6,15.1,Tercio,10,"Entrenamiento en casa (Calistenia, Yoga, rutinas por video)",En casa,Individual,5,Bajo: Podía mantener una conversación larga o cantar sin ningún esfuerzo,Tarde,"Media: Tuve constancia por algunas semanas, pero con interrupciones frecuentes.",28,16,Bajo: Me distraigo con facilidad y me cuesta mantener la atención durante el estudio.,Ninguno,4,Ninguna en especial,6,Regular,Alto,Muy alto
22/4/2026 10:05:42,Grupo 6,Diego Alonso Barturen Torres,Masculino,18,65,167,Ingeniería Civil,3,5,5,13,Tercio inferior,4,"Deportes de equipo (Fútbol, Básquet, Vóley, etc.)",En casa,Individual,3,"Moderado: Podía hablar en frases cortas, pero me agitaba un poco y necesitaba respirar.",Tarde,"Media: Tuve constancia por algunas semanas, pero con interrupciones frecuentes.",12,5,"Medio: Logro concentrarme por períodos moderados, pero presento algunas distracciones.",Ninguno,4,Ninguna en especial,7,Buena,Moderado,Moderado
22/4/2026 10:07:10,Grupo 4,"Gamboa Sánchez, Guillermo Valentino",Masculino,18,78,1.71,Sistemas de la Información,3,6,4,12.8,Quinto,5,"Deportes de equipo (Fútbol, Básquet, Vóley, etc.)",En gimnasio,Colectiva,3,"Moderado: Podía hablar en frases cortas, pero me agitaba un poco y necesitaba respirar.",Noche,"Baja: Fui muy irregular, entrenando solo ocasionalmente.",24,5,"Medio: Logro concentrarme por períodos moderados, pero presento algunas distracciones.",Ninguno,4,Ninguna en especial,7,Regular,Alto,Moderado
22/4/2026 10:08:34,Grupo 6,Diego Alonso Barturen Torres,Masculino,19,86,175,Ingeniería Civil,3,5,3,12.55,Tercio inferior,2,"Deportes de equipo (Fútbol, Básquet, Vóley, etc.)",En instalaciones de la universidad,Colectiva,3,"Moderado: Podía hablar en frases cortas, pero me agitaba un poco y necesitaba respirar.",Tarde,Alta: Mantuve mi rutina de manera estricta y constante todo el ciclo.,18,18,"Medio: Logro concentrarme por períodos moderados, pero presento algunas distracciones.",Ninguno,3,Ninguna en especial,6,Regular,Moderado,Alto
22/4/2026 10:09:05,Grupo 6,Diego Alonso Barturen Torres,Masculino,18,74.2,165,Ingeniería Civil,3,6,4,13.4,Tercio inferior,18,Gimnasio / Levantamiento de pesas,En gimnasio,Individual,5,"Moderado: Podía hablar en frases cortas, pero me agitaba un poco y necesitaba respirar.",Mañana,"Media: Tuve constancia por algunas semanas, pero con interrupciones frecuentes.",45,17,"Medio: Logro concentrarme por períodos moderados, pero presento algunas distracciones.","Bebidas energéticas, Multivitamínicos y Minerales, Polvos Pre-Entreno, Proteína en polvo (Whey, Vegana, Caseína)",6,Alta en proteínas,7,Regular,Alto,Alto
22/4/2026 10:09:13,Grupo 7,"Burgos Ochoa, Jeseph Imanol",Masculino,19,65,163,Ciencias de la Computación,5,6,6,17.7,Quinto,2,"Entrenamiento en casa (Calistenia, Yoga, rutinas por video)","En espacios públicos (parques, canchas, piscinas, etc.)",Individual,2,"Moderado: Podía hablar en frases cortas, pero me agitaba un poco y necesitaba respirar.",Mañana,"Media: Tuve constancia por algunas semanas, pero con interrupciones frecuentes.",20,20,"Medio: Logro concentrarme por períodos moderados, pero presento algunas distracciones.",Ninguno,4,Vegetariana,7,Regular,Moderado,Bajo
22/4/2026 10:11:22,Grupo 2,"FÉLIX MEDINA, ADRIÁN FERNANDO",Masculino,19,70,1.81,Bioingeniería,5,3,3,9.8,Décimo,2,"Deportes de equipo (Fútbol, Básquet, Vóley, etc.)","En espacios públicos (parques, canchas, piscinas, etc.)",Colectiva,3,Alto: Me faltaba el aliento rápido y apenas podía decir unas pocas palabras sin parar a tomar aire.,Noche,Alta: Mantuve mi rutina de manera estricta y constante todo el ciclo.,3,3,"Medio: Logro concentrarme por períodos moderados, pero presento algunas distracciones.","Bebidas rehidratantes, Agua ",5,Ninguna en especial,7,Regular,Alto,Alto
22/4/2026 10:12:54,Grupo 2,"Manrique Romero, Oriana Manuela Fe",Masculino,18,56,161,Ciencias de la Computación,3,6,4,14,Décimo,4,"Deportes de equipo (Fútbol, Básquet, Vóley, etc.)","En espacios públicos (parques, canchas, piscinas, etc.)",Individual,3,"Moderado: Podía hablar en frases cortas, pero me agitaba un poco y necesitaba respirar.",Tarde,Alta: Mantuve mi rutina de manera estricta y constante todo el ciclo.,50,6,"Medio: Logro concentrarme por períodos moderados, pero presento algunas distracciones.","Bebidas energéticas, Creatina",5,Alta en proteínas,5,Muy mala,Alto,Muy alto
22/4/2026 10:13:30,Grupo 2,"Manrique Romero, Oriana Manuela Fe",Femenino,19,62,159,Ciencias de la Computación,3,6,5,13.7,Tercio,10,"Deportes de equipo (Fútbol, Básquet, Vóley, etc.)","En espacios públicos (parques, canchas, piscinas, etc.)",Colectiva,3,Bajo: Podía mantener una conversación larga o cantar sin ningún esfuerzo,Noche,Alta: Mantuve mi rutina de manera estricta y constante todo el ciclo.,5,30,"Medio: Logro concentrarme por períodos moderados, pero presento algunas distracciones.",Ninguno,3,Baja en carbohidratos,6,Regular,Muy alto,Moderado
22/4/2026 10:14:50,Grupo 4,"Gamboa Sánchez, Guillermo Valentino",Masculino,18,50,1.67,Sistemas de la Información,3,6,6,16.95,Décimo,2,"Deportes de equipo (Fútbol, Básquet, Vóley, etc.)","En espacios públicos (parques, canchas, piscinas, etc.)",Colectiva,1,"Moderado: Podía hablar en frases cortas, pero me agitaba un poco y necesitaba respirar.",Tarde,"Baja: Fui muy irregular, entrenando solo ocasionalmente.",20,10,"Medio: Logro concentrarme por períodos moderados, pero presento algunas distracciones.",Ninguno,4,Ninguna en especial,7,Mala,Alto,Alto
22/4/2026 10:15:54,Grupo 7,"Burgos Ochoa, Jeseph Imanol",Masculino,18,65,170,Ingeniería Mecatrónica,2,7,7,16.05,Quinto,1,"Entrenamiento en casa (Calistenia, Yoga, rutinas por video)",En casa,Individual,2,Bajo: Podía mantener una conversación larga o cantar sin ningún esfuerzo,Mañana,"Baja: Fui muy irregular, entrenando solo ocasionalmente.",23,16,"Medio: Logro concentrarme por períodos moderados, pero presento algunas distracciones.",Ninguno,3,Ninguna en especial,7,Regular,Moderado,Moderado
22/4/2026 10:16:55,Grupo 6,Diego Alonso Barturen Torres,Femenino,19,75,1.63,Ingeniería Civil,2,6,6,13,Tercio inferior,8,"Deportes aeróbicos (Correr, Nadar, Ciclismo)","En espacios públicos (parques, canchas, piscinas, etc.)",Individual,3,Bajo: Podía mantener una conversación larga o cantar sin ningún esfuerzo,Tarde,"Baja: Fui muy irregular, entrenando solo ocasionalmente.",30,20,"Medio: Logro concentrarme por períodos moderados, pero presento algunas distracciones.",Bebidas energéticas,5,Ninguna en especial,6,Muy mala,Moderado,Bajo
22/4/2026 10:17:21,Grupo 6,Diego Alonso Barturen Torres,Masculino,18,53,170,Ingeniería Civil,3,6,6,15,Tercio,4,"Deportes de equipo (Fútbol, Básquet, Vóley, etc.)",Otros,Individual,3,"Moderado: Podía hablar en frases cortas, pero me agitaba un poco y necesitaba respirar.",Noche,"Media: Tuve constancia por algunas semanas, pero con interrupciones frecuentes.",26,6,Alto: Mantengo la concentración durante la mayor parte del tiempo sin distracciones significativas.,Ninguno,3,Baja en lácteos y grasas saturadas,5,Mala,Alto,Alto
22/4/2026 10:19:13,Grupo 9,"Lam Nishiyama, Gustavo Antonio Leng",Masculino,18,64,1.73,Ingeniería Industrial,3,6,6,15,Tercio medio,12,"Deportes de equipo (Fútbol, Básquet, Vóley, etc.)",En gimnasio,Colectiva,6,"Moderado: Podía hablar en frases cortas, pero me agitaba un poco y necesitaba respirar.",Noche,"Media: Tuve constancia por algunas semanas, pero con interrupciones frecuentes.",14,14,"Medio: Logro concentrarme por períodos moderados, pero presento algunas distracciones.","Bebidas energéticas, Polvos Pre-Entreno, Creatina",5,Ninguna en especial,5,Regular,Alto,Alto
22/4/2026 10:19:33,Grupo 4,"Solis Cordova, Pedro Nicolas",Masculino,18,69,171,Sistemas de la Información,3,6,6,15.75,Tercio,5,"Deportes de equipo (Fútbol, Básquet, Vóley, etc.)","En espacios públicos (parques, canchas, piscinas, etc.)",Colectiva,3,"Moderado: Podía hablar en frases cortas, pero me agitaba un poco y necesitaba respirar.",Mañana,"Media: Tuve constancia por algunas semanas, pero con interrupciones frecuentes.",20,7,Alto: Mantengo la concentración durante la mayor parte del tiempo sin distracciones significativas.,Ninguno,4,Ninguna en especial,8,Regular,Moderado,Bajo
22/4/2026 10:23:29,Grupo 9,"Lam Nishiyama, Gustavo Antonio Leng",Masculino,18,72,1.75,Ingeniería Mecánica,2,6,6,16.65,Quinto,0,No realizo actividad fisica,,,,,,,27,4,"Medio: Logro concentrarme por períodos moderados, pero presento algunas distracciones.",Ninguno,4,Ninguna en especial,5,Mala,Moderado,Moderado
22/4/2026 10:25:13,Grupo 5,"Portal Ruiz, Axel Roberth",Masculino,18,68,170,Ciencia de Datos,3,8,8,17.65,Décimo,0,No realizo actividad fisica,,,,,,,40,6,"Medio: Logro concentrarme por períodos moderados, pero presento algunas distracciones.",Ninguno,4,Ninguna en especial,7,Buena,Bajo,Bajo
22/4/2026 10:25:32,Grupo 9,"Heredia Quispe, Gianella Alessandra",Masculino,17,55,1.66,Ingeniería Industrial,3,6,6,15,Tercio medio,1,"Deportes aeróbicos (Correr, Nadar, Ciclismo)","En espacios públicos (parques, canchas, piscinas, etc.)",Individual,2,"Moderado: Podía hablar en frases cortas, pero me agitaba un poco y necesitaba respirar.",Mañana,"Baja: Fui muy irregular, entrenando solo ocasionalmente.",25,4,"Medio: Logro concentrarme por períodos moderados, pero presento algunas distracciones.",Bebidas rehidratantes,4,Ninguna en especial,6,Regular,Alto,Moderado
22/4/2026 10:25:53,Grupo 4,"Cueva Loayza, Dayron Saiyuk",Masculino,23,65,170,Ingeniería Electrónica,7,6,5,13,Tercio inferior,4,"Deportes aeróbicos (Correr, Nadar, Ciclismo)",Otros,Individual,7,"Moderado: Podía hablar en frases cortas, pero me agitaba un poco y necesitaba respirar.",Mañana,"Media: Tuve constancia por algunas semanas, pero con interrupciones frecuentes.",12,7,"Medio: Logro concentrarme por períodos moderados, pero presento algunas distracciones.",Ninguno,3,Ninguna en especial,6,Regular,Alto,Alto
22/4/2026 10:28:34,Grupo 4,"Cueva Loayza, Dayron Saiyuk",Masculino,19,85,182,Ingeniería Mecatrónica,5,5,5,17.4,Décimo,3,"Deportes de equipo (Fútbol, Básquet, Vóley, etc.)","En espacios públicos (parques, canchas, piscinas, etc.)",Colectiva,1,"Moderado: Podía hablar en frases cortas, pero me agitaba un poco y necesitaba respirar.",Noche,"Baja: Fui muy irregular, entrenando solo ocasionalmente.",22,16,"Medio: Logro concentrarme por períodos moderados, pero presento algunas distracciones.",Ninguno,3,Ninguna en especial,7,Buena,Moderado,Moderado
22/4/2026 10:29:16,Grupo 2,"Rojas Meza, Kiara Luz",Femenino,19,60,160,Ingeniería Industrial,3,6,6,17.85,Décimo,5,Gimnasio / Levantamiento de pesas,En gimnasio,Individual,2,"Moderado: Podía hablar en frases cortas, pero me agitaba un poco y necesitaba respirar.",Tarde,"Media: Tuve constancia por algunas semanas, pero con interrupciones frecuentes.",32,10,Alto: Mantengo la concentración durante la mayor parte del tiempo sin distracciones significativas.,"Bebidas energéticas, Bebidas rehidratantes, Multivitamínicos y Minerales, Polvos Pre-Entreno",4,Ninguna en especial,7,Regular,Moderado,Alto
22/4/2026 10:29:49,Grupo 4,"Cueva Loayza, Dayron Saiyuk",Masculino,18,73,170,Ingeniería Civil,5,5,5,15.61,Tercio,6,Gimnasio / Levantamiento de pesas,En gimnasio,Individual,3,"Moderado: Podía hablar en frases cortas, pero me agitaba un poco y necesitaba respirar.",Mañana,Alta: Mantuve mi rutina de manera estricta y constante todo el ciclo.,19,9,"Medio: Logro concentrarme por períodos moderados, pero presento algunas distracciones.",Ninguno,4,Ninguna en especial,7,Buena,Bajo,Moderado
22/4/2026 10:30:44,Grupo 4,"Gamboa Sánchez, Guillermo Valentino",Masculino,18,65,165,Sistemas de la Información,3,6,6,15.04,Quinto,6,Gimnasio / Levantamiento de pesas,En gimnasio,Individual,4,"Moderado: Podía hablar en frases cortas, pero me agitaba un poco y necesitaba respirar.",Mañana,Alta: Mantuve mi rutina de manera estricta y constante todo el ciclo.,28,4,"Medio: Logro concentrarme por períodos moderados, pero presento algunas distracciones.",Bebidas energéticas,3,Ninguna en especial,6,Muy mala,Alto,Muy alto
22/4/2026 10:32:47,Grupo 2,"Rojas Meza, Kiara Luz",Femenino,18,52,152,Bioingeniería,3,6,6,15,Tercio medio,2,Artes marciales / Deportes de contacto,En instalaciones de la universidad,Colectiva,2,Bajo: Podía mantener una conversación larga o cantar sin ningún esfuerzo,Tarde,"Media: Tuve constancia por algunas semanas, pero con interrupciones frecuentes.",20,7,"Medio: Logro concentrarme por períodos moderados, pero presento algunas distracciones.",Bebidas energéticas,3,Ninguna en especial,4,Mala,Moderado,Moderado
22/4/2026 10:32:53,Grupo 7,"Burgos Ochoa, Jeseph Imanol",Femenino,18,60,167,Bioingeniería,3,7,7,15.56,Tercio medio,5,No realizo actividad fisica,,,,,,,28,8,"Medio: Logro concentrarme por períodos moderados, pero presento algunas distracciones.","Bebidas energéticas, Bebidas rehidratantes",3,Ninguna en especial,5,Muy mala,Muy alto,Moderado
22/4/2026 10:33:01,Grupo 6,"Vargas Saravia, Daniela Alessandra",Masculino,18,72,170,Ingeniería Mecánica,3,5,3,11.92,Tercio inferior,6,Gimnasio / Levantamiento de pesas,En casa,Individual,4,"Moderado: Podía hablar en frases cortas, pero me agitaba un poco y necesitaba respirar.",Mañana,"Media: Tuve constancia por algunas semanas, pero con interrupciones frecuentes.",14,4,Bajo: Me distraigo con facilidad y me cuesta mantener la atención durante el estudio.,Ninguno,4,Ninguna en especial,5,Regular,Moderado,Moderado
22/4/2026 10:34:10,Grupo 6,"Ruiz Lam, José Enrique Hilario",Masculino,18,77,173,Ciencias de la Computación,5,5,4,14,Décimo,4,"Deportes aeróbicos (Correr, Nadar, Ciclismo)","En espacios públicos (parques, canchas, piscinas, etc.)",Individual,2,"Moderado: Podía hablar en frases cortas, pero me agitaba un poco y necesitaba respirar.",Mañana,"Media: Tuve constancia por algunas semanas, pero con interrupciones frecuentes.",20,4,"Medio: Logro concentrarme por períodos moderados, pero presento algunas distracciones.",Ninguno,4,Ninguna en especial,7,Regular,Alto,Moderado
22/4/2026 10:35:13,Grupo 2,"Rojas Meza, Kiara Luz",Femenino,18,60,158,Ingeniería Industrial,2,6,6,17,Tercio,0,No realizo actividad fisica,,,,,,,20,3,Bajo: Me distraigo con facilidad y me cuesta mantener la atención durante el estudio.,Bebidas energéticas,1,Ninguna en especial,5,Muy mala,Muy alto,Alto
22/4/2026 10:39:17,Grupo 4,"Obregon Carhuavilca, Alondra Solange",Femenino,20,70,153,Ciencias de la Computación,5,5,5,13.67,Tercio medio,0,No realizo actividad fisica,,,,,,,26,18,"Medio: Logro concentrarme por períodos moderados, pero presento algunas distracciones.",Inositol y ácido fólico ,3,Ninguna en especial,4,Mala,Muy alto,Muy alto
22/4/2026 10:40:03,Grupo 1,"FÉLIX MEDINA, ADRIÁN FERNANDO",Masculino,18,83.7,170,Ingeniería Mecatrónica,3,6,6,17.11,Décimo,0,No realizo actividad fisica,,,,,,,23,10,Alto: Mantengo la concentración durante la mayor parte del tiempo sin distracciones significativas.,Ninguno,2,Ninguna en especial,6,Regular,Muy alto,Muy alto
22/4/2026 10:42:16,Grupo 8,"Castillo Castro, Rafael Adrián",Masculino,18,78,174,Ciencias de la Computación,3,6,6,15,Tercio inferior,2,Gimnasio / Levantamiento de pesas,En gimnasio,Individual,5,Alto: Me faltaba el aliento rápido y apenas podía decir unas pocas palabras sin parar a tomar aire.,Mañana,"Media: Tuve constancia por algunas semanas, pero con interrupciones frecuentes.",14,2,"Medio: Logro concentrarme por períodos moderados, pero presento algunas distracciones.","Proteína en polvo (Whey, Vegana, Caseína), Creatina",3,Ninguna en especial,8,Buena,Moderado,Muy alto
22/4/2026 10:42:34,Grupo 2,"Manrique Romero, Oriana Manuela Fe",Masculino,18,70,175,Ingeniería Mecatrónica,3,5,5,15.63,Quinto,2,Artes marciales / Deportes de contacto,"En espacios públicos (parques, canchas, piscinas, etc.)",Colectiva,1,Alto: Me faltaba el aliento rápido y apenas podía decir unas pocas palabras sin parar a tomar aire.,Tarde,"Media: Tuve constancia por algunas semanas, pero con interrupciones frecuentes.",23,5,"Medio: Logro concentrarme por períodos moderados, pero presento algunas distracciones.",Ninguno,3,Ninguna en especial,8,Mala,Moderado,Alto
22/4/2026 10:43:26,Grupo 9,"Lam Nishiyama, Gustavo Antonio Leng",Masculino,19,79.5,183,Ingeniería Mecatrónica,3,6,6,15,Tercio medio,10,Artes marciales / Deportes de contacto,En instalaciones de la universidad,Colectiva,5,"Moderado: Podía hablar en frases cortas, pero me agitaba un poco y necesitaba respirar.",Mañana,Alta: Mantuve mi rutina de manera estricta y constante todo el ciclo.,28,3,"Medio: Logro concentrarme por períodos moderados, pero presento algunas distracciones.","Bebidas rehidratantes, Multivitamínicos y Minerales",3,Ninguna en especial,4,Mala,Alto,Muy alto
22/4/2026 10:45:27,Grupo 5,"Arica Reyes, Ady Gabriela",Masculino,18,74,180,Bioingeniería,3,7,7,18.1,Décimo,3,"Deportes aeróbicos (Correr, Nadar, Ciclismo)","En espacios públicos (parques, canchas, piscinas, etc.)",Individual,3,"Moderado: Podía hablar en frases cortas, pero me agitaba un poco y necesitaba respirar.",Noche,"Media: Tuve constancia por algunas semanas, pero con interrupciones frecuentes.",24,5,"Medio: Logro concentrarme por períodos moderados, pero presento algunas distracciones.",Bebidas rehidratantes,4,Ninguna en especial,8,Regular,Moderado,Alto
22/4/2026 10:45:48,Grupo 1,"FÉLIX MEDINA, ADRIÁN FERNANDO",Femenino,18,52,163,Bioingeniería,3,7,7,18.71,Décimo,2,"Deportes de equipo (Fútbol, Básquet, Vóley, etc.)","En espacios públicos (parques, canchas, piscinas, etc.)",Colectiva,1,"Moderado: Podía hablar en frases cortas, pero me agitaba un poco y necesitaba respirar.",Noche,"Baja: Fui muy irregular, entrenando solo ocasionalmente.",24,4,"Medio: Logro concentrarme por períodos moderados, pero presento algunas distracciones.",Ninguno,4,Ninguna en especial,8,Regular,Moderado,Moderado
22/4/2026 10:51:30,Grupo 6,"Carrasco Abarca, Franco Luciano Marcelo",Masculino,17,76,1.75,Ingeniería Mecatrónica,3,6,6,14.56,Quinto,8,"Deportes de equipo (Fútbol, Básquet, Vóley, etc.)","En espacios públicos (parques, canchas, piscinas, etc.)",Colectiva,4,"Moderado: Podía hablar en frases cortas, pero me agitaba un poco y necesitaba respirar.",Noche,"Media: Tuve constancia por algunas semanas, pero con interrupciones frecuentes.",15,5,"Medio: Logro concentrarme por períodos moderados, pero presento algunas distracciones.","Bebidas energéticas, Bebidas rehidratantes",5,Ninguna en especial,8,Regular,Moderado,Bajo
22/4/2026 10:52:48,Grupo 7,"Rosales Esteban, Antony Yonel",Masculino,22,80,177,Ciencias de la Computación,5,5,5,16,Tercio medio,5,Gimnasio / Levantamiento de pesas,En casa,Individual,5,Bajo: Podía mantener una conversación larga o cantar sin ningún esfuerzo,Tarde,"Media: Tuve constancia por algunas semanas, pero con interrupciones frecuentes.",21,10,"Medio: Logro concentrarme por períodos moderados, pero presento algunas distracciones.",Ninguno,3,Baja en carbohidratos,6,Regular,Alto,Muy alto
22/4/2026 10:52:57,Grupo 5,"Cabanillas Ventocilla, Abigail Jaslin",Femenino,18,48,166,Ciencia de Datos,3,6,6,15.5,Quinto,7,Caminatas,"En espacios públicos (parques, canchas, piscinas, etc.)",Individual,5,Bajo: Podía mantener una conversación larga o cantar sin ningún esfuerzo,Mañana,"Media: Tuve constancia por algunas semanas, pero con interrupciones frecuentes.",20,5,"Medio: Logro concentrarme por períodos moderados, pero presento algunas distracciones.",Multivitamínicos y Minerales,2,Ninguna en especial,4,Buena,Moderado,Muy alto
22/4/2026 10:53:53,Grupo 4,"Cueva Loayza, Dayron Saiyuk",Masculino,18,76,172,Ingeniería Industrial,3,6,6,14.65,Tercio,1,Gimnasio / Levantamiento de pesas,En casa,Individual,3,"Moderado: Podía hablar en frases cortas, pero me agitaba un poco y necesitaba respirar.",Noche,"Baja: Fui muy irregular, entrenando solo ocasionalmente.",6,8,"Medio: Logro concentrarme por períodos moderados, pero presento algunas distracciones.",Ninguno,5,Ninguna en especial,7,Regular,Moderado,Moderado
22/4/2026 10:56:47,Grupo 9,"Lam Nishiyama, Gustavo Antonio Leng",Masculino,19,49,160,Ciencias de la Computación,2,6,6,17,Tercio medio,1,Gimnasio / Levantamiento de pesas,En gimnasio,Individual,3,"Moderado: Podía hablar en frases cortas, pero me agitaba un poco y necesitaba respirar.",Mañana,"Media: Tuve constancia por algunas semanas, pero con interrupciones frecuentes.",10,5,Alto: Mantengo la concentración durante la mayor parte del tiempo sin distracciones significativas.,Ninguno,4,Alta en proteínas,8,Buena,Alto,Alto
22/4/2026 10:57:17,Grupo 9,"Heredia Quispe, Gianella Alessandra",Masculino,18,75,174,Ingeniería Ambiental,2,6,6,17.1,Tercio,100,"Deportes de equipo (Fútbol, Básquet, Vóley, etc.)","En espacios públicos (parques, canchas, piscinas, etc.)",Individual,6,"Moderado: Podía hablar en frases cortas, pero me agitaba un poco y necesitaba respirar.",Noche,Alta: Mantuve mi rutina de manera estricta y constante todo el ciclo.,20,30,"Medio: Logro concentrarme por períodos moderados, pero presento algunas distracciones.",Ninguno,4,Alta en proteínas,8,Buena,Bajo,Moderado
22/4/2026 10:58:08,Grupo 7,"Rosales Esteban, Antony Yonel",Masculino,18,62,1.69,Ciencia de Datos,3,7,7,17,Quinto,4,Atletismo,Otros,Individual,2,Bajo: Podía mantener una conversación larga o cantar sin ningún esfuerzo,Mañana,"Media: Tuve constancia por algunas semanas, pero con interrupciones frecuentes.",40,8,"Medio: Logro concentrarme por períodos moderados, pero presento algunas distracciones.",Ninguno,4,Ninguna en especial,7,Regular,Moderado,Moderado
22/4/2026 10:58:39,Grupo 1,"Lopez Cueto, Camila Alejandra",Femenino,20,50,160,Ingeniería Mecánica,2,7,7,17.4,Décimo,0,No realizo actividad fisica,,,,,,,23,6,"Medio: Logro concentrarme por períodos moderados, pero presento algunas distracciones.",Ninguno,3,Ninguna en especial,5,Regular,Bajo,Moderado
22/4/2026 11:00:12,Grupo 6,"Carrasco Abarca, Franco Luciano Marcelo",Masculino,18,75,165,Ingeniería Mecatrónica,3,6,6,15.54,Quinto,3,"Deportes aeróbicos (Correr, Nadar, Ciclismo)",En casa,Individual,2,Bajo: Podía mantener una conversación larga o cantar sin ningún esfuerzo,Tarde,"Baja: Fui muy irregular, entrenando solo ocasionalmente.",18,6,"Medio: Logro concentrarme por períodos moderados, pero presento algunas distracciones.",Ninguno,3,Ninguna en especial,5,Regular,Alto,Alto
22/4/2026 11:00:22,Grupo 2,"Rojas Meza, Kiara Luz",Femenino,18,60,1.6,Bioingeniería,3,7,7,14.95,Tercio medio,3,"Entrenamiento en casa (Calistenia, Yoga, rutinas por video)",Otros,Individual,3,"Moderado: Podía hablar en frases cortas, pero me agitaba un poco y necesitaba respirar.",Tarde,Alta: Mantuve mi rutina de manera estricta y constante todo el ciclo.,28,5,Alto: Mantengo la concentración durante la mayor parte del tiempo sin distracciones significativas.,Ninguno,3,Ninguna en especial,6,Regular,Moderado,Alto
22/4/2026 11:00:45,Grupo 4,"Cueva Loayza, Dayron Saiyuk",Masculino,18,88.2,179,Ciencia de Datos,3,6,5,13.94,Tercio medio,0,No realizo actividad fisica,,,,,,,28,3,"Medio: Logro concentrarme por períodos moderados, pero presento algunas distracciones.",Ninguno,4,Ninguna en especial,7,Buena,Bajo,Bajo
22/4/2026 11:01:01,Grupo 7,"Morales Portella, Santiago Cesar",Masculino,18,54,1.64,Ingeniería Civil,2,7,7,16.05,Quinto,0,No realizo actividad fisica,,,,,,,23,50,"Medio: Logro concentrarme por períodos moderados, pero presento algunas distracciones.",Ninguno,5,Ninguna en especial,6,Regular,Moderado,Moderado
22/4/2026 11:01:09,Grupo 2,"Rojas Meza, Kiara Luz",Masculino,25,75,1.73,Ingeniería Electrónica,3,7,7,15.75,Tercio,4,"Entrenamiento en casa (Calistenia, Yoga, rutinas por video)",En casa,Individual,2,"Moderado: Podía hablar en frases cortas, pero me agitaba un poco y necesitaba respirar.",Noche,"Media: Tuve constancia por algunas semanas, pero con interrupciones frecuentes.",26,12,"Medio: Logro concentrarme por períodos moderados, pero presento algunas distracciones.",Ninguno,3,Ninguna en especial,6,Regular,Moderado,Alto
22/4/2026 11:01:50,Grupo 6,"Vargas Saravia, Daniela Alessandra",Masculino,18,76,170,Ingeniería Mecatrónica,3,6,5,13.5,Tercio medio,10,"Deportes de equipo (Fútbol, Básquet, Vóley, etc.)",Otros,Colectiva,5,Alto: Me faltaba el aliento rápido y apenas podía decir unas pocas palabras sin parar a tomar aire.,Noche,Alta: Mantuve mi rutina de manera estricta y constante todo el ciclo.,30,2,"Medio: Logro concentrarme por períodos moderados, pero presento algunas distracciones.",Ninguno,5,Alta en proteínas,5,Mala,Muy alto,Muy alto
22/4/2026 11:02:55,Grupo 2,"Rojas Meza, Kiara Luz",Masculino,18,81,1.73,Ingeniería Mecatrónica,3,8,3,10.52,Tercio inferior,5,Gimnasio / Levantamiento de pesas,"En espacios públicos (parques, canchas, piscinas, etc.)",Individual,5,"Moderado: Podía hablar en frases cortas, pero me agitaba un poco y necesitaba respirar.",Tarde,"Media: Tuve constancia por algunas semanas, pero con interrupciones frecuentes.",30,4,Bajo: Me distraigo con facilidad y me cuesta mantener la atención durante el estudio.,Ninguno,3,Ninguna en especial,8,Muy mala,Muy alto,Muy alto
22/4/2026 11:03:02,Grupo 4,"Cueva Loayza, Dayron Saiyuk",Masculino,21,85,175,Ingeniería Electrónica,3,6,6,14.6,Tercio,1,"Deportes aeróbicos (Correr, Nadar, Ciclismo)","En espacios públicos (parques, canchas, piscinas, etc.)",Individual,1,"Moderado: Podía hablar en frases cortas, pero me agitaba un poco y necesitaba respirar.",Noche,"Media: Tuve constancia por algunas semanas, pero con interrupciones frecuentes.",24,16,Bajo: Me distraigo con facilidad y me cuesta mantener la atención durante el estudio.,Multivitamínicos y Minerales,3,Alta en proteínas,6,Mala,Moderado,Alto
22/4/2026 11:03:37,Grupo 9,"Heredia Quispe, Gianella Alessandra",Femenino,19,60,1.5,Ingeniería Ambiental,2,6,7,17,Tercio medio,10,"Deportes de equipo (Fútbol, Básquet, Vóley, etc.)","En espacios públicos (parques, canchas, piscinas, etc.)",Individual,6,"Moderado: Podía hablar en frases cortas, pero me agitaba un poco y necesitaba respirar.",Noche,"Media: Tuve constancia por algunas semanas, pero con interrupciones frecuentes.",14,10,Alto: Mantengo la concentración durante la mayor parte del tiempo sin distracciones significativas.,"Bebidas energéticas, Bebidas rehidratantes",3,Vegetariana,7,Regular,Moderado,Moderado
22/4/2026 11:03:47,Grupo 5,"Arica Reyes, Ady Gabriela",Masculino,20,74.5,173,Ingeniería Mecánica,3,5,4,13,Tercio inferior,4,No realizo actividad fisica,,,,,,,12,2,"Medio: Logro concentrarme por períodos moderados, pero presento algunas distracciones.",Ninguno,3,Ninguna en especial,7,Regular,Moderado,Moderado
22/4/2026 11:05:11,Grupo 9,"Heredia Quispe, Gianella Alessandra",Femenino,18,62,157,Ingeniería Ambiental,2,7,5,14,Tercio medio,5,"Deportes de equipo (Fútbol, Básquet, Vóley, etc.)",En instalaciones de la universidad,Colectiva,3,Bajo: Podía mantener una conversación larga o cantar sin ningún esfuerzo,Tarde,"Baja: Fui muy irregular, entrenando solo ocasionalmente.",25,12,Alto: Mantengo la concentración durante la mayor parte del tiempo sin distracciones significativas.,Ninguno,5,Ninguna en especial,5,Regular,Moderado,Alto
22/4/2026 11:07:05,Grupo 9,"Lam Nishiyama, Gustavo Antonio Leng",Femenino,21,60,160,Ingeniería Mecatrónica,8,5,4,16.54,Quinto,3,"Entrenamiento en casa (Calistenia, Yoga, rutinas por video)",En casa,Individual,3,Bajo: Podía mantener una conversación larga o cantar sin ningún esfuerzo,Mañana,"Media: Tuve constancia por algunas semanas, pero con interrupciones frecuentes.",22,25,Bajo: Me distraigo con facilidad y me cuesta mantener la atención durante el estudio.,Bebidas energéticas,2,Ninguna en especial,4,Muy mala,Alto,Muy alto
22/4/2026 11:07:40,Grupo 2,"Manrique Romero, Oriana Manuela Fe",Femenino,18,48,1.57,Ciencias de la Computación,3,6,6,17.8,Décimo,3,"Entrenamiento en casa (Calistenia, Yoga, rutinas por video)",En casa,Individual,2,"Moderado: Podía hablar en frases cortas, pero me agitaba un poco y necesitaba respirar.",Noche,"Baja: Fui muy irregular, entrenando solo ocasionalmente.",24,12,"Medio: Logro concentrarme por períodos moderados, pero presento algunas distracciones.","Ninguno, ",5,Ninguna en especial,6.83,Regular,Moderado,Moderado
22/4/2026 11:08:57,Grupo 7,"Burgos Ochoa, Jeseph Imanol",Masculino,18,58,168,Ciencias de la Computación,3,7,7,17.09,Quinto,2,"Deportes de equipo (Fútbol, Básquet, Vóley, etc.)","En espacios públicos (parques, canchas, piscinas, etc.)",Colectiva,1,"Moderado: Podía hablar en frases cortas, pero me agitaba un poco y necesitaba respirar.",Tarde,"Baja: Fui muy irregular, entrenando solo ocasionalmente.",35,10,"Medio: Logro concentrarme por períodos moderados, pero presento algunas distracciones.",Ninguno,4,Ninguna en especial,7,Buena,Moderado,Moderado
22/4/2026 11:09:06,Grupo 1,"Lopez Cueto, Camila Alejandra",Masculino,18,67,1.74,Ingeniería Civil,3,7,7,11.5,Décimo,1,Gimnasio / Levantamiento de pesas,En gimnasio,Individual,3,"Moderado: Podía hablar en frases cortas, pero me agitaba un poco y necesitaba respirar.",Tarde,"Media: Tuve constancia por algunas semanas, pero con interrupciones frecuentes.",14,4,"Medio: Logro concentrarme por períodos moderados, pero presento algunas distracciones.",Ninguno,0,Ninguna en especial,7,Regular,Moderado,Moderado
22/4/2026 11:09:37,Grupo 9,"Lam Nishiyama, Gustavo Antonio Leng",Masculino,19,90,179,Ingeniería Mecatrónica,3,5,4,14.1,Tercio medio,2,"Entrenamiento en casa (Calistenia, Yoga, rutinas por video)",En casa,Individual,5,"Moderado: Podía hablar en frases cortas, pero me agitaba un poco y necesitaba respirar.",Noche,"Media: Tuve constancia por algunas semanas, pero con interrupciones frecuentes.",19,6,"Medio: Logro concentrarme por períodos moderados, pero presento algunas distracciones.",Ninguno,4,Ninguna en especial,5,Mala,Moderado,Moderado
22/4/2026 11:09:48,Grupo 9,"Lam Nishiyama, Gustavo Antonio Leng",Masculino,18,47,1.73,Ingeniería Mecatrónica,2,7,7,14.6,Tercio,2,No realizo actividad fisica,,,,,,,32,24,"Medio: Logro concentrarme por períodos moderados, pero presento algunas distracciones.",Bebidas energéticas,3,Ninguna en especial,5,Regular,Moderado,Moderado
22/4/2026 11:10:22,Grupo 9,"Lam Nishiyama, Gustavo Antonio Leng",Masculino,20,70,1.76,Ingeniería Industrial,7,6,6,14,Tercio,10,"Deportes de equipo (Fútbol, Básquet, Vóley, etc.)","En espacios públicos (parques, canchas, piscinas, etc.)",Colectiva,2,"Moderado: Podía hablar en frases cortas, pero me agitaba un poco y necesitaba respirar.",Tarde,"Baja: Fui muy irregular, entrenando solo ocasionalmente.",25,10,"Medio: Logro concentrarme por períodos moderados, pero presento algunas distracciones.","Bebidas energéticas, Bebidas rehidratantes",3,Alta en proteínas,6,Regular,Alto,Muy alto
22/4/2026 11:10:52,Grupo 5,"Arica Reyes, Ady Gabriela",Masculino,20,65,1.67,Ingeniería Mecatrónica,4,5,5,15.5,Tercio,6,Gimnasio / Levantamiento de pesas,En gimnasio,Individual,4,"Moderado: Podía hablar en frases cortas, pero me agitaba un poco y necesitaba respirar.",Noche,"Media: Tuve constancia por algunas semanas, pero con interrupciones frecuentes.",24,8,"Medio: Logro concentrarme por períodos moderados, pero presento algunas distracciones.",Ninguno,4,Ninguna en especial,6,Regular,Alto,Alto
22/4/2026 11:11:25,Grupo 2,"Manrique Romero, Oriana Manuela Fe",Masculino,19,80,165,Ingeniería Mecatrónica,5,5,5,15,Tercio,2,"Deportes de equipo (Fútbol, Básquet, Vóley, etc.)","En espacios públicos (parques, canchas, piscinas, etc.)",Colectiva,1,Alto: Me faltaba el aliento rápido y apenas podía decir unas pocas palabras sin parar a tomar aire.,Noche,"Baja: Fui muy irregular, entrenando solo ocasionalmente.",20,10,"Medio: Logro concentrarme por períodos moderados, pero presento algunas distracciones.",Bebidas rehidratantes,3,Ninguna en especial,6,Regular,Moderado,Alto
22/4/2026 11:11:53,Grupo 3,"Aguilar Neciosup, Santiago",Masculino,19,62,170,Ingeniería Mecatrónica,3,6,6,16.32,Quinto,0,No realizo actividad fisica,,,,,,,23,9,Alto: Mantengo la concentración durante la mayor parte del tiempo sin distracciones significativas.,Ninguno,3,Alta en proteínas,8,Buena,Moderado,Moderado
22/4/2026 11:13:22,Grupo 4,"Solis Cordova, Pedro Nicolas",Femenino,18,49,1.58,Ingeniería Industrial,3,6,6,15,Décimo,5,HIIT,En casa,Individual,5,"Moderado: Podía hablar en frases cortas, pero me agitaba un poco y necesitaba respirar.",Mañana,"Media: Tuve constancia por algunas semanas, pero con interrupciones frecuentes.",20,30,"Medio: Logro concentrarme por períodos moderados, pero presento algunas distracciones.",Ninguno,3,Alta en proteínas,6,Regular,Moderado,Moderado
22/4/2026 11:14:33,Grupo 4,"Cueva Loayza, Dayron Saiyuk",Masculino,18,65,170,Ingeniería Electrónica,3,6,6,14.8,Tercio medio,8,Gimnasio / Levantamiento de pesas,En gimnasio,Individual,4,"Moderado: Podía hablar en frases cortas, pero me agitaba un poco y necesitaba respirar.",Tarde,Alta: Mantuve mi rutina de manera estricta y constante todo el ciclo.,24,14,"Medio: Logro concentrarme por períodos moderados, pero presento algunas distracciones.","Bebidas energéticas, Creatina",5,Ninguna en especial,6,Regular,Moderado,Moderado
22/4/2026 11:15:05,Grupo 9,"Heredia Quispe, Gianella Alessandra",Masculino,19,60,167,Ciencia de Datos,5,6,6,14.35,Décimo,7,Gimnasio / Levantamiento de pesas,En gimnasio,Individual,7,"Moderado: Podía hablar en frases cortas, pero me agitaba un poco y necesitaba respirar.",Noche,"Media: Tuve constancia por algunas semanas, pero con interrupciones frecuentes.",34,5,"Medio: Logro concentrarme por períodos moderados, pero presento algunas distracciones.","Bebidas energéticas, Bebidas rehidratantes, Multivitamínicos y Minerales",6,Ninguna en especial,6,Muy buena,Alto,Alto
22/4/2026 11:17:24,Grupo 9,"Heredia Quispe, Gianella Alessandra",Femenino,18,50,158,Administración y Negocios Digitales,3,6,6,19.27,Décimo,3,"Entrenamiento en casa (Calistenia, Yoga, rutinas por video)",En gimnasio,Colectiva,3,"Moderado: Podía hablar en frases cortas, pero me agitaba un poco y necesitaba respirar.",Mañana,"Media: Tuve constancia por algunas semanas, pero con interrupciones frecuentes.",26,10,Alto: Mantengo la concentración durante la mayor parte del tiempo sin distracciones significativas.,Ninguno,5,Ninguna en especial,6,Regular,Muy alto,Muy alto
22/4/2026 11:18:49,Grupo 1,"Lopez Cueto, Camila Alejandra",Masculino,18,94,177,Ingeniería Mecánica,2,6,5,13.13,Décimo,14,Gimnasio / Levantamiento de pesas,En casa,Individual,7,"Moderado: Podía hablar en frases cortas, pero me agitaba un poco y necesitaba respirar.",Noche,"Media: Tuve constancia por algunas semanas, pero con interrupciones frecuentes.",21,8,"Medio: Logro concentrarme por períodos moderados, pero presento algunas distracciones.",Multivitamínicos y Minerales,4,Alta en proteínas,3,Muy mala,Moderado,Muy alto
22/4/2026 11:19:47,Grupo 5,"Reyes Neyra, Mariel Azucena",Masculino,23,58,170,Ciencias de la Computación,6,5,5,14.83,Tercio medio,4,Artes marciales / Deportes de contacto,En instalaciones de la universidad,Colectiva,2,"Moderado: Podía hablar en frases cortas, pero me agitaba un poco y necesitaba respirar.",Mañana,"Media: Tuve constancia por algunas semanas, pero con interrupciones frecuentes.",24,18,"Medio: Logro concentrarme por períodos moderados, pero presento algunas distracciones.","Multivitamínicos y Minerales, Proteína en polvo (Whey, Vegana, Caseína)",5,"Alta en proteínas, pero por hiporglicemia prioricé comer ensalada y bajarle a los dulces y carbohidratos.",6,Regular,Alto,Moderado
22/4/2026 11:21:05,Grupo 5,"Arica Reyes, Ady Gabriela",Masculino,18,70,1.77,Bioingeniería,3,7,6,14.5,Tercio inferior,6,"Deportes de equipo (Fútbol, Básquet, Vóley, etc.)",En gimnasio,Colectiva,2,"Moderado: Podía hablar en frases cortas, pero me agitaba un poco y necesitaba respirar.",Noche,"Media: Tuve constancia por algunas semanas, pero con interrupciones frecuentes.",20,3,"Medio: Logro concentrarme por períodos moderados, pero presento algunas distracciones.","Ninguno, ",4,Ninguna en especial,8,Buena,Moderado,Moderado
22/4/2026 11:21:30,Grupo 9,"Lam Nishiyama, Gustavo Antonio Leng",Masculino,18,57,167,Ingeniería Mecánica,2,6,5,15.3,Tercio,0,No realizo actividad fisica,,,,,,,24,1,"Medio: Logro concentrarme por períodos moderados, pero presento algunas distracciones.",Ninguno,4,Ninguna en especial,6,Regular,Bajo,Bajo
22/4/2026 11:21:47,Grupo 9,"Lam Nishiyama, Gustavo Antonio Leng",Femenino,22,44,150,Ingeniería Mecatrónica,8,5,5,13.88,Tercio medio,0,No realizo actividad fisica,,,,,,,8,4,"Medio: Logro concentrarme por períodos moderados, pero presento algunas distracciones.",Ninguno,4,Ninguna en especial,6,Regular,Moderado,Moderado
22/4/2026 11:21:56,Grupo 7,"Rosales Esteban, Antony Yonel",Femenino,24,53,156,Bioingeniería,Más de 10,20,5,17.2,Quinto,18,Equipo de Atletismo en UTEC,Otros,Individual,5,"Moderado: Podía hablar en frases cortas, pero me agitaba un poco y necesitaba respirar.",Mañana,Alta: Mantuve mi rutina de manera estricta y constante todo el ciclo.,18,10,"Medio: Logro concentrarme por períodos moderados, pero presento algunas distracciones.","Multivitamínicos y Minerales, Creatina",4,Alta en proteínas,7,Regular,Muy alto,Alto
22/4/2026 11:22:50,Grupo 7,"Burgos Ochoa, Jeseph Imanol",Masculino,20,66,165,Ciencias de la Computación,5,7,7,15.7,Quinto,2,Gimnasio / Levantamiento de pesas,En gimnasio,Individual,2,Bajo: Podía mantener una conversación larga o cantar sin ningún esfuerzo,Mañana,"Baja: Fui muy irregular, entrenando solo ocasionalmente.",30,14,Bajo: Me distraigo con facilidad y me cuesta mantener la atención durante el estudio.,Ninguno,3,Ninguna en especial,5,Regular,Alto,Alto
22/4/2026 11:24:24,Grupo 2,"Manrique Romero, Oriana Manuela Fe",Femenino,18,55,152,Ingeniería Mecánica,3,5,4,13.3,Tercio inferior,0,No realizo actividad fisica,,,,,,,19,10,"Medio: Logro concentrarme por períodos moderados, pero presento algunas distracciones.",Ninguno,3,Ninguna en especial,5,Regular,Alto,Alto
22/4/2026 11:24:56,Grupo 9,"Heredia Quispe, Gianella Alessandra",Masculino,19,75,173,Ingeniería Mecatrónica,6,5,5,13.2,Tercio medio,3,Artes marciales / Deportes de contacto,En casa,Individual,3,Bajo: Podía mantener una conversación larga o cantar sin ningún esfuerzo,Noche,"Baja: Fui muy irregular, entrenando solo ocasionalmente.",24,28,"Medio: Logro concentrarme por períodos moderados, pero presento algunas distracciones.",Ninguno,4,Ninguna en especial,6,Regular,Muy alto,Alto
22/4/2026 11:25:40,Grupo 9,"Lam Nishiyama, Gustavo Antonio Leng",Femenino,21,55,145,Ingeniería Química,6,7,7,14.5,Tercio medio,0,No realizo actividad fisica,,,,,,,32,24,"Medio: Logro concentrarme por períodos moderados, pero presento algunas distracciones.",Ninguno,4,Ninguna en especial,5,Buena,Moderado,Alto
22/4/2026 11:26:00,Grupo 3,"De la Cuba Palacios, Fabrizzio Alexander",Femenino,18,53,1.68,Ingeniería Química,2,7,7,16.4,Décimo,5,"Deportes de equipo (Fútbol, Básquet, Vóley, etc.)",En instalaciones de la universidad,Colectiva,3,Bajo: Podía mantener una conversación larga o cantar sin ningún esfuerzo,Tarde,"Baja: Fui muy irregular, entrenando solo ocasionalmente.",30,6,Bajo: Me distraigo con facilidad y me cuesta mantener la atención durante el estudio.,Ninguno,4,Ninguna en especial,6,Regular,Moderado,Alto
22/4/2026 11:26:16,Grupo 9,"Heredia Quispe, Gianella Alessandra",Femenino,24,62,150,Ingeniería Industrial,10,5,4,17.56,Décimo,4,"Entrenamiento en casa (Calistenia, Yoga, rutinas por video)",En casa,Individual,2,"Moderado: Podía hablar en frases cortas, pero me agitaba un poco y necesitaba respirar.",Noche,"Baja: Fui muy irregular, entrenando solo ocasionalmente.",24,24,Alto: Mantengo la concentración durante la mayor parte del tiempo sin distracciones significativas.,Bebidas rehidratantes,4,Alta en proteínas,5,Mala,Muy alto,Muy alto
22/4/2026 11:26:25,Grupo 5,"Reyes Neyra, Mariel Azucena",Masculino,21,70,75,Ciencias de la Computación,8,5,5,17.88,Décimo,5,Gimnasio / Levantamiento de pesas,En casa,Individual,5,Bajo: Podía mantener una conversación larga o cantar sin ningún esfuerzo,Mañana,"Media: Tuve constancia por algunas semanas, pero con interrupciones frecuentes.",18,30,Alto: Mantengo la concentración durante la mayor parte del tiempo sin distracciones significativas.,Ninguno,3,Ninguna en especial,7,Muy buena,Bajo,Muy bajo
22/4/2026 11:26:32,Grupo 9,"Lam Nishiyama, Gustavo Antonio Leng",Masculino,19,58,172,Ingeniería Mecatrónica,3,6,5,14.32,Tercio inferior,6,"Entrenamiento en casa (Calistenia, Yoga, rutinas por video)",En casa,Individual,3,"Moderado: Podía hablar en frases cortas, pero me agitaba un poco y necesitaba respirar.",Noche,"Media: Tuve constancia por algunas semanas, pero con interrupciones frecuentes.",18,2,Alto: Mantengo la concentración durante la mayor parte del tiempo sin distracciones significativas.,"Multivitamínicos y Minerales, Proteína en polvo (Whey, Vegana, Caseína)",3,Baja en carbohidratos,7,Buena,Moderado,Alto
22/4/2026 11:27:02,Grupo 3,"De la Cuba Palacios, Fabrizzio Alexander",Femenino,18,55,1.55,Ingeniería Química,2,7,6,14.5,Quinto,0,No realizo actividad fisica,,,,,,,30,20,Alto: Mantengo la concentración durante la mayor parte del tiempo sin distracciones significativas.,Ninguno,3,Ninguna en especial,5,Regular,Alto,Alto
22/4/2026 11:28:08,Grupo 9,"Heredia Quispe, Gianella Alessandra",Masculino,23,81,176,Ingeniería Civil,2,7,7,18.1,Décimo,1,"Entrenamiento en casa (Calistenia, Yoga, rutinas por video)",En casa,Individual,1,"Moderado: Podía hablar en frases cortas, pero me agitaba un poco y necesitaba respirar.",Noche,"Baja: Fui muy irregular, entrenando solo ocasionalmente.",25,14,"Medio: Logro concentrarme por períodos moderados, pero presento algunas distracciones.",Ninguno,4,Ninguna en especial,6,Regular,Alto,Alto
22/4/2026 11:28:53,Grupo 9,"Heredia Quispe, Gianella Alessandra",Masculino,18,73,172,Ingeniería Mecánica,3,7,6,14.84,Tercio medio,2,Gimnasio / Levantamiento de pesas,En gimnasio,Individual,4,"Moderado: Podía hablar en frases cortas, pero me agitaba un poco y necesitaba respirar.",Mañana,Alta: Mantuve mi rutina de manera estricta y constante todo el ciclo.,67,4,"Medio: Logro concentrarme por períodos moderados, pero presento algunas distracciones.",Ninguno,4,Alta en proteínas,8,Regular,Muy alto,Muy alto
22/4/2026 11:29:10,Grupo 7,"Timana Carmona, Jose Manuel",Masculino,18,70,174,Ciencia de Datos,3,6,5,14.2,Tercio medio,5,"Deportes de equipo (Fútbol, Básquet, Vóley, etc.)",En instalaciones de la universidad,Colectiva,4,"Moderado: Podía hablar en frases cortas, pero me agitaba un poco y necesitaba respirar.",Tarde,"Media: Tuve constancia por algunas semanas, pero con interrupciones frecuentes.",26,35,"Medio: Logro concentrarme por períodos moderados, pero presento algunas distracciones.",Ninguno,4,Ninguna en especial,6,Regular,Moderado,Alto
22/4/2026 11:29:24,Grupo 9,"Lam Nishiyama, Gustavo Antonio Leng",Masculino,21,73,163,Ingeniería Química,8,6,6,15.6,Décimo,7,Gimnasio / Levantamiento de pesas,En casa,Colectiva,3,Alto: Me faltaba el aliento rápido y apenas podía decir unas pocas palabras sin parar a tomar aire.,Mañana,"Media: Tuve constancia por algunas semanas, pero con interrupciones frecuentes.",18,8,"Medio: Logro concentrarme por períodos moderados, pero presento algunas distracciones.",Ninguno,3,Baja en carbohidratos,6,Regular,Bajo,Alto
22/4/2026 11:32:36,Grupo 2,"Rojas Meza, Kiara Luz",Femenino,18,49,154,Ciencias de la Computación,3,6,6,16.55,Tercio,3,"Deportes de equipo (Fútbol, Básquet, Vóley, etc.)",En instalaciones de la universidad,Colectiva,2,"Moderado: Podía hablar en frases cortas, pero me agitaba un poco y necesitaba respirar.",Tarde,"Media: Tuve constancia por algunas semanas, pero con interrupciones frecuentes.",25,16,"Medio: Logro concentrarme por períodos moderados, pero presento algunas distracciones.","Bebidas rehidratantes, Proteína en polvo (Whey, Vegana, Caseína)",3,Ninguna en especial,6.5,Regular,Alto,Alto
22/4/2026 11:32:39,Grupo 9,"Lam Nishiyama, Gustavo Antonio Leng",Masculino,20,62,1.68,Ingeniería Mecatrónica,6,5,5,13.13,Tercio medio,0,No realizo actividad fisica,,,,,,,21,35,"Medio: Logro concentrarme por períodos moderados, pero presento algunas distracciones.",Gamalate,4,Ninguna en especial,6.4,Regular,Moderado,Moderado
22/4/2026 11:33:38,Grupo 9,"Heredia Quispe, Gianella Alessandra",Masculino,75,300,100,Administración y Negocios Digitales,2,2,1,10,Tercio inferior,1,"Deportes de equipo (Fútbol, Básquet, Vóley, etc.)",En casa,Individual,7,Bajo: Podía mantener una conversación larga o cantar sin ningún esfuerzo,Tarde,"Baja: Fui muy irregular, entrenando solo ocasionalmente.",18,2,Bajo: Me distraigo con facilidad y me cuesta mantener la atención durante el estudio.,"Bebidas rehidratantes, Mass gainers",4,Alta en proteínas,7,Buena,Moderado,Muy bajo
22/4/2026 11:35:02,Grupo 6,"Carrasco Abarca, Franco Luciano Marcelo",Masculino,18,67,175,Ingeniería Mecatrónica,3,5,4,12,Tercio medio,12,"Deportes de equipo (Fútbol, Básquet, Vóley, etc.)","En espacios públicos (parques, canchas, piscinas, etc.)",Colectiva,4,"Moderado: Podía hablar en frases cortas, pero me agitaba un poco y necesitaba respirar.",Noche,"Media: Tuve constancia por algunas semanas, pero con interrupciones frecuentes.",20,10,"Medio: Logro concentrarme por períodos moderados, pero presento algunas distracciones.",Ninguno,2,Ninguna en especial,6,Regular,Moderado,Moderado
22/4/2026 11:35:36,Grupo 9,"Heredia Quispe, Gianella Alessandra",Masculino,20,65,165,Ingeniería Ambiental,7,6,6,15.64,Tercio medio,2,"Deportes de equipo (Fútbol, Básquet, Vóley, etc.)","En espacios públicos (parques, canchas, piscinas, etc.)",Colectiva,1,Bajo: Podía mantener una conversación larga o cantar sin ningún esfuerzo,Noche,"Baja: Fui muy irregular, entrenando solo ocasionalmente.",20,10,"Medio: Logro concentrarme por períodos moderados, pero presento algunas distracciones.",Ninguno,4,Ninguna en especial,7,Buena,Alto,Alto
22/4/2026 11:35:48,Grupo 9,"Heredia Quispe, Gianella Alessandra",Femenino,19,70,160,Ingeniería Civil,5,7,5,10.9,Décimo,5,Gimnasio / Levantamiento de pesas,En gimnasio,Individual,3,"Moderado: Podía hablar en frases cortas, pero me agitaba un poco y necesitaba respirar.",Mañana,"Baja: Fui muy irregular, entrenando solo ocasionalmente.",25,5,"Medio: Logro concentrarme por períodos moderados, pero presento algunas distracciones.",Ninguno,3,Ninguna en especial,5,Regular,Alto,Alto
22/4/2026 11:37:14,Grupo 1,"Carrasco Abarca, Franco Luciano Marcelo",Masculino,100,200,1000,Ciencia de Datos,4,20,40,200,Décimo,0.102,"Deportes aeróbicos (Correr, Nadar, Ciclismo)",En gimnasio,Individual,1200000,"Moderado: Podía hablar en frases cortas, pero me agitaba un poco y necesitaba respirar.",Mañana,Alta: Mantuve mi rutina de manera estricta y constante todo el ciclo.,103,122,Bajo: Me distraigo con facilidad y me cuesta mantener la atención durante el estudio.,"Bebidas energéticas, Bebidas rehidratantes",10,Alta en proteínas,23,Muy buena,Bajo,Alto
22/4/2026 11:39:03,Grupo 9,"Lam Nishiyama, Gustavo Antonio Leng",Masculino,19,63,1.72,Ingeniería Mecánica,5,6,6,14,Tercio,10,"Deportes de equipo (Fútbol, Básquet, Vóley, etc.)",Otros,Colectiva,5,"Moderado: Podía hablar en frases cortas, pero me agitaba un poco y necesitaba respirar.",Noche,Alta: Mantuve mi rutina de manera estricta y constante todo el ciclo.,30,5,"Medio: Logro concentrarme por períodos moderados, pero presento algunas distracciones.","Proteína en polvo (Whey, Vegana, Caseína)",3,Ninguna en especial,8,Regular,Moderado,Alto
22/4/2026 11:40:29,Grupo 9,"Heredia Quispe, Gianella Alessandra",Masculino,20,90,185,Ingeniería Mecánica,7,5,4,13,Décimo,6,Gimnasio / Levantamiento de pesas,En gimnasio,Individual,2,Alto: Me faltaba el aliento rápido y apenas podía decir unas pocas palabras sin parar a tomar aire.,Mañana,"Baja: Fui muy irregular, entrenando solo ocasionalmente.",20,25,Alto: Mantengo la concentración durante la mayor parte del tiempo sin distracciones significativas.,Ninguno,4,Alta en proteínas,5,Regular,Muy alto,Muy alto
22/4/2026 11:40:50,Grupo 8,"Castillo Castro, Rafael Adrián",Masculino,19,53,1.68,Ciencia de Datos,5,6,6,16,Tercio,4,"Deportes de equipo (Fútbol, Básquet, Vóley, etc.)","En espacios públicos (parques, canchas, piscinas, etc.)",Individual,2,Alto: Me faltaba el aliento rápido y apenas podía decir unas pocas palabras sin parar a tomar aire.,Mañana,"Media: Tuve constancia por algunas semanas, pero con interrupciones frecuentes.",27,14,"Medio: Logro concentrarme por períodos moderados, pero presento algunas distracciones.",Bebidas rehidratantes,4,Ninguna en especial,6,Buena,Alto,Alto
22/4/2026 11:40:54,Grupo 1,"Ormachea Mamani, Gabriel",Masculino,18,63,177,Ciencias de la Computación,3,6,6,16.4,Quinto,6,"Deportes de equipo (Fútbol, Básquet, Vóley, etc.)","En espacios públicos (parques, canchas, piscinas, etc.)",Individual,6,"Moderado: Podía hablar en frases cortas, pero me agitaba un poco y necesitaba respirar.",Tarde,Alta: Mantuve mi rutina de manera estricta y constante todo el ciclo.,22,3,Bajo: Me distraigo con facilidad y me cuesta mantener la atención durante el estudio.,Ninguno,4,Ninguna en especial,7.5,Buena,Bajo,Moderado
22/4/2026 11:41:27,Grupo 9,"Heredia Quispe, Gianella Alessandra",Masculino,19,64,174,Ingeniería Mecánica,7,5,5,11.45,Quinto,12,Gimnasio / Levantamiento de pesas,En gimnasio,Individual,6,Alto: Me faltaba el aliento rápido y apenas podía decir unas pocas palabras sin parar a tomar aire.,Mañana,"Media: Tuve constancia por algunas semanas, pero con interrupciones frecuentes.",24,16,"Medio: Logro concentrarme por períodos moderados, pero presento algunas distracciones.",Ninguno,4,Ninguna en especial,8,Regular,Alto,Alto
22/4/2026 11:41:31,Grupo 9,"Lam Nishiyama, Gustavo Antonio Leng",Masculino,17,68,172,Bioingeniería,2,6,5,17,Quinto,3,Gimnasio / Levantamiento de pesas,En gimnasio,Colectiva,2,Bajo: Podía mantener una conversación larga o cantar sin ningún esfuerzo,Mañana,"Baja: Fui muy irregular, entrenando solo ocasionalmente.",38,12,Bajo: Me distraigo con facilidad y me cuesta mantener la atención durante el estudio.,"Bebidas energéticas, Bebidas rehidratantes, Polvos Pre-Entreno, Proteína en polvo (Whey, Vegana, Caseína)",2,Ninguna en especial,6,Muy mala,Alto,Muy alto
22/4/2026 11:42:26,Grupo 9,"Heredia Quispe, Gianella Alessandra",Masculino,20,80,1.78,Ingeniería Mecatrónica,7,6,5,13,Tercio medio,10,Gimnasio / Levantamiento de pesas,En gimnasio,Individual,5,"Moderado: Podía hablar en frases cortas, pero me agitaba un poco y necesitaba respirar.",Noche,Alta: Mantuve mi rutina de manera estricta y constante todo el ciclo.,32,7,"Medio: Logro concentrarme por períodos moderados, pero presento algunas distracciones.",Ninguno,3,Ninguna en especial,6,Mala,Moderado,Alto
22/4/2026 11:43:54,Grupo 9,"Heredia Quispe, Gianella Alessandra",Masculino,20,60,169,Ingeniería Mecatrónica,7,6,6,13,Tercio,10,"Deportes de equipo (Fútbol, Básquet, Vóley, etc.)","En espacios públicos (parques, canchas, piscinas, etc.)",Colectiva,3,"Moderado: Podía hablar en frases cortas, pero me agitaba un poco y necesitaba respirar.",Tarde,"Baja: Fui muy irregular, entrenando solo ocasionalmente.",30,10,"Medio: Logro concentrarme por períodos moderados, pero presento algunas distracciones.",Ninguno,4,Ninguna en especial,5,Mala,Moderado,Alto
22/4/2026 11:44:09,Grupo 9,"Lam Nishiyama, Gustavo Antonio Leng",Masculino,19,63,169,Ingeniería Industrial,5,6,6,15.62,Tercio,8,"Deportes aeróbicos (Correr, Nadar, Ciclismo)","En espacios públicos (parques, canchas, piscinas, etc.)",Colectiva,4,Bajo: Podía mantener una conversación larga o cantar sin ningún esfuerzo,Mañana,Alta: Mantuve mi rutina de manera estricta y constante todo el ciclo.,25,8,"Medio: Logro concentrarme por períodos moderados, pero presento algunas distracciones.",Bebidas rehidratantes,4,Ninguna en especial,6,Buena,Bajo,Alto
22/4/2026 11:47:06,Grupo 9,"Heredia Quispe, Gianella Alessandra",Masculino,20,80,1.72,Ingeniería Mecatrónica,5,6,6,13.84,Tercio medio,0,No realizo actividad fisica,,,,,,,19,20,"Medio: Logro concentrarme por períodos moderados, pero presento algunas distracciones.",Ninguno,4,Ninguna en especial,4,Mala,Alto,Moderado
22/4/2026 11:47:21,Grupo 9,"Lam Nishiyama, Gustavo Antonio Leng",Masculino,23,99,171,Ingeniería Mecatrónica,10,6,6,18.25,Quinto,10,"Deportes de equipo (Fútbol, Básquet, Vóley, etc.)",En casa,Individual,10,"Moderado: Podía hablar en frases cortas, pero me agitaba un poco y necesitaba respirar.",Tarde,"Media: Tuve constancia por algunas semanas, pero con interrupciones frecuentes.",25,20,"Medio: Logro concentrarme por períodos moderados, pero presento algunas distracciones.",Ninguno,4,Ninguna en especial,6,Buena,Alto,Moderado
22/4/2026 11:47:32,Grupo 9,"Heredia Quispe, Gianella Alessandra",Masculino,19,66,162,Ciencias de la Computación,5,6,6,16.6,Quinto,3,"Entrenamiento en casa (Calistenia, Yoga, rutinas por video)",En casa,Individual,2,"Moderado: Podía hablar en frases cortas, pero me agitaba un poco y necesitaba respirar.",Mañana,"Baja: Fui muy irregular, entrenando solo ocasionalmente.",28,4,"Medio: Logro concentrarme por períodos moderados, pero presento algunas distracciones.",Ninguno,3,Ninguna en especial,6,Mala,Moderado,Moderado
22/4/2026 11:48:07,Grupo 2,"Rojas Meza, Kiara Luz",Masculino,19,71,175,Ingeniería Industrial,3,6,5,15,Quinto,1,"Deportes de equipo (Fútbol, Básquet, Vóley, etc.)",En casa,Individual,3,"Moderado: Podía hablar en frases cortas, pero me agitaba un poco y necesitaba respirar.",Noche,"Media: Tuve constancia por algunas semanas, pero con interrupciones frecuentes.",23,7,"Medio: Logro concentrarme por períodos moderados, pero presento algunas distracciones.","Bebidas energéticas, Bebidas rehidratantes",4,Ninguna en especial,4,Muy mala,Moderado,Muy alto
22/4/2026 11:49:52,Grupo 9,"Heredia Quispe, Gianella Alessandra",Masculino,22,63,173,Ingeniería Mecatrónica,10,5,5,17.5,Quinto,4,Surf,Otros,Individual,5,Bajo: Podía mantener una conversación larga o cantar sin ningún esfuerzo,Mañana,"Media: Tuve constancia por algunas semanas, pero con interrupciones frecuentes.",20,10,"Medio: Logro concentrarme por períodos moderados, pero presento algunas distracciones.",Bebidas energéticas,4,Ninguna en especial,7,Buena,Moderado,Moderado
22/4/2026 11:49:56,Grupo 9,"Lam Nishiyama, Gustavo Antonio Leng",Masculino,20,80,170,Ingeniería Mecatrónica,5,3,3,15,Tercio medio,6,"Deportes aeróbicos (Correr, Nadar, Ciclismo)","En espacios públicos (parques, canchas, piscinas, etc.)",Individual,3,Bajo: Podía mantener una conversación larga o cantar sin ningún esfuerzo,Tarde,"Media: Tuve constancia por algunas semanas, pero con interrupciones frecuentes.",24,16,"Medio: Logro concentrarme por períodos moderados, pero presento algunas distracciones.",Bebidas rehidratantes,3,Ninguna en especial,7,Regular,Alto,Alto
22/4/2026 11:51:31,Grupo 9,"Heredia Quispe, Gianella Alessandra",Masculino,20,57,168,Ciencias de la Computación,6,6,5,14.83,Tercio medio,2,"Deportes aeróbicos (Correr, Nadar, Ciclismo)","En espacios públicos (parques, canchas, piscinas, etc.)",Individual,2,Bajo: Podía mantener una conversación larga o cantar sin ningún esfuerzo,Mañana,"Baja: Fui muy irregular, entrenando solo ocasionalmente.",29,30,"Medio: Logro concentrarme por períodos moderados, pero presento algunas distracciones.",Ninguno,4,Ninguna en especial,6,Regular,Moderado,Moderado
22/4/2026 11:51:59,Grupo 9,"Lam Nishiyama, Gustavo Antonio Leng",Masculino,19,51,1.72,Ciencia de Datos,5,5,4,16,Quinto,0,No realizo actividad fisica,,,,,,,20,10,"Medio: Logro concentrarme por períodos moderados, pero presento algunas distracciones.",Bebidas energéticas,3,Ninguna en especial,9,Regular,Moderado,Moderado
22/4/2026 11:54:51,Grupo 9,"Heredia Quispe, Gianella Alessandra",Masculino,19,80,167,Ingeniería Industrial,5,6,6,13.69,Tercio medio,6,Gimnasio / Levantamiento de pesas,En gimnasio,Individual,3,"Moderado: Podía hablar en frases cortas, pero me agitaba un poco y necesitaba respirar.",Tarde,"Media: Tuve constancia por algunas semanas, pero con interrupciones frecuentes.",23,10,Alto: Mantengo la concentración durante la mayor parte del tiempo sin distracciones significativas.,"Bebidas energéticas, Multivitamínicos y Minerales, Creatina",6,Ninguna en especial,6,Regular,Moderado,Moderado
22/4/2026 11:55:45,Grupo 8,"Ferrante Quino, Francesco Aroldo",Femenino,18,62,164,Ingeniería Mecatrónica,3,6,6,14.63,Tercio,0,No realizo actividad fisica,,,,,,,23,10,Bajo: Me distraigo con facilidad y me cuesta mantener la atención durante el estudio.,Bebidas energéticas,4,Ninguna en especial,5,Regular,Moderado,Moderado
22/4/2026 11:55:48,Grupo 7,"Sanchez Romero, Luis Fabian",Masculino,18,55,170,Ciencias de la Computación,3,6,6,19.15,Décimo,4,"Deportes de equipo (Fútbol, Básquet, Vóley, etc.)",En instalaciones de la universidad,Colectiva,2,"Moderado: Podía hablar en frases cortas, pero me agitaba un poco y necesitaba respirar.",Tarde,"Media: Tuve constancia por algunas semanas, pero con interrupciones frecuentes.",25,3,Bajo: Me distraigo con facilidad y me cuesta mantener la atención durante el estudio.,Ninguno,4,Ninguna en especial,7,Regular,Bajo,Moderado
22/4/2026 11:58:49,Grupo 9,"Lam Nishiyama, Gustavo Antonio Leng",Masculino,18,70,1.63,Ingeniería Química,2,5,5,15,Quinto,4,P,En casa,Individual,2,Bajo: Podía mantener una conversación larga o cantar sin ningún esfuerzo,Tarde,"Baja: Fui muy irregular, entrenando solo ocasionalmente.",40,20,"Medio: Logro concentrarme por períodos moderados, pero presento algunas distracciones.",Ninguno,3,Ninguna en especial,5,Muy mala,Moderado,Moderado
22/4/2026 12:01:16,Grupo 5,"Cabanillas Ventocilla, Abigail Jaslin",Masculino,19,71.1,166,Ciencias de la Computación,3,5,4,12.44,Tercio medio,2,Artes marciales / Deportes de contacto,En instalaciones de la universidad,Colectiva,1,"Moderado: Podía hablar en frases cortas, pero me agitaba un poco y necesitaba respirar.",Mañana,"Baja: Fui muy irregular, entrenando solo ocasionalmente.",20,42,"Medio: Logro concentrarme por períodos moderados, pero presento algunas distracciones.","Bebidas energéticas, Bebidas rehidratantes",2,Ninguna en especial,3.5,Mala,Muy alto,Muy alto
22/4/2026 12:02:26,Grupo 3,"De la Cuba Palacios, Fabrizzio Alexander",Femenino,18,57,157,Ingeniería Industrial,3,6,6,16.42,Tercio,4,"Deportes de equipo (Fútbol, Básquet, Vóley, etc.)",En casa,Individual,2,Alto: Me faltaba el aliento rápido y apenas podía decir unas pocas palabras sin parar a tomar aire.,Tarde,"Media: Tuve constancia por algunas semanas, pero con interrupciones frecuentes.",23,4,"Medio: Logro concentrarme por períodos moderados, pero presento algunas distracciones.","Proteína en polvo (Whey, Vegana, Caseína)",5,Alta en proteínas,6,Regular,Alto,Muy alto
22/4/2026 12:05:21,Grupo 9,"Lam Nishiyama, Gustavo Antonio Leng",Femenino,21,55,1.55,Ingeniería Mecatrónica,4,5,4,13,Tercio inferior,1,"Deportes aeróbicos (Correr, Nadar, Ciclismo)","En espacios públicos (parques, canchas, piscinas, etc.)",Individual,3,"Moderado: Podía hablar en frases cortas, pero me agitaba un poco y necesitaba respirar.",Mañana,Alta: Mantuve mi rutina de manera estricta y constante todo el ciclo.,10,6,"Medio: Logro concentrarme por períodos moderados, pero presento algunas distracciones.",Ninguno,4,Ninguna en especial,6,Regular,Moderado,Moderado
22/4/2026 12:05:52,Grupo 9,"Heredia Quispe, Gianella Alessandra",Masculino,19,90,175,Ingeniería Electrónica,2,6,6,16,Décimo,4,Gimnasio / Levantamiento de pesas,En gimnasio,Individual,4,Bajo: Podía mantener una conversación larga o cantar sin ningún esfuerzo,Tarde,"Media: Tuve constancia por algunas semanas, pero con interrupciones frecuentes.",20,5,"Medio: Logro concentrarme por períodos moderados, pero presento algunas distracciones.",Ninguno,3,Ninguna en especial,5,Mala,Moderado,Moderado
22/4/2026 12:08:12,Grupo 4,"Solis Cordova, Pedro Nicolas",Masculino,17,108,190,Ingeniería Industrial,3,6,6,14,Tercio medio,6,"Deportes de equipo (Fútbol, Básquet, Vóley, etc.)",En instalaciones de la universidad,Colectiva,3,"Moderado: Podía hablar en frases cortas, pero me agitaba un poco y necesitaba respirar.",Tarde,"Media: Tuve constancia por algunas semanas, pero con interrupciones frecuentes.",40,6,Alto: Mantengo la concentración durante la mayor parte del tiempo sin distracciones significativas.,Ninguno,4,Ninguna en especial,7,Buena,Moderado,Moderado
22/4/2026 12:08:39,Grupo 9,"Lam Nishiyama, Gustavo Antonio Leng",Masculino,18,94,178,Ingeniería Electrónica,2,6,6,15.9,Décimo,2,Gimnasio / Levantamiento de pesas,En gimnasio,Individual,6,"Moderado: Podía hablar en frases cortas, pero me agitaba un poco y necesitaba respirar.",Noche,"Baja: Fui muy irregular, entrenando solo ocasionalmente.",20,1,Bajo: Me distraigo con facilidad y me cuesta mantener la atención durante el estudio.,Bebidas rehidratantes,4,Ninguna en especial,7,Mala,Muy alto,Muy alto
22/4/2026 12:09:09,Grupo 9,"Lam Nishiyama, Gustavo Antonio Leng",Masculino,21,78,1.7,Ingeniería Mecatrónica,5,5,3,18,Tercio medio,1,"Deportes de equipo (Fútbol, Básquet, Vóley, etc.)","En espacios públicos (parques, canchas, piscinas, etc.)",Colectiva,1,Bajo: Podía mantener una conversación larga o cantar sin ningún esfuerzo,Noche,"Baja: Fui muy irregular, entrenando solo ocasionalmente.",18,4,"Medio: Logro concentrarme por períodos moderados, pero presento algunas distracciones.",Ninguno,2,Ninguna en especial,6,Regular,Muy alto,Muy alto
22/4/2026 12:09:16,Grupo 9,"Lam Nishiyama, Gustavo Antonio Leng",Masculino,18,83,1.77,Ciencias de la Computación,2,6,6,18.75,Décimo,2,"Deportes aeróbicos (Correr, Nadar, Ciclismo)","En espacios públicos (parques, canchas, piscinas, etc.)",Individual,1,Bajo: Podía mantener una conversación larga o cantar sin ningún esfuerzo,Tarde,"Baja: Fui muy irregular, entrenando solo ocasionalmente.",40,10,Alto: Mantengo la concentración durante la mayor parte del tiempo sin distracciones significativas.,Ninguno,4,Ninguna en especial,8,Buena,Moderado,Alto
22/4/2026 12:11:27,Grupo 9,"Lam Nishiyama, Gustavo Antonio Leng",Femenino,18,56,160,Ingeniería Electrónica,2,5,5,16,Quinto,2,"Entrenamiento en casa (Calistenia, Yoga, rutinas por video)",En casa,Individual,1,Bajo: Podía mantener una conversación larga o cantar sin ningún esfuerzo,Tarde,"Baja: Fui muy irregular, entrenando solo ocasionalmente.",22,10,"Medio: Logro concentrarme por períodos moderados, pero presento algunas distracciones.",Ninguno,4,Alta en hierro,6,Muy mala,Moderado,Muy bajo
22/4/2026 12:12:22,Grupo 9,"Lam Nishiyama, Gustavo Antonio Leng",Masculino,18,80,1.77,Ingeniería Mecatrónica,2,7,7,17.5,Décimo,10,Gimnasio / Levantamiento de pesas,En casa,Individual,5,Bajo: Podía mantener una conversación larga o cantar sin ningún esfuerzo,Tarde,Alta: Mantuve mi rutina de manera estricta y constante todo el ciclo.,28,3,"Medio: Logro concentrarme por períodos moderados, pero presento algunas distracciones.",Ninguno,4,Ninguna en especial,6,Regular,Bajo,Bajo
22/4/2026 12:15:02,Grupo 5,"Cabanillas Ventocilla, Abigail Jaslin",Femenino,18,46,1.48,Administración y Negocios Digitales,5,7,7,15.48,Tercio,0,No realizo actividad fisica,,,,,,,20,2,"Medio: Logro concentrarme por períodos moderados, pero presento algunas distracciones.",Ninguno,3,,6,Regular,Alto,Moderado
22/4/2026 12:18:28,Grupo 9,"Lam Nishiyama, Gustavo Antonio Leng",Masculino,18,55,1.68,Ingeniería Electrónica,2,7,7,16.15,Quinto,5,"Entrenamiento en casa (Calistenia, Yoga, rutinas por video)",En casa,Individual,5,"Moderado: Podía hablar en frases cortas, pero me agitaba un poco y necesitaba respirar.",Tarde,"Baja: Fui muy irregular, entrenando solo ocasionalmente.",20,35,"Medio: Logro concentrarme por períodos moderados, pero presento algunas distracciones.",Ninguno,3,Ninguna en especial,8,Buena,Moderado,Moderado
22/4/2026 12:24:31,Grupo 5,"Reyes Neyra, Mariel Azucena",Masculino,19,63,157,Ingeniería Química,3,5,4,14.79,Tercio medio,14,"Entrenamiento en casa (Calistenia, Yoga, rutinas por video)",En casa,Individual,6,Alto: Me faltaba el aliento rápido y apenas podía decir unas pocas palabras sin parar a tomar aire.,Tarde,"Media: Tuve constancia por algunas semanas, pero con interrupciones frecuentes.",17,101,Alto: Mantengo la concentración durante la mayor parte del tiempo sin distracciones significativas.,"Ninguno, Agua y cafe",3,Baja en carbohidratos,5,Muy mala,Muy alto,Muy alto
22/4/2026 12:29:10,Grupo 6,"Carrasco Abarca, Franco Luciano Marcelo",Masculino,18,64,165,Ingeniería Mecatrónica,3,6,4,11.05,Tercio inferior,0,No realizo actividad fisica,,,,,,,25,5,"Medio: Logro concentrarme por períodos moderados, pero presento algunas distracciones.",Ninguno,2,Ninguna en especial,6,Regular,Alto,Alto
22/4/2026 12:38:17,Grupo 1,"Ormachea Mamani, Gabriel",Masculino,18,60,186,Ingeniería Mecánica,2,6,3,15,Tercio,2,Gimnasio / Levantamiento de pesas,En casa,Individual,3,"Moderado: Podía hablar en frases cortas, pero me agitaba un poco y necesitaba respirar.",Mañana,"Baja: Fui muy irregular, entrenando solo ocasionalmente.",20,10,Bajo: Me distraigo con facilidad y me cuesta mantener la atención durante el estudio.,Ninguno,4,Ninguna en especial,5,Muy mala,Muy alto,Muy alto
22/4/2026 12:40:38,Grupo 2,"Rojas Meza, Kiara Luz",Femenino,22,70,163,Ingeniería Industrial,5,4,4,13,Tercio inferior,1,"Entrenamiento en casa (Calistenia, Yoga, rutinas por video)",En casa,Individual,1,Bajo: Podía mantener una conversación larga o cantar sin ningún esfuerzo,Noche,"Baja: Fui muy irregular, entrenando solo ocasionalmente.",20,10,Bajo: Me distraigo con facilidad y me cuesta mantener la atención durante el estudio.,Multivitamínicos y Minerales,2,Ninguna en especial,7,Mala,Alto,Muy alto
22/4/2026 12:51:07,Grupo 6,Ortiz Palomino Renzo Adriano,Masculino,22,81,1.76,Ingeniería Mecatrónica,9,5,5,15.78,Tercio,8,"Deportes de equipo (Fútbol, Básquet, Vóley, etc.)",En gimnasio,Individual,3,"Moderado: Podía hablar en frases cortas, pero me agitaba un poco y necesitaba respirar.",Noche,"Media: Tuve constancia por algunas semanas, pero con interrupciones frecuentes.",20,10,"Medio: Logro concentrarme por períodos moderados, pero presento algunas distracciones.","Bebidas energéticas, Creatina",3,Alta en proteínas,9,Muy buena,Alto,Muy alto
22/4/2026 12:57:26,Grupo 4,"Cueva Loayza, Dayron Saiyuk",Femenino,19,50,1.55,Bioingeniería,5,6,5,13,Tercio inferior,0,No realizo actividad fisica,,,,,,,20,5,"Medio: Logro concentrarme por períodos moderados, pero presento algunas distracciones.","Bebidas energéticas, Multivitamínicos y Minerales",4,Ninguna en especial,7,Regular,Alto,Muy alto
22/4/2026 12:57:46,Grupo 5,"Cabanillas Ventocilla, Abigail Jaslin",Masculino,21,61,167,Ciencia de Datos,7,4,3,14.3,Tercio inferior,3,"Deportes de equipo (Fútbol, Básquet, Vóley, etc.)","En espacios públicos (parques, canchas, piscinas, etc.)",Colectiva,1,"Moderado: Podía hablar en frases cortas, pero me agitaba un poco y necesitaba respirar.",Noche,"Media: Tuve constancia por algunas semanas, pero con interrupciones frecuentes.",20,12,Bajo: Me distraigo con facilidad y me cuesta mantener la atención durante el estudio.,"Bebidas energéticas, Bebidas rehidratantes",4,Ninguna en especial,6,Mala,Moderado,Alto
22/4/2026 13:01:12,Grupo 6,Ortiz Palomino Renzo Adriano,Masculino,21,81,1.74,Ingeniería Industrial,3,3,3,15,Tercio,6,"Deportes de equipo (Fútbol, Básquet, Vóley, etc.)","En espacios públicos (parques, canchas, piscinas, etc.)",Colectiva,3,Bajo: Podía mantener una conversación larga o cantar sin ningún esfuerzo,Mañana,"Media: Tuve constancia por algunas semanas, pero con interrupciones frecuentes.",8,10,"Medio: Logro concentrarme por períodos moderados, pero presento algunas distracciones.","Proteína en polvo (Whey, Vegana, Caseína), Creatina",3,Ninguna en especial,6,Regular,Moderado,Alto
22/4/2026 13:23:00,Grupo 9,"Chipana Ybañez, Josué Manuel",Femenino,20,60,1.58,Ingeniería Industrial,2,7,4,5,Tercio inferior,0,No realizo actividad fisica,,,,,,,48,12,"Medio: Logro concentrarme por períodos moderados, pero presento algunas distracciones.",Ninguno,4,Baja en carbohidratos,6,Regular,Alto,Alto
22/4/2026 13:28:17,Grupo 3,"De la Cuba Palacios, Fabrizzio Alexander",Femenino,18,56,160,Bioingeniería,5,5,5,18.17,Décimo,2,Caminata,"En espacios públicos (parques, canchas, piscinas, etc.)",Individual,4,"Moderado: Podía hablar en frases cortas, pero me agitaba un poco y necesitaba respirar.",Noche,"Baja: Fui muy irregular, entrenando solo ocasionalmente.",14,4,Alto: Mantengo la concentración durante la mayor parte del tiempo sin distracciones significativas.,"Bebidas energéticas, Multivitamínicos y Minerales",3,Ninguna en especial,8,Muy buena,Moderado,Alto
22/4/2026 13:29:27,Grupo 1,"Canepa Noya, Doménico",Masculino,18,62,181,Ingeniería Mecatrónica,3,6,5,13.2,Tercio medio,7,"Entrenamiento en casa (Calistenia, Yoga, rutinas por video)",En casa,Individual,6,"Moderado: Podía hablar en frases cortas, pero me agitaba un poco y necesitaba respirar.",Noche,"Media: Tuve constancia por algunas semanas, pero con interrupciones frecuentes.",15,01,"Medio: Logro concentrarme por períodos moderados, pero presento algunas distracciones.","Bebidas energéticas, Bebidas rehidratantes, Multivitamínicos y Minerales, Proteína en polvo (Whey, Vegana, Caseína)",4,Ninguna en especial,6,Mala,Bajo,Moderado
22/4/2026 13:34:24,Grupo 5,"Arica Reyes, Ady Gabriela",Masculino,22,60,170,Ingeniería Civil,10,4,4,16.75,Décimo,1,"Deportes de equipo (Fútbol, Básquet, Vóley, etc.)","En espacios públicos (parques, canchas, piscinas, etc.)",Colectiva,1,"Moderado: Podía hablar en frases cortas, pero me agitaba un poco y necesitaba respirar.",Noche,"Baja: Fui muy irregular, entrenando solo ocasionalmente.",12,8,Bajo: Me distraigo con facilidad y me cuesta mantener la atención durante el estudio.,Ninguno,4,Ninguna en especial,6,Mala,Bajo,Moderado
22/4/2026 13:41:13,Grupo 5,"Arica Reyes, Ady Gabriela",Femenino,20,50,1.57,Ingeniería Civil,8,6,6,17.5,Quinto,1,No realizo actividad fisica,,,,,,,4,4,"Medio: Logro concentrarme por períodos moderados, pero presento algunas distracciones.",Ninguno,4,Ninguna en especial,8,Buena,Moderado,Moderado
22/4/2026 13:41:32,Grupo 5,"Arica Reyes, Ady Gabriela",Masculino,26,56.5,170,Ingeniería Civil,Más de 10,3,3,13,Tercio inferior,1,"Deportes de equipo (Fútbol, Básquet, Vóley, etc.)","En espacios públicos (parques, canchas, piscinas, etc.)",Individual,2,"Moderado: Podía hablar en frases cortas, pero me agitaba un poco y necesitaba respirar.",Noche,"Media: Tuve constancia por algunas semanas, pero con interrupciones frecuentes.",9,2,"Medio: Logro concentrarme por períodos moderados, pero presento algunas distracciones.",Ninguno,3,Ninguna en especial,6,Regular,Moderado,Alto
22/4/2026 13:43:16,Grupo 8,"Huertos Ochoa, Rodrigo Franco",Femenino,18,40,150,Ciencias de la Computación,3,6,6,15.6,Tercio,3,"Entrenamiento en casa (Calistenia, Yoga, rutinas por video)",En casa,Individual,3,"Moderado: Podía hablar en frases cortas, pero me agitaba un poco y necesitaba respirar.",Noche,"Media: Tuve constancia por algunas semanas, pero con interrupciones frecuentes.",75,20,"Medio: Logro concentrarme por períodos moderados, pero presento algunas distracciones.",Bebidas energéticas,4,Ninguna en especial,5,Mala,Alto,Alto
22/4/2026 13:47:25,Grupo 8,"Castillo Castro, Rafael Adrián",Prefiero no decirlo / Otro,29,99,160,Ingeniería Civil,Más de 10,7,8,19.8,Décimo,0.1,No realizo actividad fisica,,,,,,,2,0.1,Bajo: Me distraigo con facilidad y me cuesta mantener la atención durante el estudio.,"Bebidas energéticas, Bebidas rehidratantes, Multivitamínicos y Minerales, Polvos Pre-Entreno, Proteína en polvo (Whey, Vegana, Caseína), Mass gainers, Creatina, Ninguno, Creatina",8,Baja en proteínas,25,Muy buena,Muy bajo,Muy bajo
22/4/2026 13:48:22,Grupo 5,"Arica Reyes, Ady Gabriela",Femenino,22,55,157,Ingeniería Ambiental,10,4,4,18,Décimo,6,Fútbol y pilates ,Otros,Individual,3,"Moderado: Podía hablar en frases cortas, pero me agitaba un poco y necesitaba respirar.",Mañana,Alta: Mantuve mi rutina de manera estricta y constante todo el ciclo.,15,4,"Medio: Logro concentrarme por períodos moderados, pero presento algunas distracciones.",Ninguno,4,Ninguna en especial,6,Regular,Bajo,Moderado
22/4/2026 13:53:07,Grupo 5,"Arica Reyes, Ady Gabriela",Masculino,22,55,1.65,Ingeniería Civil,10,2,2,16,Quinto,4,No realizo actividad fisica,,,,,,,7,18,"Medio: Logro concentrarme por períodos moderados, pero presento algunas distracciones.",Ninguno,3,Ninguna en especial,4,Muy mala,Bajo,Muy alto
22/4/2026 13:57:34,Grupo 2,"Collazos Solís, Maxwell Lupo Gregorio",Femenino,20,58,157,Ciencias de la Computación,3,6,4,12.5,Tercio inferior,1,"Deportes aeróbicos (Correr, Nadar, Ciclismo)","En espacios públicos (parques, canchas, piscinas, etc.)",Individual,1,"Moderado: Podía hablar en frases cortas, pero me agitaba un poco y necesitaba respirar.",Noche,"Baja: Fui muy irregular, entrenando solo ocasionalmente.",25,18,"Medio: Logro concentrarme por períodos moderados, pero presento algunas distracciones.",Ninguno,3,Baja en carbohidratos,6,Mala,Muy alto,Moderado
22/4/2026 14:02:30,Grupo 5,"Arica Reyes, Ady Gabriela",Femenino,22,50,155,Ingeniería Ambiental,9,6,6,16.57,Tercio,4,"Deportes aeróbicos (Correr, Nadar, Ciclismo)","En espacios públicos (parques, canchas, piscinas, etc.)",Colectiva,2,"Moderado: Podía hablar en frases cortas, pero me agitaba un poco y necesitaba respirar.",Mañana,"Media: Tuve constancia por algunas semanas, pero con interrupciones frecuentes.",4,30,Alto: Mantengo la concentración durante la mayor parte del tiempo sin distracciones significativas.,"Bebidas rehidratantes, Ninguno",5,Alta en proteínas,6,Regular,Moderado,Moderado
22/4/2026 14:03:10,Grupo 5,"Reyes Neyra, Mariel Azucena",Masculino,18,54,174,Sistemas de la Información,3,6,6,15.85,Tercio medio,4,Artes marciales / Deportes de contacto,En instalaciones de la universidad,Colectiva,2,Alto: Me faltaba el aliento rápido y apenas podía decir unas pocas palabras sin parar a tomar aire.,Tarde,"Media: Tuve constancia por algunas semanas, pero con interrupciones frecuentes.",30,6,Bajo: Me distraigo con facilidad y me cuesta mantener la atención durante el estudio.,"Proteína en polvo (Whey, Vegana, Caseína)",3,Alta en proteínas,8,Buena,Moderado,Bajo
22/4/2026 14:06:27,Grupo 5,"Arica Reyes, Ady Gabriela",Masculino,21,86,184,Ingeniería Civil,10,4,4,15.36,Tercio,5,"Entrenamiento en casa (Calistenia, Yoga, rutinas por video)",En casa,Individual,4,"Moderado: Podía hablar en frases cortas, pero me agitaba un poco y necesitaba respirar.",Noche,"Baja: Fui muy irregular, entrenando solo ocasionalmente.",15,7,"Medio: Logro concentrarme por períodos moderados, pero presento algunas distracciones.",Ninguno,3,Ninguna en especial,7,Regular,Moderado,Alto
22/4/2026 14:08:26,Grupo 5,"Arica Reyes, Ady Gabriela",Femenino,22,56,158,Ingeniería Mecánica,9,4,4,18,Décimo,50,"Deportes aeróbicos (Correr, Nadar, Ciclismo)","En espacios públicos (parques, canchas, piscinas, etc.)",Individual,2,"Moderado: Podía hablar en frases cortas, pero me agitaba un poco y necesitaba respirar.",Noche,"Media: Tuve constancia por algunas semanas, pero con interrupciones frecuentes.",10,5,Alto: Mantengo la concentración durante la mayor parte del tiempo sin distracciones significativas.,Bebidas rehidratantes,4,Ninguna en especial,7,Buena,Alto,Alto
22/4/2026 14:11:08,Grupo 5,"Arica Reyes, Ady Gabriela",Femenino,22,66,1.55,Ingeniería Civil,10,6,6,15.16,Tercio,0,No realizo actividad fisica,,,,,,,16,6,"Medio: Logro concentrarme por períodos moderados, pero presento algunas distracciones.",Bebidas energéticas,4,Ninguna en especial,7,Mala,Alto,Muy alto
22/4/2026 14:12:47,Grupo 2,"Manrique Romero, Oriana Manuela Fe",Masculino,99,999,9999,Ciencias de la Computación,10,9,10,19.92392392,Décimo,169,Ajedrez bajo el agua.,En instalaciones de la universidad,Colectiva,8,Bajo: Podía mantener una conversación larga o cantar sin ningún esfuerzo,Noche,Alta: Mantuve mi rutina de manera estricta y constante todo el ciclo.,20,30,Bajo: Me distraigo con facilidad y me cuesta mantener la atención durante el estudio.,No nada🐈 ,4,Full suplementos PAPEO,247,Muy buena,Muy bajo,Muy bajo
22/4/2026 14:14:33,Grupo 8,"Castillo Castro, Rafael Adrián",Masculino,35,77,180,Ingeniería Mecatrónica,6,2,1,15,Quinto,6,Gimnasio / Levantamiento de pesas,En gimnasio,Individual,3,"Moderado: Podía hablar en frases cortas, pero me agitaba un poco y necesitaba respirar.",Noche,Alta: Mantuve mi rutina de manera estricta y constante todo el ciclo.,6,2,"Medio: Logro concentrarme por períodos moderados, pero presento algunas distracciones.",Ninguno,4,Balanceada diseñada por nutricionista,7,Regular,Moderado,Moderado
22/4/2026 14:16:00,Grupo 5,"Cabanillas Ventocilla, Abigail Jaslin",Femenino,18,60,160,Ingeniería Civil,3,6,6,18.02,Décimo,1,"Entrenamiento en casa (Calistenia, Yoga, rutinas por video)",En casa,Individual,2,Bajo: Podía mantener una conversación larga o cantar sin ningún esfuerzo,Mañana,"Baja: Fui muy irregular, entrenando solo ocasionalmente.",25,30,"Medio: Logro concentrarme por períodos moderados, pero presento algunas distracciones.",Ninguno,3,Ninguna en especial,5,Regular,Muy alto,Muy alto
22/4/2026 14:16:15,Grupo 5,"Arica Reyes, Ady Gabriela",Femenino,17,44,151,Ciencia de Datos,3,6,6,16.6,Quinto,4,"Deportes de equipo (Fútbol, Básquet, Vóley, etc.)",En instalaciones de la universidad,Colectiva,2,"Moderado: Podía hablar en frases cortas, pero me agitaba un poco y necesitaba respirar.",Tarde,Alta: Mantuve mi rutina de manera estricta y constante todo el ciclo.,25,10,Alto: Mantengo la concentración durante la mayor parte del tiempo sin distracciones significativas.,Ninguno,3,Ninguna en especial,6,Buena,Alto,Moderado
22/4/2026 14:17:03,Grupo 6,Diego Alonso Barturen Torres,Masculino,18,67,1.71,Ingeniería Civil,3,6,5,15,Décimo,4,Gimnasio / Levantamiento de pesas,En gimnasio,Individual,2,Bajo: Podía mantener una conversación larga o cantar sin ningún esfuerzo,Mañana,"Media: Tuve constancia por algunas semanas, pero con interrupciones frecuentes.",24,12,"Medio: Logro concentrarme por períodos moderados, pero presento algunas distracciones.",Agua siuuu,3,Ninguna en especial,7,Buena,Moderado,Moderado
22/4/2026 14:17:28,Grupo 5,"Arica Reyes, Ady Gabriela",Femenino,22,54,157,Ingeniería Civil,10,6,6,16.46,Tercio,1,Danza,En casa,Individual,3,Bajo: Podía mantener una conversación larga o cantar sin ningún esfuerzo,Noche,"Media: Tuve constancia por algunas semanas, pero con interrupciones frecuentes.",4,7,"Medio: Logro concentrarme por períodos moderados, pero presento algunas distracciones.","Bebidas energéticas, Multivitamínicos y Minerales",3,Ninguna en especial,5,Mala,Alto,Muy alto
22/4/2026 14:19:51,Grupo 5,"Arica Reyes, Ady Gabriela",Masculino,24,69,169,Ingeniería Civil,10,6,6,15.6,Décimo,4,No realizo actividad fisica,,,,,,,15,2,Bajo: Me distraigo con facilidad y me cuesta mantener la atención durante el estudio.,Ninguno,4,Ninguna en especial,7,Buena,Moderado,Moderado
22/4/2026 14:35:29,Grupo 4,"Obregon Carhuavilca, Alondra Solange",Masculino,19,70,1.79,Ingeniería Industrial,3,6,6,14.45,Tercio medio,0,No realizo actividad fisica,,,,,,,22,5,"Medio: Logro concentrarme por períodos moderados, pero presento algunas distracciones.",Ninguno,4,Ninguna en especial,8,Regular,Moderado,Moderado
22/4/2026 14:36:56,Grupo 5,"Arica Reyes, Ady Gabriela",Masculino,24,79,168,Ingeniería Civil,8,7,7,14.79,Tercio medio,0,No realizo actividad fisica,,,,,,,24,28,"Medio: Logro concentrarme por períodos moderados, pero presento algunas distracciones.",Ninguno,3,Ninguna en especial,6,Regular,Alto,Muy alto
22/4/2026 14:45:34,Grupo 5,"Arica Reyes, Ady Gabriela",Masculino,22,70,168,Ingeniería Civil,10,7,7,14.7,Tercio,1,Gimnasio / Levantamiento de pesas,En casa,Individual,1,"Moderado: Podía hablar en frases cortas, pero me agitaba un poco y necesitaba respirar.",Noche,"Baja: Fui muy irregular, entrenando solo ocasionalmente.",14,30,"Medio: Logro concentrarme por períodos moderados, pero presento algunas distracciones.","Bebidas energéticas, Bebidas rehidratantes",7,Ninguna en especial,6,Regular,Muy alto,Alto
22/4/2026 15:03:34,Grupo 6,"Vargas Saravia, Daniela Alessandra",Prefiero no decirlo / Otro,18,60,160,Ingeniería Mecatrónica,3,5,4,13,Tercio medio,0,No realizo actividad fisica,,,,,,,20,10,"Medio: Logro concentrarme por períodos moderados, pero presento algunas distracciones.",Cafe,3,Baja en carbohidratos,6,Muy mala,Alto,Muy alto
22/4/2026 15:26:51,Grupo 5,"Arica Reyes, Ady Gabriela",Femenino,22,63,152,Ingeniería Civil,10,7,7,14.45,Quinto,1,"Entrenamiento en casa (Calistenia, Yoga, rutinas por video)",En casa,Individual,3,"Moderado: Podía hablar en frases cortas, pero me agitaba un poco y necesitaba respirar.",Mañana,"Media: Tuve constancia por algunas semanas, pero con interrupciones frecuentes.",18,3,"Medio: Logro concentrarme por períodos moderados, pero presento algunas distracciones.",Ninguno,4,Recomendada por mi nutricionista,6,Regular,Alto,Muy alto
22/4/2026 15:27:49,Grupo 1,"Canepa Noya, Doménico",Masculino,18,60,171,Ingeniería Electrónica,3,6,6,16,Quinto,6,Gimnasio / Levantamiento de pesas,En gimnasio,Individual,6,"Moderado: Podía hablar en frases cortas, pero me agitaba un poco y necesitaba respirar.",Tarde,"Media: Tuve constancia por algunas semanas, pero con interrupciones frecuentes.",7,1,"Medio: Logro concentrarme por períodos moderados, pero presento algunas distracciones.","Proteína en polvo (Whey, Vegana, Caseína), Creatina",3,Ninguna en especial,8,Buena,Bajo,Moderado
22/4/2026 15:41:08,Grupo 9,"Heredia Quispe, Gianella Alessandra",Masculino,19,70,170,Ciencia de Datos,5,6,6,16.57,Quinto,1,"Deportes aeróbicos (Correr, Nadar, Ciclismo)","En espacios públicos (parques, canchas, piscinas, etc.)",Individual,1,"Moderado: Podía hablar en frases cortas, pero me agitaba un poco y necesitaba respirar.",Mañana,"Baja: Fui muy irregular, entrenando solo ocasionalmente.",29,35,"Medio: Logro concentrarme por períodos moderados, pero presento algunas distracciones.",Ninguno,4,Ninguna en especial,6,Regular,Alto,Alto
22/4/2026 15:46:37,Grupo 1,"Canepa Noya, Doménico",Masculino,67,67,67,Ingeniería Química,2,67,67,67,Décimo,67,Paja,En instalaciones de la universidad,Colectiva,67,Alto: Me faltaba el aliento rápido y apenas podía decir unas pocas palabras sin parar a tomar aire.,Tarde,Alta: Mantuve mi rutina de manera estricta y constante todo el ciclo.,67,67,Alto: Mantengo la concentración durante la mayor parte del tiempo sin distracciones significativas.,"Bebidas energéticas, Bebidas rehidratantes, Multivitamínicos y Minerales, Polvos Pre-Entreno, Proteína en polvo (Whey, Vegana, Caseína), Mass gainers, Creatina, Ninguno, Semensito",67,Ninguna en especial,67,Muy buena,Muy bajo,Muy alto
22/4/2026 15:47:38,Grupo 9,"Heredia Quispe, Gianella Alessandra",Femenino,19,50,160,Administración y Negocios Digitales,3,6,6,19.32,Décimo,0,No realizo actividad fisica,,,,,,,26,50,"Medio: Logro concentrarme por períodos moderados, pero presento algunas distracciones.",Ninguno,3,Ninguna en especial,5,Regular,Alto,Alto
22/4/2026 16:41:04,Grupo 4,"Gamboa Sánchez, Guillermo Valentino",Masculino,18,48,165,Ciencias de la Computación,3,6,6,14.8,Tercio medio,2,"Deportes aeróbicos (Correr, Nadar, Ciclismo)","En espacios públicos (parques, canchas, piscinas, etc.)",Individual,2,"Moderado: Podía hablar en frases cortas, pero me agitaba un poco y necesitaba respirar.",Tarde,"Media: Tuve constancia por algunas semanas, pero con interrupciones frecuentes.",25,10,"Medio: Logro concentrarme por períodos moderados, pero presento algunas distracciones.",Bebidas energéticas,2,Ninguna en especial,5,Regular,Moderado,Alto
22/4/2026 16:42:57,Grupo 5,"Reyes Neyra, Mariel Azucena",Femenino,25,56,160,Ciencias de la Computación,10,4,4,16,Tercio,2,"Deportes aeróbicos (Correr, Nadar, Ciclismo)","En espacios públicos (parques, canchas, piscinas, etc.)",Individual,4,Bajo: Podía mantener una conversación larga o cantar sin ningún esfuerzo,Mañana,"Media: Tuve constancia por algunas semanas, pero con interrupciones frecuentes.",32,30,"Medio: Logro concentrarme por períodos moderados, pero presento algunas distracciones.",Ninguno,3,Ninguna en especial,5,Regular,Alto,Muy alto
22/4/2026 16:45:49,Grupo 2,"Rojas Meza, Kiara Luz",Masculino,20,56,176,Ciencias de la Computación,3,5,4,16.14,Tercio,1,"Deportes aeróbicos (Correr, Nadar, Ciclismo)",En casa,Individual,2,Bajo: Podía mantener una conversación larga o cantar sin ningún esfuerzo,Noche,"Baja: Fui muy irregular, entrenando solo ocasionalmente.",19,2,"Medio: Logro concentrarme por períodos moderados, pero presento algunas distracciones.",Ninguno,4,Ninguna en especial,7,Mala,Alto,Alto
22/4/2026 16:46:56,Grupo 1,"Lopez Cueto, Camila Alejandra",Masculino,19,83,1.6,Ingeniería Mecatrónica,2,7,6,12.3,Tercio inferior,1,No realizo actividad fisica,,,,,,,23,01,"Medio: Logro concentrarme por períodos moderados, pero presento algunas distracciones.",Bebidas energéticas,3,Ninguna en especial,8,Muy buena,Bajo,Moderado
22/4/2026 16:47:08,Grupo 1,"Lopez Cueto, Camila Alejandra",Masculino,19,80,170,Ingeniría de la Energía,2,7,7,16,Décimo,1,"Deportes aeróbicos (Correr, Nadar, Ciclismo)",En casa,Individual,1,Bajo: Podía mantener una conversación larga o cantar sin ningún esfuerzo,Noche,"Media: Tuve constancia por algunas semanas, pero con interrupciones frecuentes.",23,01,"Medio: Logro concentrarme por períodos moderados, pero presento algunas distracciones.",Bebidas rehidratantes,4,Ninguna en especial,7,Regular,Bajo,Bajo
22/4/2026 16:49:12,Grupo 8,"Bances Núñez, Nadia Estefanía",Femenino,19,56,160,Ingeniería Mecatrónica,3,6,6,16,Tercio inferior,0,No realizo actividad fisica,,,,,,,20,10,"Medio: Logro concentrarme por períodos moderados, pero presento algunas distracciones.",Ninguno,5,Ninguna en especial,6,Regular,Moderado,Alto
22/4/2026 16:50:15,Grupo 8,"Bances Núñez, Nadia Estefanía",Masculino,19,73,175,Ingeniería Química,3,6,6,15.86,Tercio,4,Caminata,En gimnasio,Individual,1,Bajo: Podía mantener una conversación larga o cantar sin ningún esfuerzo,Tarde,"Baja: Fui muy irregular, entrenando solo ocasionalmente.",20,12,"Medio: Logro concentrarme por períodos moderados, pero presento algunas distracciones.",Bebidas energéticas,2,Mediterránea ,5,Mala,Alto,Moderado
22/4/2026 16:51:21,Grupo 8,"Bances Núñez, Nadia Estefanía",Masculino,18,49,169,Ingeniería Mecatrónica,3,6,6,16.9,Décimo,2,Barrer y trapear,En casa,Individual,2,Bajo: Podía mantener una conversación larga o cantar sin ningún esfuerzo,Mañana,"Media: Tuve constancia por algunas semanas, pero con interrupciones frecuentes.",15,14,Alto: Mantengo la concentración durante la mayor parte del tiempo sin distracciones significativas.,Ninguno,4,Ninguna en especial,5,Regular,Moderado,Moderado
22/4/2026 16:51:26,Grupo 8,"Bances Núñez, Nadia Estefanía",Masculino,18,80,174,Ingeniería Mecatrónica,3,6,6,16,Quinto,0,No realizo actividad fisica,,,,,,,200,1000,"Medio: Logro concentrarme por períodos moderados, pero presento algunas distracciones.",NA,3,Ninguna en especial,7,Mala,Alto,Moderado
22/4/2026 16:54:56,Grupo 5,"Cabanillas Ventocilla, Abigail Jaslin",Femenino,18,57,162,Ciencias de la Computación,3,7,5,14.34,Tercio medio,0,No realizo actividad fisica,,,,,,,28,30,Bajo: Me distraigo con facilidad y me cuesta mantener la atención durante el estudio.,Ninguno,6,Ninguna en especial,7,Muy mala,Muy alto,Muy alto
22/4/2026 16:59:33,Grupo 4,"Cueva Loayza, Dayron Saiyuk",Masculino,18,74,174,Ciencia de Datos,3,7,7,18.3,Tercio,2.5,"Deportes de equipo (Fútbol, Básquet, Vóley, etc.)",Otros,Colectiva,2,"Moderado: Podía hablar en frases cortas, pero me agitaba un poco y necesitaba respirar.",Noche,"Media: Tuve constancia por algunas semanas, pero con interrupciones frecuentes.",15,5,Alto: Mantengo la concentración durante la mayor parte del tiempo sin distracciones significativas.,"Bebidas energéticas, Bebidas rehidratantes",5,Ninguna en especial,7,Buena,Moderado,Moderado
22/4/2026 17:09:27,Grupo 5,"Cabanillas Ventocilla, Abigail Jaslin",Femenino,19,55,1.65,Bioingeniería,3,6,6,14.5,Tercio,3,"Deportes aeróbicos (Correr, Nadar, Ciclismo)","En espacios públicos (parques, canchas, piscinas, etc.)",Individual,3,"Moderado: Podía hablar en frases cortas, pero me agitaba un poco y necesitaba respirar.",Tarde,"Media: Tuve constancia por algunas semanas, pero con interrupciones frecuentes.",15,12,"Medio: Logro concentrarme por períodos moderados, pero presento algunas distracciones.",Monster,3,Alta en proteínas,6,Regular,Moderado,Alto
22/4/2026 17:18:08,Grupo 8,"Bances Núñez, Nadia Estefanía",Masculino,18,63,165,Ingeniería Mecatrónica,3,6,6,13.3,Tercio medio,2,"Deportes de equipo (Fútbol, Básquet, Vóley, etc.)","En espacios públicos (parques, canchas, piscinas, etc.)",Colectiva,3,"Moderado: Podía hablar en frases cortas, pero me agitaba un poco y necesitaba respirar.",Tarde,"Baja: Fui muy irregular, entrenando solo ocasionalmente.",23,10,"Medio: Logro concentrarme por períodos moderados, pero presento algunas distracciones.","Bebidas energéticas, Bebidas rehidratantes, Ninguno",4,Ninguna en especial,4,Mala,Alto,Muy alto
22/4/2026 17:18:35,Grupo 4,"Obregon Carhuavilca, Alondra Solange",Femenino,20,72,151,Ingeniería Electrónica,7,6,4,12,Tercio inferior,0,No realizo actividad fisica,,,,,,,60,30,Bajo: Me distraigo con facilidad y me cuesta mantener la atención durante el estudio.,Bebidas energéticas,2,Ninguna en especial,5,Regular,Alto,Muy alto
22/4/2026 17:27:20,Grupo 2,"Collazos Solís, Maxwell Lupo Gregorio",Masculino,18,88,183,Ciencia de Datos,3,5,5,12,Tercio inferior,0,No realizo actividad fisica,,,,,,,20,1,Bajo: Me distraigo con facilidad y me cuesta mantener la atención durante el estudio.,Ninguno,6,,6,Muy mala,Muy alto,Muy alto
22/4/2026 17:30:57,Grupo 5,"Arica Reyes, Ady Gabriela",Femenino,21,63,168,Bioingeniería,5,5,5,16.44,Tercio,12,Artes marciales / Deportes de contacto,En instalaciones de la universidad,Colectiva,5,"Moderado: Podía hablar en frases cortas, pero me agitaba un poco y necesitaba respirar.",Tarde,"Media: Tuve constancia por algunas semanas, pero con interrupciones frecuentes.",20,8,"Medio: Logro concentrarme por períodos moderados, pero presento algunas distracciones.","Bebidas rehidratantes, Multivitamínicos y Minerales",3,Baja en carbohidratos,6,Mala,Alto,Muy alto
22/4/2026 17:31:09,Grupo 1,"Lopez Cueto, Camila Alejandra",Masculino,19,59,168,Ingeniería Mecatrónica,4,5,5,19.1,Décimo,0,No realizo actividad fisica,,,,,,,18,49,Alto: Mantengo la concentración durante la mayor parte del tiempo sin distracciones significativas.,Ninguno,4,Ninguna en especial,3.5,Muy mala,Muy alto,Muy alto
22/4/2026 17:33:03,Grupo 2,"Rojas Meza, Kiara Luz",Femenino,19,55,153,Ciencia de Datos,5,5,5,16.23,Quinto,4,"Entrenamiento en casa (Calistenia, Yoga, rutinas por video)",En casa,Individual,2,Bajo: Podía mantener una conversación larga o cantar sin ningún esfuerzo,Mañana,Alta: Mantuve mi rutina de manera estricta y constante todo el ciclo.,26,4,"Medio: Logro concentrarme por períodos moderados, pero presento algunas distracciones.",Ninguno,5,Ninguna en especial,6,Regular,Muy alto,Muy alto
22/4/2026 17:43:08,Grupo 2,"Rojas Meza, Kiara Luz",Femenino,19,44,138,Ciencia de Datos,5,4,4,12.05,Tercio inferior,0,No realizo actividad fisica,,,,,,,17,8,"Medio: Logro concentrarme por períodos moderados, pero presento algunas distracciones.",Bebidas energéticas,4,Ninguna en especial,5,Buena,Bajo,Bajo
22/4/2026 17:43:52,Grupo 5,"Portal Ruiz, Axel Roberth",Masculino,22,78,1.65,Ingeniería Industrial,4,6,5,15.44,Tercio,0.5,No realizo actividad fisica,,,,,,,23,4,Bajo: Me distraigo con facilidad y me cuesta mantener la atención durante el estudio.,Ninguno,4,Ninguna en especial,6,Mala,Alto,Muy alto
22/4/2026 17:51:23,Grupo 2,"Guerrero Cedrón, Antonio Jorge",Masculino,21,90,172,Ciencias de la Computación,9,5,4,15.06,Tercio medio,4,Gimnasio / Levantamiento de pesas,En gimnasio,Individual,2,"Moderado: Podía hablar en frases cortas, pero me agitaba un poco y necesitaba respirar.",Tarde,"Baja: Fui muy irregular, entrenando solo ocasionalmente.",25,25,"Medio: Logro concentrarme por períodos moderados, pero presento algunas distracciones.","Proteína en polvo (Whey, Vegana, Caseína)",4,Ninguna en especial,7,Regular,Moderado,Alto
22/4/2026 17:52:52,Grupo 2,"Rojas Meza, Kiara Luz",Masculino,71,0.1,60,Ciencias de la Computación,Más de 10,9,1,20,Décimo,0,Polo,Otros,Colectiva,61,Bajo: Podía mantener una conversación larga o cantar sin ningún esfuerzo,Noche,"Baja: Fui muy irregular, entrenando solo ocasionalmente.",1,70,"Medio: Logro concentrarme por períodos moderados, pero presento algunas distracciones.",.,7,Ninguna en especial,8,Regular,Moderado,Moderado
22/4/2026 17:59:43,Grupo 2,"Guerrero Cedrón, Antonio Jorge",Masculino,18,70,172,Ingeniería Mecatrónica,3,8,8,16,Tercio,20,"Deportes de equipo (Fútbol, Básquet, Vóley, etc.)",En casa,Individual,7,Bajo: Podía mantener una conversación larga o cantar sin ningún esfuerzo,Noche,Alta: Mantuve mi rutina de manera estricta y constante todo el ciclo.,18,7,"Medio: Logro concentrarme por períodos moderados, pero presento algunas distracciones.","Ninguno, ",4,Ninguna en especial,8,Buena,Muy bajo,Muy bajo
22/4/2026 18:01:33,Grupo 2,"Guerrero Cedrón, Antonio Jorge",Femenino,19,75,161,Ingeniería Química,5,5,5,16,Quinto,2,"Entrenamiento en casa (Calistenia, Yoga, rutinas por video)",En casa,Individual,3,"Moderado: Podía hablar en frases cortas, pero me agitaba un poco y necesitaba respirar.",Mañana,"Media: Tuve constancia por algunas semanas, pero con interrupciones frecuentes.",23,12,Alto: Mantengo la concentración durante la mayor parte del tiempo sin distracciones significativas.,Ninguno,4,Ninguna en especial,7,Buena,Moderado,Bajo
22/4/2026 18:06:37,Grupo 2,"Rojas Meza, Kiara Luz",Femenino,19,55.8,1.58,Ciencia de Datos,5,6,5,14.8,Tercio medio,0,No realizo actividad fisica,,,,,,,30,10,"Medio: Logro concentrarme por períodos moderados, pero presento algunas distracciones.",Ninguno,4,Ninguna en especial,6,Regular,Moderado,Moderado
22/4/2026 18:07:09,Grupo 2,"Rojas Meza, Kiara Luz",Femenino,19,55,165,Ciencias de la Computación,5,5,4,14,Tercio medio,4,"Deportes aeróbicos (Correr, Nadar, Ciclismo)",En casa,Individual,2,"Moderado: Podía hablar en frases cortas, pero me agitaba un poco y necesitaba respirar.",Tarde,"Media: Tuve constancia por algunas semanas, pero con interrupciones frecuentes.",20,20,"Medio: Logro concentrarme por períodos moderados, pero presento algunas distracciones.",Ninguno,4,Ninguna en especial,6,Regular,Moderado,Alto
22/4/2026 18:14:01,Grupo 2,"Rojas Meza, Kiara Luz",Femenino,18,92,165,Ciencia de Datos,5,2,1,12,Tercio medio,2,Corría de los perros de mi barrio al menos 40 minutos al día.,Otros,Colectiva,5,Alto: Me faltaba el aliento rápido y apenas podía decir unas pocas palabras sin parar a tomar aire.,Mañana,Alta: Mantuve mi rutina de manera estricta y constante todo el ciclo.,8,12,Alto: Mantengo la concentración durante la mayor parte del tiempo sin distracciones significativas.,Bebidas energéticas,1,Ninguna en especial,4,Muy mala,Muy alto,Muy alto
22/4/2026 18:15:24,Grupo 2,"Manrique Romero, Oriana Manuela Fe",Masculino,19,83,184,Ciencias de la Computación,5,6,5,14.6,Tercio medio,8,Gimnasio / Levantamiento de pesas,En gimnasio,Individual,5,Bajo: Podía mantener una conversación larga o cantar sin ningún esfuerzo,Tarde,Alta: Mantuve mi rutina de manera estricta y constante todo el ciclo.,26,40,"Medio: Logro concentrarme por períodos moderados, pero presento algunas distracciones.","Multivitamínicos y Minerales, Polvos Pre-Entreno, Proteína en polvo (Whey, Vegana, Caseína), Creatina",5,Alta en proteínas,4,Muy mala,Muy alto,Muy alto
22/4/2026 18:15:29,Grupo 9,"Lam Nishiyama, Gustavo Antonio Leng",Masculino,21,80,165,Ingeniería Mecatrónica,9,5,4,15.1,Tercio medio,1,"Deportes de equipo (Fútbol, Básquet, Vóley, etc.)","En espacios públicos (parques, canchas, piscinas, etc.)",Colectiva,1,Bajo: Podía mantener una conversación larga o cantar sin ningún esfuerzo,Tarde,"Baja: Fui muy irregular, entrenando solo ocasionalmente.",18,10,Bajo: Me distraigo con facilidad y me cuesta mantener la atención durante el estudio.,Bebidas energéticas,3,Ninguna en especial,5,Regular,Alto,Alto
22/4/2026 18:21:54,Grupo 2,"Manrique Romero, Oriana Manuela Fe",Femenino,23,68,172,Ciencias de la Computación,10,3,5,14.5,Tercio,4,"Deportes aeróbicos (Correr, Nadar, Ciclismo)",En gimnasio,Individual,3,"Moderado: Podía hablar en frases cortas, pero me agitaba un poco y necesitaba respirar.",Tarde,"Media: Tuve constancia por algunas semanas, pero con interrupciones frecuentes.",18,10,Alto: Mantengo la concentración durante la mayor parte del tiempo sin distracciones significativas.,Creatina,4,Ninguna en especial,7,Regular,Muy alto,Moderado
22/4/2026 18:41:14,Grupo 8,"Castillo Castro, Rafael Adrián",Masculino,18,76,168,Ciencias de la Computación,3,6,6,16.38,Quinto,2,"Deportes de equipo (Fútbol, Básquet, Vóley, etc.)","En espacios públicos (parques, canchas, piscinas, etc.)",Colectiva,1,"Moderado: Podía hablar en frases cortas, pero me agitaba un poco y necesitaba respirar.",Noche,"Baja: Fui muy irregular, entrenando solo ocasionalmente.",22,14,Alto: Mantengo la concentración durante la mayor parte del tiempo sin distracciones significativas.,"Bebidas energéticas, Proteína en polvo (Whey, Vegana, Caseína)",3,Ninguna en especial,7,Buena,Moderado,Moderado
22/4/2026 18:46:10,Grupo 6,Diego Alonso Barturen Torres,Masculino,18,65,174,Ingeniería Civil,3,8,8,15.93,Tercio,15,"Entrenamiento en casa (Calistenia, Yoga, rutinas por video)",En casa,Individual,7,Alto: Me faltaba el aliento rápido y apenas podía decir unas pocas palabras sin parar a tomar aire.,Noche,"Media: Tuve constancia por algunas semanas, pero con interrupciones frecuentes.",31,5,Alto: Mantengo la concentración durante la mayor parte del tiempo sin distracciones significativas.,Ninguno,3,Ninguna en especial,8,Muy buena,Muy bajo,Bajo
22/4/2026 18:47:01,Grupo 9,"Heredia Quispe, Gianella Alessandra",Femenino,18,43,157,Ingeniería Mecatrónica,2,7,7,16.4,Décimo,1,"Entrenamiento en casa (Calistenia, Yoga, rutinas por video)",En casa,Individual,1,Bajo: Podía mantener una conversación larga o cantar sin ningún esfuerzo,Tarde,"Baja: Fui muy irregular, entrenando solo ocasionalmente.",22,10,"Medio: Logro concentrarme por períodos moderados, pero presento algunas distracciones.",Ninguno,3,Ninguna en especial,4,Muy mala,Moderado,Alto
22/4/2026 18:50:32,Grupo 4,"Solis Cordova, Pedro Nicolas",Masculino,18,56,170,Ingeniería Mecánica,3,7,2,13.18,Tercio medio,2,"Deportes aeróbicos (Correr, Nadar, Ciclismo)","En espacios públicos (parques, canchas, piscinas, etc.)",Individual,1,"Moderado: Podía hablar en frases cortas, pero me agitaba un poco y necesitaba respirar.",Noche,"Media: Tuve constancia por algunas semanas, pero con interrupciones frecuentes.",28,32,"Medio: Logro concentrarme por períodos moderados, pero presento algunas distracciones.",Ninguno,3,Ninguna en especial,6,Mala,Moderado,Alto
22/4/2026 19:12:36,Grupo 9,"Lam Nishiyama, Gustavo Antonio Leng",Masculino,20,87,172,Ingeniería Mecatrónica,7,6,6,14.3,Tercio medio,4,Gimnasio / Levantamiento de pesas,En gimnasio,Individual,3,"Moderado: Podía hablar en frases cortas, pero me agitaba un poco y necesitaba respirar.",Noche,"Media: Tuve constancia por algunas semanas, pero con interrupciones frecuentes.",24,4,Alto: Mantengo la concentración durante la mayor parte del tiempo sin distracciones significativas.,"Bebidas energéticas, Creatina",4,Ninguna en especial,8,Muy buena,Moderado,Moderado
22/4/2026 19:28:53,Grupo 4,"Gamboa Sánchez, Guillermo Valentino",Masculino,18,56,165,Sistemas de la Información,3,6,4,12.8,Tercio inferior,4,"Deportes aeróbicos (Correr, Nadar, Ciclismo)",En casa,Individual,3,"Moderado: Podía hablar en frases cortas, pero me agitaba un poco y necesitaba respirar.",Tarde,"Media: Tuve constancia por algunas semanas, pero con interrupciones frecuentes.",26,8,"Medio: Logro concentrarme por períodos moderados, pero presento algunas distracciones.",Multivitamínicos y Minerales,3,Baja en carbohidratos,8,Regular,Moderado,Moderado
22/4/2026 19:40:18,Grupo 4,"Obregon Carhuavilca, Alondra Solange",Masculino,18,64,170,Ciencias de la Computación,2,20,7,18.5,Décimo,6,Gimnasio / Levantamiento de pesas,En gimnasio,Individual,3,"Moderado: Podía hablar en frases cortas, pero me agitaba un poco y necesitaba respirar.",Tarde,"Media: Tuve constancia por algunas semanas, pero con interrupciones frecuentes.",19,10,"Medio: Logro concentrarme por períodos moderados, pero presento algunas distracciones.",Ninguno,3,Ninguna en especial,6,Mala,Bajo,Alto
22/4/2026 19:43:24,Grupo 9,"Heredia Quispe, Gianella Alessandra",Femenino,18,57,1.6,Ingeniería Química,2,7,7,16,Quinto,4,"Deportes de equipo (Fútbol, Básquet, Vóley, etc.)",En instalaciones de la universidad,Colectiva,2,"Moderado: Podía hablar en frases cortas, pero me agitaba un poco y necesitaba respirar.",Tarde,"Media: Tuve constancia por algunas semanas, pero con interrupciones frecuentes.",30,6,"Medio: Logro concentrarme por períodos moderados, pero presento algunas distracciones.",Bebidas energéticas,3,Ninguna en especial,5,Regular,Moderado,Alto
22/4/2026 19:43:37,Grupo 2,"Rojas Meza, Kiara Luz",Masculino,18,67,1.72,Ingeniería Mecatrónica,3,6,5,13.75,Tercio medio,4,"Deportes de equipo (Fútbol, Básquet, Vóley, etc.)",En instalaciones de la universidad,Colectiva,3,"Moderado: Podía hablar en frases cortas, pero me agitaba un poco y necesitaba respirar.",Tarde,"Media: Tuve constancia por algunas semanas, pero con interrupciones frecuentes.",6,5,"Medio: Logro concentrarme por períodos moderados, pero presento algunas distracciones.","Bebidas energéticas, Bebidas rehidratantes",1,Baja en carbohidratos,4,Mala,Alto,Alto
22/4/2026 19:45:35,Grupo 7,"Sanchez Romero, Luis Fabian",Femenino,19,61,1.56,Ciencias de la Computación,2,7,7,15.08,Tercio,6,Artes marciales / Deportes de contacto,Otros,Colectiva,5,"Moderado: Podía hablar en frases cortas, pero me agitaba un poco y necesitaba respirar.",Mañana,"Media: Tuve constancia por algunas semanas, pero con interrupciones frecuentes.",30,8,"Medio: Logro concentrarme por períodos moderados, pero presento algunas distracciones.",Bebidas rehidratantes,4,Ninguna en especial,4,Muy mala,Moderado,Alto
22/4/2026 20:03:00,Grupo 5,"Arica Reyes, Ady Gabriela",Femenino,21,43,156,Ingeniería Civil,4,6,6,15,Tercio,0,No realizo actividad fisica,,,,,,,17,5,"Medio: Logro concentrarme por períodos moderados, pero presento algunas distracciones.",Ninguno,3,Ninguna en especial,4,Regular,Moderado,Moderado
22/4/2026 20:09:14,Grupo 5,"Arica Reyes, Ady Gabriela",Masculino,18,68,185,Ingeniería Civil,3,6,6,17,Tercio,4,Gimnasio / Levantamiento de pesas,En casa,Individual,4,"Moderado: Podía hablar en frases cortas, pero me agitaba un poco y necesitaba respirar.",Noche,"Media: Tuve constancia por algunas semanas, pero con interrupciones frecuentes.",20,14,"Medio: Logro concentrarme por períodos moderados, pero presento algunas distracciones.",Ninguno,3,Ninguna en especial,56,Regular,Moderado,Moderado
22/4/2026 20:09:28,Grupo 4,"Obregon Carhuavilca, Alondra Solange",Femenino,22,62,157,Bioingeniería,7,7,6,14.04,Tercio medio,2,"Entrenamiento en casa (Calistenia, Yoga, rutinas por video)",En casa,Individual,2,Bajo: Podía mantener una conversación larga o cantar sin ningún esfuerzo,Noche,"Baja: Fui muy irregular, entrenando solo ocasionalmente.",28,10,"Medio: Logro concentrarme por períodos moderados, pero presento algunas distracciones.",Ninguno,4,Ninguna en especial,6,Mala,Moderado,Alto
22/4/2026 20:10:00,Grupo 5,"Arica Reyes, Ady Gabriela",Masculino,18,62,172,Ingeniería Civil,3,6,6,15.14,Tercio,8,"Entrenamiento en casa (Calistenia, Yoga, rutinas por video)",En casa,Individual,3,"Moderado: Podía hablar en frases cortas, pero me agitaba un poco y necesitaba respirar.",Noche,"Media: Tuve constancia por algunas semanas, pero con interrupciones frecuentes.",24,8,"Medio: Logro concentrarme por períodos moderados, pero presento algunas distracciones.",Bebidas rehidratantes,4,Ninguna en especial,8,Buena,Moderado,Alto
22/4/2026 20:10:28,Grupo 5,"Arica Reyes, Ady Gabriela",Masculino,21,79,174,Ingeniería Civil,3,7,7,14,Tercio medio,5,Gimnasio / Levantamiento de pesas,En casa,Individual,5,"Moderado: Podía hablar en frases cortas, pero me agitaba un poco y necesitaba respirar.",Noche,"Baja: Fui muy irregular, entrenando solo ocasionalmente.",204,4,"Medio: Logro concentrarme por períodos moderados, pero presento algunas distracciones.",Ninguno,3,Ninguna en especial,6,Regular,Muy bajo,Moderado
22/4/2026 20:10:30,Grupo 5,"Arica Reyes, Ady Gabriela",Masculino,18,80,172,Ingeniería Civil,3,5,6,18.05,Décimo,0,No realizo actividad fisica,,,,,,,20,5,"Medio: Logro concentrarme por períodos moderados, pero presento algunas distracciones.",Bebidas energéticas,3,Ninguna en especial,5,Regular,Moderado,Moderado
22/4/2026 20:13:41,Grupo 3,"De la Cuba Palacios, Fabrizzio Alexander",Femenino,18,57,154,Ingeniería Industrial,3,6,6,15.6,Décimo,3,Artes marciales / Deportes de contacto,En instalaciones de la universidad,Colectiva,2,"Moderado: Podía hablar en frases cortas, pero me agitaba un poco y necesitaba respirar.",Tarde,"Media: Tuve constancia por algunas semanas, pero con interrupciones frecuentes.",22,4,"Medio: Logro concentrarme por períodos moderados, pero presento algunas distracciones.",Ninguno,4,Ninguna en especial,6,Muy mala,Muy alto,Muy alto
22/4/2026 20:13:59,Grupo 5,"Arica Reyes, Ady Gabriela",Masculino,17,80,176,Ingeniería Civil,4,7,4,186,Tercio medio,3,"Deportes de equipo (Fútbol, Básquet, Vóley, etc.)","En espacios públicos (parques, canchas, piscinas, etc.)",Individual,2,Alto: Me faltaba el aliento rápido y apenas podía decir unas pocas palabras sin parar a tomar aire.,Noche,Alta: Mantuve mi rutina de manera estricta y constante todo el ciclo.,30,0.1,Bajo: Me distraigo con facilidad y me cuesta mantener la atención durante el estudio.,"Bebidas energéticas, Alcohol",4,Ninguna en especial,8,Regular,Bajo,Bajo
22/4/2026 20:14:00,Grupo 5,"Arica Reyes, Ady Gabriela",Femenino,19,63,170,Ingeniería Civil,5,6,1,13,Tercio,0,No realizo actividad fisica,,,,,,,23,10,"Medio: Logro concentrarme por períodos moderados, pero presento algunas distracciones.","Bebidas energéticas, citrato de magnesio ",1,Ninguna en especial,6,Regular,Alto,Muy alto
22/4/2026 20:16:22,Grupo 5,"Arica Reyes, Ady Gabriela",Femenino,19,53,151,Ingeniería Civil,5,5,5,13,Décimo,12,Gimnasio / Levantamiento de pesas,En gimnasio,Individual,4,"Moderado: Podía hablar en frases cortas, pero me agitaba un poco y necesitaba respirar.",Tarde,Alta: Mantuve mi rutina de manera estricta y constante todo el ciclo.,12,12,"Medio: Logro concentrarme por períodos moderados, pero presento algunas distracciones.",Ninguno,4,,6,Regular,Alto,Alto
22/4/2026 20:19:13,Grupo 5,"Arica Reyes, Ady Gabriela",Prefiero no decirlo / Otro,19,70,170,Ingeniería Civil,5,6,6,13,Tercio medio,10,"Deportes aeróbicos (Correr, Nadar, Ciclismo)","En espacios públicos (parques, canchas, piscinas, etc.)",Colectiva,4,"Moderado: Podía hablar en frases cortas, pero me agitaba un poco y necesitaba respirar.",Mañana,"Media: Tuve constancia por algunas semanas, pero con interrupciones frecuentes.",20,36,Alto: Mantengo la concentración durante la mayor parte del tiempo sin distracciones significativas.,Bebidas energéticas,4,Alta en proteínas,7,Buena,Moderado,Bajo
22/4/2026 20:33:50,Grupo 2,"Guerrero Cedrón, Antonio Jorge",Femenino,21,60,151,Ciencias de la Computación,5,5,4,14.6,Tercio,7,Gimnasio / Levantamiento de pesas,En gimnasio,Individual,4,"Moderado: Podía hablar en frases cortas, pero me agitaba un poco y necesitaba respirar.",Noche,"Media: Tuve constancia por algunas semanas, pero con interrupciones frecuentes.",24,3,"Medio: Logro concentrarme por períodos moderados, pero presento algunas distracciones.",Ninguno,3,Ninguna en especial,6,Regular,Moderado,Moderado
22/4/2026 20:35:34,Grupo 2,"Rojas Meza, Kiara Luz",Femenino,18,51,158,Ciencias de la Computación,3,6,6,16.55,Tercio,4,"Entrenamiento en casa (Calistenia, Yoga, rutinas por video)",En casa,Individual,5,"Moderado: Podía hablar en frases cortas, pero me agitaba un poco y necesitaba respirar.",Noche,"Media: Tuve constancia por algunas semanas, pero con interrupciones frecuentes.",12,7,"Medio: Logro concentrarme por períodos moderados, pero presento algunas distracciones.",Ninguno,3,Ninguna en especial,6,Regular,Moderado,Alto
22/4/2026 20:40:51,Grupo 2,"Collazos Solís, Maxwell Lupo Gregorio",Femenino,19,56,160,Ciencia de Datos,3,7,6,15,Tercio inferior,0,Gimnasio / Levantamiento de pesas,En gimnasio,Individual,0,Bajo: Podía mantener una conversación larga o cantar sin ningún esfuerzo,Noche,"Baja: Fui muy irregular, entrenando solo ocasionalmente.",0,1,Bajo: Me distraigo con facilidad y me cuesta mantener la atención durante el estudio.,Ninguno,2,Ninguna en especial,5,Muy mala,Muy alto,Muy alto
22/4/2026 20:50:49,Grupo 8,"Castillo Castro, Rafael Adrián",Masculino,18,79,176,Ingeniería Mecatrónica,3,7,7,13.14,Tercio medio,3,"Deportes de equipo (Fútbol, Básquet, Vóley, etc.)","En espacios públicos (parques, canchas, piscinas, etc.)",Colectiva,2,"Moderado: Podía hablar en frases cortas, pero me agitaba un poco y necesitaba respirar.",Tarde,"Media: Tuve constancia por algunas semanas, pero con interrupciones frecuentes.",25,18,"Medio: Logro concentrarme por períodos moderados, pero presento algunas distracciones.",Bebidas energéticas,2,Ninguna en especial,9,Mala,Muy alto,Muy alto
22/4/2026 20:51:41,Grupo 5,"Arica Reyes, Ady Gabriela",Masculino,18,65,1.62,Ingeniería Mecatrónica,3,6,6,18.34,Décimo,2,caminatas,"En espacios públicos (parques, canchas, piscinas, etc.)",Individual,2,Bajo: Podía mantener una conversación larga o cantar sin ningún esfuerzo,Tarde,"Media: Tuve constancia por algunas semanas, pero con interrupciones frecuentes.",28,12,"Medio: Logro concentrarme por períodos moderados, pero presento algunas distracciones.",Ninguno,2,Ninguna en especial,7,Buena,Moderado,Moderado
22/4/2026 21:01:45,Grupo 7,"Sanchez Romero, Luis Fabian",Femenino,18,56,164,Ciencias de la Computación,3,4,4,13.09,Tercio,4,"Deportes de equipo (Fútbol, Básquet, Vóley, etc.)","En espacios públicos (parques, canchas, piscinas, etc.)",Colectiva,1,Bajo: Podía mantener una conversación larga o cantar sin ningún esfuerzo,Noche,"Media: Tuve constancia por algunas semanas, pero con interrupciones frecuentes.",13,6,"Medio: Logro concentrarme por períodos moderados, pero presento algunas distracciones.",Ninguno,6,Ninguna en especial,7,Buena,Moderado,Moderado
22/4/2026 21:05:53,Grupo 4,"Obregon Carhuavilca, Alondra Solange",Masculino,21,68,174,Ciencia de Datos,9,5,5,14.75,Tercio medio,16,Atletismo Competitivo,"En espacios públicos (parques, canchas, piscinas, etc.)",Individual,7,Alto: Me faltaba el aliento rápido y apenas podía decir unas pocas palabras sin parar a tomar aire.,Mañana,Alta: Mantuve mi rutina de manera estricta y constante todo el ciclo.,28,10,Alto: Mantengo la concentración durante la mayor parte del tiempo sin distracciones significativas.,"Bebidas energéticas, Bebidas rehidratantes, Multivitamínicos y Minerales, Polvos Pre-Entreno, Proteína en polvo (Whey, Vegana, Caseína), Creatina",5,Alta en proteínas,7,Buena,Muy alto,Muy alto
22/4/2026 21:42:12,Grupo 2,"Collazos Solís, Maxwell Lupo Gregorio",Masculino,21,83,184,Bioingeniería,6,6,6,13.4,Tercio medio,2,No realizo actividad fisica,,,,,,,28,8,"Medio: Logro concentrarme por períodos moderados, pero presento algunas distracciones.",Ninguno,5,Ninguna en especial,9,Buena,Moderado,Moderado
22/4/2026 21:45:32,Grupo 7,"Rosales Esteban, Antony Yonel",Masculino,17,62,176,Ciencia de Datos,3,6,6,14.26,Tercio medio,6,"Deportes aeróbicos (Correr, Nadar, Ciclismo)","En espacios públicos (parques, canchas, piscinas, etc.)",Individual,5,Bajo: Podía mantener una conversación larga o cantar sin ningún esfuerzo,Tarde,"Media: Tuve constancia por algunas semanas, pero con interrupciones frecuentes.",30,10,"Medio: Logro concentrarme por períodos moderados, pero presento algunas distracciones.",Ninguno,3,Ninguna en especial,8,Buena,Alto,Moderado
22/4/2026 22:10:11,Grupo 2,"Collazos Solís, Maxwell Lupo Gregorio",Prefiero no decirlo / Otro,16,67,167,Ciencias de la Computación,8,6,7,19.9999,Tercio inferior,6.7,Maxtrofilia,"En espacios públicos (parques, canchas, piscinas, etc.)",Individual,1,Alto: Me faltaba el aliento rápido y apenas podía decir unas pocas palabras sin parar a tomar aire.,Tarde,"Media: Tuve constancia por algunas semanas, pero con interrupciones frecuentes.",18,3,Bajo: Me distraigo con facilidad y me cuesta mantener la atención durante el estudio.,"Bebidas energéticas, Multivitamínicos y Minerales, Proteína en polvo (Whey, Vegana, Caseína), maximilina crackinal",4,Dieta de Maxline ,9,Muy mala,Muy bajo,Muy alto
22/4/2026 22:22:05,Grupo 2,"Collazos Solís, Maxwell Lupo Gregorio",Masculino,21,60,1.7,Ciencia de Datos,3,6,6,14,Quinto,2,"Deportes de equipo (Fútbol, Básquet, Vóley, etc.)",En instalaciones de la universidad,Colectiva,1,"Moderado: Podía hablar en frases cortas, pero me agitaba un poco y necesitaba respirar.",Mañana,"Media: Tuve constancia por algunas semanas, pero con interrupciones frecuentes.",22,10,"Medio: Logro concentrarme por períodos moderados, pero presento algunas distracciones.",Ninguno,5,Ninguna en especial,6,Regular,Bajo,Moderado
22/4/2026 22:38:30,Grupo 2,"Rojas Meza, Kiara Luz",Femenino,20,51,161,Ciencia de Datos,6,4,3,14,Tercio,3,"Deportes de equipo (Fútbol, Básquet, Vóley, etc.)",En instalaciones de la universidad,Colectiva,3,"Moderado: Podía hablar en frases cortas, pero me agitaba un poco y necesitaba respirar.",Tarde,"Baja: Fui muy irregular, entrenando solo ocasionalmente.",20,5,"Medio: Logro concentrarme por períodos moderados, pero presento algunas distracciones.",Bebidas rehidratantes,5,Alta en proteínas,6,Mala,Alto,Alto
22/4/2026 22:45:45,Grupo 4,"Obregon Carhuavilca, Alondra Solange",Femenino,18,60,166,Ciencias de la Computación,3,6,6,14.5,Décimo,2,"Entrenamiento en casa (Calistenia, Yoga, rutinas por video)",En casa,Individual,2,"Moderado: Podía hablar en frases cortas, pero me agitaba un poco y necesitaba respirar.",Noche,"Baja: Fui muy irregular, entrenando solo ocasionalmente.",12,6,"Medio: Logro concentrarme por períodos moderados, pero presento algunas distracciones.",Ninguno,4,Ninguna en especial,6,Mala,Moderado,Alto
22/4/2026 23:00:42,Grupo 4,"Timana Carmona, Jose Manuel",Masculino,18,81,175,Ciencia de Datos,2,4,3,13,Tercio medio,1,"Deportes aeróbicos (Correr, Nadar, Ciclismo)","En espacios públicos (parques, canchas, piscinas, etc.)",Individual,3,"Moderado: Podía hablar en frases cortas, pero me agitaba un poco y necesitaba respirar.",Tarde,"Media: Tuve constancia por algunas semanas, pero con interrupciones frecuentes.",18,4,"Medio: Logro concentrarme por períodos moderados, pero presento algunas distracciones.",Ninguno,5,Ninguna en especial,6,Regular,Moderado,Alto
22/4/2026 23:17:00,Grupo 2,"Guerrero Cedrón, Antonio Jorge",Masculino,20,70,1.75,Ciencias de la Computación,7,5,5,15,Tercio,0,No realizo actividad fisica,,,,,,,30,10,"Medio: Logro concentrarme por períodos moderados, pero presento algunas distracciones.",Ninguno,4,Ninguna en especial,7,Muy buena,Bajo,Moderado
22/4/2026 23:22:11,Grupo 4,"Timana Carmona, Jose Manuel",Masculino,18,54,1.68,Sistemas de la Información,3,6,6,16.7,Quinto,1,No realizo actividad fisica,,,,,,,26,6,"Medio: Logro concentrarme por períodos moderados, pero presento algunas distracciones.",Ninguno,4,Ninguna en especial,9,Buena,Moderado,Alto
23/4/2026 7:53:54,Grupo 5,"Cabanillas Ventocilla, Abigail Jaslin",Femenino,22,61,155,Ciencias de la Computación,9,5,5,14.83,Tercio medio,3,"Deportes de equipo (Fútbol, Básquet, Vóley, etc.)",En instalaciones de la universidad,Colectiva,2,Bajo: Podía mantener una conversación larga o cantar sin ningún esfuerzo,Noche,"Media: Tuve constancia por algunas semanas, pero con interrupciones frecuentes.",26,12,Alto: Mantengo la concentración durante la mayor parte del tiempo sin distracciones significativas.,Ninguno,3,Baja en carbohidratos,6,Buena,Bajo,Bajo
23/4/2026 9:28:55,Grupo 9,"Chipana Ybañez, Josué Manuel",Masculino,18,83.6,1.72,Ingeniería Industrial,2,6,6,16,Tercio,12,Gimnasio / Levantamiento de pesas,En gimnasio,Individual,6,"Moderado: Podía hablar en frases cortas, pero me agitaba un poco y necesitaba respirar.",Tarde,"Media: Tuve constancia por algunas semanas, pero con interrupciones frecuentes.",48,8,"Medio: Logro concentrarme por períodos moderados, pero presento algunas distracciones.",Creatina,4,Ninguna en especial,7,Regular,Moderado,Alto
23/4/2026 9:41:30,Grupo 7,"Rosales Esteban, Antony Yonel",Masculino,18,63,175,Ciencias de la Computación,3,5,5,19.8,Décimo,12,"Entrenamiento en casa (Calistenia, Yoga, rutinas por video)",En casa,Colectiva,7,Alto: Me faltaba el aliento rápido y apenas podía decir unas pocas palabras sin parar a tomar aire.,Mañana,Alta: Mantuve mi rutina de manera estricta y constante todo el ciclo.,23,4,Alto: Mantengo la concentración durante la mayor parte del tiempo sin distracciones significativas.,Bebidas rehidratantes,5,Ninguna en especial,8,Muy buena,Bajo,Bajo
23/4/2026 10:05:06,Grupo 1,"FÉLIX MEDINA, ADRIÁN FERNANDO",Masculino,18,82.4,189,Ingeniería Química,3,6,6,12.58,Quinto,2,"Deportes aeróbicos (Correr, Nadar, Ciclismo)","En espacios públicos (parques, canchas, piscinas, etc.)",Individual,2,"Moderado: Podía hablar en frases cortas, pero me agitaba un poco y necesitaba respirar.",Mañana,"Media: Tuve constancia por algunas semanas, pero con interrupciones frecuentes.",23,15,Alto: Mantengo la concentración durante la mayor parte del tiempo sin distracciones significativas.,Ninguno,4,Ninguna en especial,8,Buena,Moderado,Bajo
23/4/2026 10:14:41,Grupo 1,"FÉLIX MEDINA, ADRIÁN FERNANDO",Masculino,18,70,175,Ingeniería Mecatrónica,3,6,5,14,Tercio,6,Tenis y Pádel ,"En espacios públicos (parques, canchas, piscinas, etc.)",Individual,5,"Moderado: Podía hablar en frases cortas, pero me agitaba un poco y necesitaba respirar.",Tarde,Alta: Mantuve mi rutina de manera estricta y constante todo el ciclo.,20,5,Bajo: Me distraigo con facilidad y me cuesta mantener la atención durante el estudio.,Ninguno,3,Ninguna en especial,8,Muy buena,Muy bajo,Alto
23/4/2026 10:40:35,Grupo 9,"Baca Herrera, Valentino Alejandro",Masculino,18,100,178,Ingeniería Industrial,2,6,6,16,Tercio,6,"Entrenamiento en casa (Calistenia, Yoga, rutinas por video)",En gimnasio,Individual,6,"Moderado: Podía hablar en frases cortas, pero me agitaba un poco y necesitaba respirar.",Noche,"Media: Tuve constancia por algunas semanas, pero con interrupciones frecuentes.",27,6,"Medio: Logro concentrarme por períodos moderados, pero presento algunas distracciones.",Ninguno,4,Baja en carbohidratos,6,Mala,Alto,Muy alto
23/4/2026 11:06:16,Grupo 7,"Sanchez Romero, Luis Fabian",Masculino,18,63,172,Ciencia de Datos,3,6,6,14.82,Tercio medio,5,Artes marciales / Deportes de contacto,En gimnasio,Colectiva,3,"Moderado: Podía hablar en frases cortas, pero me agitaba un poco y necesitaba respirar.",Mañana,"Media: Tuve constancia por algunas semanas, pero con interrupciones frecuentes.",32,5,Alto: Mantengo la concentración durante la mayor parte del tiempo sin distracciones significativas.,Ninguno,3,Alta en proteínas,6,Buena,Moderado,Muy alto
23/4/2026 11:11:36,Grupo 8,"Bances Núñez, Nadia Estefanía",Masculino,23,69,170,Ingeniería Mecatrónica,Más de 10,1,1,15,Tercio,0,No realizo actividad fisica,,,,,,,15,40,Alto: Mantengo la concentración durante la mayor parte del tiempo sin distracciones significativas.,"Ninguno, ",3,Ninguna en especial,5,Regular,Muy alto,Muy alto
23/4/2026 11:15:59,Grupo 6,"Carrasco Abarca, Franco Luciano Marcelo",Femenino,18,46,148,Ingeniería Mecatrónica,3,8,7,11.45,Décimo,2,Gimnasio / Levantamiento de pesas,En gimnasio,Individual,5,"Moderado: Podía hablar en frases cortas, pero me agitaba un poco y necesitaba respirar.",Noche,"Media: Tuve constancia por algunas semanas, pero con interrupciones frecuentes.",6,2,"Medio: Logro concentrarme por períodos moderados, pero presento algunas distracciones.",Ninguno,3,Ninguna en especial,6,Mala,Alto,Moderado
23/4/2026 11:16:21,Grupo 9,"Chipana Ybañez, Josué Manuel",Femenino,24,67,160,Ingeniería Industrial,8,3,1,13.2,Tercio inferior,2,No realizo actividad fisica,,,,,,,8,4,Bajo: Me distraigo con facilidad y me cuesta mantener la atención durante el estudio.,Ninguno,4,Baja en carbohidratos,4,Mala,Muy alto,Muy alto
23/4/2026 11:38:07,Grupo 9,"Chipana Ybañez, Josué Manuel",Femenino,19,50,152,Ingeniería Industrial,7,6,6,16.43,Quinto,2,"Deportes aeróbicos (Correr, Nadar, Ciclismo)","En espacios públicos (parques, canchas, piscinas, etc.)",Individual,2,Bajo: Podía mantener una conversación larga o cantar sin ningún esfuerzo,Mañana,"Baja: Fui muy irregular, entrenando solo ocasionalmente.",24,6,"Medio: Logro concentrarme por períodos moderados, pero presento algunas distracciones.",Ninguno,4,Ninguna en especial,6,Buena,Moderado,Moderado
23/4/2026 12:07:04,Grupo 5,"Reyes Neyra, Mariel Azucena",Masculino,19,65,169,Ingeniría de la Energía,5,6,6,14.67,Tercio medio,14,Gimnasio / Levantamiento de pesas,En gimnasio,Individual,6,"Moderado: Podía hablar en frases cortas, pero me agitaba un poco y necesitaba respirar.",Mañana,Alta: Mantuve mi rutina de manera estricta y constante todo el ciclo.,28,10,Alto: Mantengo la concentración durante la mayor parte del tiempo sin distracciones significativas.,Creatina,3,Alta en proteínas,7,Buena,Moderado,Moderado
23/4/2026 12:07:54,Grupo 5,"Portal Ruiz, Axel Roberth",Masculino,19,75,175,Ingeniería Química,5,6,6,13.7,Tercio medio,4,Gimnasio / Levantamiento de pesas,En casa,Individual,2,"Moderado: Podía hablar en frases cortas, pero me agitaba un poco y necesitaba respirar.",Noche,"Media: Tuve constancia por algunas semanas, pero con interrupciones frecuentes.",25,8,"Medio: Logro concentrarme por períodos moderados, pero presento algunas distracciones.",Bebidas energéticas,5,Ninguna en especial,6,Mala,Alto,Alto
23/4/2026 12:08:19,Grupo 5,"Portal Ruiz, Axel Roberth",Masculino,22,70,1.7,Ingeniería Mecatrónica,9,5,5,12.5,Tercio medio,4,"Entrenamiento en casa (Calistenia, Yoga, rutinas por video)",En casa,Individual,1,Alto: Me faltaba el aliento rápido y apenas podía decir unas pocas palabras sin parar a tomar aire.,Noche,"Baja: Fui muy irregular, entrenando solo ocasionalmente.",24,50,"Medio: Logro concentrarme por períodos moderados, pero presento algunas distracciones.",Bebidas energéticas,4,Ninguna en especial,5,Regular,Alto,Alto
23/4/2026 12:08:36,Grupo 9,"Chipana Ybañez, Josué Manuel",Femenino,21,74,160,Ingeniería Industrial,8,6,6,18.5,Décimo,1,"Deportes de equipo (Fútbol, Básquet, Vóley, etc.)","En espacios públicos (parques, canchas, piscinas, etc.)",Colectiva,1,Bajo: Podía mantener una conversación larga o cantar sin ningún esfuerzo,Tarde,"Baja: Fui muy irregular, entrenando solo ocasionalmente.",26,32,"Medio: Logro concentrarme por períodos moderados, pero presento algunas distracciones.",Bebidas rehidratantes,4,Ninguna en especial,5,Regular,Alto,Muy alto
23/4/2026 12:08:52,Grupo 5,"Portal Ruiz, Axel Roberth",Masculino,23,67,167,Administración y Negocios Digitales,5,6,6,15,Quinto,7,Gimnasio / Levantamiento de pesas,En gimnasio,Individual,2,Bajo: Podía mantener una conversación larga o cantar sin ningún esfuerzo,Noche,"Media: Tuve constancia por algunas semanas, pero con interrupciones frecuentes.",36,9,"Medio: Logro concentrarme por períodos moderados, pero presento algunas distracciones.",Creatina,5,Ninguna en especial,6,Regular,Moderado,Alto
23/4/2026 12:11:17,Grupo 5,"Portal Ruiz, Axel Roberth",Masculino,18,70,170,Ingeniería Mecatrónica,3,4,3,12,Tercio inferior,0,No realizo actividad fisica,,,,,,,13,3,"Medio: Logro concentrarme por períodos moderados, pero presento algunas distracciones.",Ninguno,4,Ninguna en especial,8,Regular,Alto,Muy alto
23/4/2026 12:11:26,Grupo 2,"Rojas Meza, Kiara Luz",Femenino,19,66,163,Ingeniería Mecatrónica,5,7,5,13,Tercio inferior,6,"Deportes de equipo (Fútbol, Básquet, Vóley, etc.)",En instalaciones de la universidad,Colectiva,3,Bajo: Podía mantener una conversación larga o cantar sin ningún esfuerzo,Noche,"Baja: Fui muy irregular, entrenando solo ocasionalmente.",21,12,"Medio: Logro concentrarme por períodos moderados, pero presento algunas distracciones.","Proteína en polvo (Whey, Vegana, Caseína)",3,Alta en proteínas,5,Mala,Alto,Alto
23/4/2026 12:12:42,Grupo 5,"Portal Ruiz, Axel Roberth",Masculino,19,63,1.65,Ciencias de la Computación,3,8,6,12.41,Décimo,2,Gimnasio / Levantamiento de pesas,En gimnasio,Individual,4,"Moderado: Podía hablar en frases cortas, pero me agitaba un poco y necesitaba respirar.",Noche,"Baja: Fui muy irregular, entrenando solo ocasionalmente.",10,4,Bajo: Me distraigo con facilidad y me cuesta mantener la atención durante el estudio.,Ninguno,2,Ninguna en especial,3,Muy mala,Moderado,Moderado
23/4/2026 12:13:57,Grupo 5,"Portal Ruiz, Axel Roberth",Masculino,18,89,1.75,Ingeniería Civil,2,7,2,10,Décimo,1,Gimnasio / Levantamiento de pesas,En casa,Individual,2,"Moderado: Podía hablar en frases cortas, pero me agitaba un poco y necesitaba respirar.",Noche,"Baja: Fui muy irregular, entrenando solo ocasionalmente.",5,1,Bajo: Me distraigo con facilidad y me cuesta mantener la atención durante el estudio.,Ninguno,4,Ninguna en especial,8,Mala,Alto,Muy alto
23/4/2026 12:29:32,Grupo 8,"Huertos Ochoa, Rodrigo Franco",Masculino,18,67,170,Ingeniería Mecánica,3,6,5,15.1,Tercio medio,3,Gimnasio / Levantamiento de pesas,En gimnasio,Individual,2,Alto: Me faltaba el aliento rápido y apenas podía decir unas pocas palabras sin parar a tomar aire.,Tarde,"Media: Tuve constancia por algunas semanas, pero con interrupciones frecuentes.",45,28,"Medio: Logro concentrarme por períodos moderados, pero presento algunas distracciones.",Nada,3,Ninguna en especial,5,Muy mala,Muy alto,Muy alto
23/4/2026 12:43:25,Grupo 2,"Collazos Solís, Maxwell Lupo Gregorio",Femenino,19,57,159,Ciencias de la Computación,5,5,5,17.33,Quinto,6,Gimnasio / Levantamiento de pesas,En gimnasio,Colectiva,3,"Moderado: Podía hablar en frases cortas, pero me agitaba un poco y necesitaba respirar.",Mañana,"Baja: Fui muy irregular, entrenando solo ocasionalmente.",28,7,"Medio: Logro concentrarme por períodos moderados, pero presento algunas distracciones.",Ninguno,4,Ninguna en especial,5,Mala,Alto,Alto
23/4/2026 12:49:18,Grupo 5,"Portal Ruiz, Axel Roberth",Masculino,18,74,175,Ciencias de la Computación,3,7,7,15.72,Tercio,0,No realizo actividad fisica,,,,,,,30,3,"Medio: Logro concentrarme por períodos moderados, pero presento algunas distracciones.",Ninguno,3,,6,Regular,Moderado,Bajo
23/4/2026 13:10:38,Grupo 8,"Terrones Paredes, Alvaro Emilio",Femenino,18,58,159,Ingeniería Mecatrónica,3,6,6,15.21,Quinto,26,Tiro con arco + hiit,"En espacios públicos (parques, canchas, piscinas, etc.)",Individual,5,Bajo: Podía mantener una conversación larga o cantar sin ningún esfuerzo,Noche,Alta: Mantuve mi rutina de manera estricta y constante todo el ciclo.,23,10,"Medio: Logro concentrarme por períodos moderados, pero presento algunas distracciones.",Ninguno,3,Alta en proteínas,7,Regular,Alto,Moderado
23/4/2026 13:57:28,Grupo 7,"Sanchez Romero, Luis Fabian",Masculino,18,60,185,Sistemas de la Información,2,6,6,16.6,Décimo,0,No realizo actividad fisica,,,,,,,27,12,"Medio: Logro concentrarme por períodos moderados, pero presento algunas distracciones.",Ninguno,3,Ninguna en especial,6,Regular,Moderado,Moderado
23/4/2026 13:59:01,Grupo 7,"Sanchez Romero, Luis Fabian",Femenino,18,40,145,Ingeniería Mecánica,3,5,3,11,Tercio medio,4,No realizo actividad fisica,,,,,,,6,8,"Medio: Logro concentrarme por períodos moderados, pero presento algunas distracciones.",Bebidas energéticas,2,Ninguna en especial,8,Regular,Alto,Alto
23/4/2026 13:59:09,Grupo 7,"Sanchez Romero, Luis Fabian",Femenino,17,54,1.67,Sistemas de la Información,2,5,5,20,Tercio,4,caminar de mi casa a la u,"En espacios públicos (parques, canchas, piscinas, etc.)",Individual,7,"Moderado: Podía hablar en frases cortas, pero me agitaba un poco y necesitaba respirar.",Tarde,Alta: Mantuve mi rutina de manera estricta y constante todo el ciclo.,8,4,"Medio: Logro concentrarme por períodos moderados, pero presento algunas distracciones.",Ninguno,8,Ninguna en especial,7,Regular,Alto,Moderado
23/4/2026 14:00:00,Grupo 7,"Sanchez Romero, Luis Fabian",Femenino,18,60,1.53,Sistemas de la Información,2,5,5,20,Tercio medio,7,Artes marciales / Deportes de contacto,En instalaciones de la universidad,Individual,90,"Moderado: Podía hablar en frases cortas, pero me agitaba un poco y necesitaba respirar.",Mañana,Alta: Mantuve mi rutina de manera estricta y constante todo el ciclo.,80,80,Alto: Mantengo la concentración durante la mayor parte del tiempo sin distracciones significativas.,Ninguno,2,Baja en carbohidratos,300,Regular,Moderado,Moderado
23/4/2026 14:00:53,Grupo 7,"Sanchez Romero, Luis Fabian",Femenino,20,45,164,Ingeniría de la Energía,4,5,5,15,Tercio medio,2,Gimnasio / Levantamiento de pesas,En gimnasio,Individual,2,"Moderado: Podía hablar en frases cortas, pero me agitaba un poco y necesitaba respirar.",Tarde,"Baja: Fui muy irregular, entrenando solo ocasionalmente.",17,4,"Medio: Logro concentrarme por períodos moderados, pero presento algunas distracciones.","Polvos Pre-Entreno, Proteína en polvo (Whey, Vegana, Caseína), Creatina",3,Ninguna en especial,6,Regular,Alto,Muy alto
23/4/2026 14:01:18,Grupo 5,"Arica Reyes, Ady Gabriela",Femenino,21,80,1.69,Ingeniería Civil,8,6,6,15.52,Tercio,4,"Deportes de equipo (Fútbol, Básquet, Vóley, etc.)",Otros,Colectiva,2,"Moderado: Podía hablar en frases cortas, pero me agitaba un poco y necesitaba respirar.",Tarde,"Media: Tuve constancia por algunas semanas, pero con interrupciones frecuentes.",20,10,"Medio: Logro concentrarme por períodos moderados, pero presento algunas distracciones.",Ninguno,3,Ninguna en especial,6,Regular,Moderado,Moderado
23/4/2026 14:01:54,Grupo 9,"Iruri Espinoza, Gerard Deker",Masculino,19,73,172,Ciencias de la Computación,5,4,4,17.56,Décimo,2,Gimnasio / Levantamiento de pesas,En gimnasio,Individual,1,"Moderado: Podía hablar en frases cortas, pero me agitaba un poco y necesitaba respirar.",Tarde,"Media: Tuve constancia por algunas semanas, pero con interrupciones frecuentes.",14,10,"Medio: Logro concentrarme por períodos moderados, pero presento algunas distracciones.",Bebidas energéticas,4,Ninguna en especial,6,Mala,Alto,Alto
23/4/2026 14:06:40,Grupo 7,"Sanchez Romero, Luis Fabian",Masculino,21,85,170,Ciencias de la Computación,6,6,5,13.4,Tercio medio,6,Gimnasio / Levantamiento de pesas,En gimnasio,Individual,4,"Moderado: Podía hablar en frases cortas, pero me agitaba un poco y necesitaba respirar.",Noche,"Media: Tuve constancia por algunas semanas, pero con interrupciones frecuentes.",4,4,"Medio: Logro concentrarme por períodos moderados, pero presento algunas distracciones.",Bebidas energéticas,4,Ninguna en especial,7,Regular,Moderado,Alto
23/4/2026 14:07:26,Grupo 2,"Manrique Romero, Oriana Manuela Fe",Masculino,19,62,173,Ciencias de la Computación,3,8,8,16,Quinto,3,"Entrenamiento en casa (Calistenia, Yoga, rutinas por video)",En gimnasio,Individual,1,"Moderado: Podía hablar en frases cortas, pero me agitaba un poco y necesitaba respirar.",Noche,"Baja: Fui muy irregular, entrenando solo ocasionalmente.",30,10,Bajo: Me distraigo con facilidad y me cuesta mantener la atención durante el estudio.,"Bebidas energéticas, Bebidas rehidratantes",3,Ninguna en especial,5,Buena,Alto,Moderado
23/4/2026 14:07:50,Grupo 7,"Sanchez Romero, Luis Fabian",Masculino,20,55,172,Ciencias de la Computación,3,0,0,14.52,Tercio medio,1,"Entrenamiento en casa (Calistenia, Yoga, rutinas por video)","En espacios públicos (parques, canchas, piscinas, etc.)",Individual,4,"Moderado: Podía hablar en frases cortas, pero me agitaba un poco y necesitaba respirar.",Mañana,"Baja: Fui muy irregular, entrenando solo ocasionalmente.",20,16,"Medio: Logro concentrarme por períodos moderados, pero presento algunas distracciones.",Ninguno,5,Alta en proteínas,6,Regular,Alto,Moderado
23/4/2026 14:13:11,Grupo 7,"Sanchez Romero, Luis Fabian",Femenino,18,57,160,Ingeniría de la Energía,2,5,3,12,Tercio,2,"Entrenamiento en casa (Calistenia, Yoga, rutinas por video)",En casa,Individual,2,"Moderado: Podía hablar en frases cortas, pero me agitaba un poco y necesitaba respirar.",Noche,"Media: Tuve constancia por algunas semanas, pero con interrupciones frecuentes.",19,25,Bajo: Me distraigo con facilidad y me cuesta mantener la atención durante el estudio.,Multivitamínicos y Minerales,2,Alta en proteínas,5,Muy mala,Alto,Muy alto
23/4/2026 14:13:41,Grupo 7,"Sanchez Romero, Luis Fabian",Femenino,19,50,154,Ciencias de la Computación,4,5,5,15.61,Tercio,4,No realizo actividad fisica,,,,,,,25,20,"Medio: Logro concentrarme por períodos moderados, pero presento algunas distracciones.",Ninguno,3,Ninguna en especial,6,Buena,Alto,Alto
23/4/2026 14:14:27,Grupo 7,"Sanchez Romero, Luis Fabian",Femenino,18,49,154,Ingeniería Industrial,3,6,4,11.6,Tercio inferior,0,No realizo actividad fisica,,,,,,,22,9,"Medio: Logro concentrarme por períodos moderados, pero presento algunas distracciones.",Ninguno,3,Ninguna en especial,6,Mala,Alto,Muy alto
23/4/2026 14:17:43,Grupo 7,"Sanchez Romero, Luis Fabian",Femenino,20,54,1.54,Ingeniería Ambiental,5,4,3,14.3,Tercio,10,"Entrenamiento en casa (Calistenia, Yoga, rutinas por video)",En casa,Individual,4,"Moderado: Podía hablar en frases cortas, pero me agitaba un poco y necesitaba respirar.",Noche,"Media: Tuve constancia por algunas semanas, pero con interrupciones frecuentes.",19,48,Bajo: Me distraigo con facilidad y me cuesta mantener la atención durante el estudio.,Multivitamínicos y Minerales,3,Alta en proteínas,7,Regular,Alto,Alto
23/4/2026 14:22:18,Grupo 7,"Sanchez Romero, Luis Fabian",Masculino,19,65,170,Ingeniería Industrial,4,6,6,15.68,Tercio,5,"Entrenamiento en casa (Calistenia, Yoga, rutinas por video)",En instalaciones de la universidad,Individual,3,Alto: Me faltaba el aliento rápido y apenas podía decir unas pocas palabras sin parar a tomar aire.,Noche,"Baja: Fui muy irregular, entrenando solo ocasionalmente.",30,13,"Medio: Logro concentrarme por períodos moderados, pero presento algunas distracciones.",Ninguno,4,Ninguna en especial,8,Mala,Alto,Alto
23/4/2026 14:24:48,Grupo 7,"Sanchez Romero, Luis Fabian",Femenino,26,80,157,Ingeniería Química,7,4,3,12.85,Décimo,0,No realizo actividad fisica,,,,,,,20,10,Bajo: Me distraigo con facilidad y me cuesta mantener la atención durante el estudio.,Ninguno,2,Ninguna en especial,4,Muy mala,Muy alto,Muy alto
23/4/2026 14:33:58,Grupo 7,"Sanchez Romero, Luis Fabian",Masculino,18,80,168,Ciencias de la Computación,4,6,6,14.86,Tercio medio,2,"Entrenamiento en casa (Calistenia, Yoga, rutinas por video)",En casa,Individual,2,"Moderado: Podía hablar en frases cortas, pero me agitaba un poco y necesitaba respirar.",Noche,"Media: Tuve constancia por algunas semanas, pero con interrupciones frecuentes.",29,10,"Medio: Logro concentrarme por períodos moderados, pero presento algunas distracciones.",Ninguno,4,Ninguna en especial,6,Regular,Moderado,Alto
23/4/2026 14:34:43,Grupo 7,"Sanchez Romero, Luis Fabian",Masculino,19,80,170,Ciencias de la Computación,3,6,4,8.19,Décimo,8,Gimnasio / Levantamiento de pesas,En casa,Individual,4,"Moderado: Podía hablar en frases cortas, pero me agitaba un poco y necesitaba respirar.",Tarde,"Media: Tuve constancia por algunas semanas, pero con interrupciones frecuentes.",32,10,"Medio: Logro concentrarme por períodos moderados, pero presento algunas distracciones.",Ninguno,3,Ninguna en especial,5,Mala,Moderado,Alto
23/4/2026 14:36:11,Grupo 7,"Sanchez Romero, Luis Fabian",Masculino,24,97,170,Ingeniería Civil,7,7,7,8,Quinto,5,Gimnasio / Levantamiento de pesas,En gimnasio,Individual,2,Bajo: Podía mantener una conversación larga o cantar sin ningún esfuerzo,Noche,"Baja: Fui muy irregular, entrenando solo ocasionalmente.",40,8,Alto: Mantengo la concentración durante la mayor parte del tiempo sin distracciones significativas.,"Bebidas energéticas, Creatina",3,Ninguna en especial,5,Muy mala,Alto,Muy alto
23/4/2026 14:36:23,Grupo 9,"Iruri Espinoza, Gerard Deker",Masculino,19,56,172,Ingeniería Mecatrónica,5,6,6,15.37,Tercio,3,"Entrenamiento en casa (Calistenia, Yoga, rutinas por video)",En casa,Individual,3,"Moderado: Podía hablar en frases cortas, pero me agitaba un poco y necesitaba respirar.",Mañana,"Media: Tuve constancia por algunas semanas, pero con interrupciones frecuentes.",26,10,"Medio: Logro concentrarme por períodos moderados, pero presento algunas distracciones.",Ninguno,3,Ninguna en especial,8.5,Buena,Moderado,Moderado
23/4/2026 14:39:34,Grupo 7,"Sanchez Romero, Luis Fabian",Femenino,17,55,1.65,Ingeniería Civil,3,6,4,15,Tercio medio,2,"Entrenamiento en casa (Calistenia, Yoga, rutinas por video)",En casa,Individual,1,Alto: Me faltaba el aliento rápido y apenas podía decir unas pocas palabras sin parar a tomar aire.,Noche,"Baja: Fui muy irregular, entrenando solo ocasionalmente.",20,12,"Medio: Logro concentrarme por períodos moderados, pero presento algunas distracciones.",Ninguno,4,Ninguna en especial,7,Regular,Alto,Moderado
23/4/2026 14:40:51,Grupo 7,"Sanchez Romero, Luis Fabian",Masculino,19,68,1.68,Administración y Negocios Digitales,5,6,6,19.06,Décimo,8,Gimnasio / Levantamiento de pesas,En gimnasio,Individual,4,Bajo: Podía mantener una conversación larga o cantar sin ningún esfuerzo,Mañana,"Media: Tuve constancia por algunas semanas, pero con interrupciones frecuentes.",20,3,Bajo: Me distraigo con facilidad y me cuesta mantener la atención durante el estudio.,Creatina,4,Ninguna en especial,8,Buena,Bajo,Bajo
23/4/2026 14:41:20,Grupo 7,"Sanchez Romero, Luis Fabian",Femenino,19,58,157,Administración y Negocios Digitales,4,5,5,16.56,Tercio,1,"Entrenamiento en casa (Calistenia, Yoga, rutinas por video)",En gimnasio,Individual,1,Bajo: Podía mantener una conversación larga o cantar sin ningún esfuerzo,Noche,"Baja: Fui muy irregular, entrenando solo ocasionalmente.",23,4,Bajo: Me distraigo con facilidad y me cuesta mantener la atención durante el estudio.,Ninguno,2,Ninguna en especial,5,Regular,Moderado,Moderado
23/4/2026 14:42:01,Grupo 7,"Sanchez Romero, Luis Fabian",Masculino,23,77,174,Ingeniería Mecatrónica,10,4,4,15,Tercio,4,"Deportes de equipo (Fútbol, Básquet, Vóley, etc.)","En espacios públicos (parques, canchas, piscinas, etc.)",Colectiva,2,"Moderado: Podía hablar en frases cortas, pero me agitaba un poco y necesitaba respirar.",Noche,"Baja: Fui muy irregular, entrenando solo ocasionalmente.",18,12,"Medio: Logro concentrarme por períodos moderados, pero presento algunas distracciones.",Ninguno,4,Ninguna en especial,6,Regular,Moderado,Moderado
23/4/2026 14:44:38,Grupo 7,"Sanchez Romero, Luis Fabian",Femenino,23,76,160,Ingeniería Mecatrónica,9,5,5,14.35,Tercio medio,6,"Deportes de equipo (Fútbol, Básquet, Vóley, etc.)",En instalaciones de la universidad,Colectiva,2,"Moderado: Podía hablar en frases cortas, pero me agitaba un poco y necesitaba respirar.",Noche,"Media: Tuve constancia por algunas semanas, pero con interrupciones frecuentes.",20,20,"Medio: Logro concentrarme por períodos moderados, pero presento algunas distracciones.","Bebidas energéticas, Bebidas rehidratantes",3,Ninguna en especial,7,Regular,Alto,Alto
23/4/2026 14:52:10,Grupo 7,"Sanchez Romero, Luis Fabian",Femenino,20,63,161,Ingeniería Mecatrónica,3,6,4,12,Tercio inferior,0,No realizo actividad fisica,,,,,,,23,5,"Medio: Logro concentrarme por períodos moderados, pero presento algunas distracciones.",Ninguno,3,Ninguna en especial,6,Regular,Alto,Alto
23/4/2026 15:11:29,Grupo 7,"Sanchez Romero, Luis Fabian",Masculino,19,72,172,Ingeniería Civil,4,5,4,14.5,Quinto,7,Gimnasio / Levantamiento de pesas,En gimnasio,Individual,5,"Moderado: Podía hablar en frases cortas, pero me agitaba un poco y necesitaba respirar.",Tarde,Alta: Mantuve mi rutina de manera estricta y constante todo el ciclo.,10,5,"Medio: Logro concentrarme por períodos moderados, pero presento algunas distracciones.","Bebidas energéticas, Bebidas rehidratantes",4,Alta en proteínas,4,Muy buena,Moderado,Alto
23/4/2026 15:19:08,Grupo 7,"Sanchez Romero, Luis Fabian",Masculino,20,60,169,Ciencias de la Computación,6,6,5,13.96,Tercio inferior,3,Gimnasio / Levantamiento de pesas,En gimnasio,Individual,2,"Moderado: Podía hablar en frases cortas, pero me agitaba un poco y necesitaba respirar.",Tarde,"Baja: Fui muy irregular, entrenando solo ocasionalmente.",31,6,"Medio: Logro concentrarme por períodos moderados, pero presento algunas distracciones.",Ninguno,3,Ninguna en especial,5,Mala,Alto,Muy alto
23/4/2026 15:20:52,Grupo 2,"Rojas Meza, Kiara Luz",Femenino,18,62,160,Ciencias de la Computación,3,5,4,14,Décimo,4,"Deportes aeróbicos (Correr, Nadar, Ciclismo)","En espacios públicos (parques, canchas, piscinas, etc.)",Individual,2,"Moderado: Podía hablar en frases cortas, pero me agitaba un poco y necesitaba respirar.",Noche,"Media: Tuve constancia por algunas semanas, pero con interrupciones frecuentes.",14,10,Bajo: Me distraigo con facilidad y me cuesta mantener la atención durante el estudio.,Ninguno,2,Ninguna en especial,6,Mala,Muy alto,Muy alto
23/4/2026 15:43:11,Grupo 7,"Sanchez Romero, Luis Fabian",Masculino,19,85,169,Ciencias de la Computación,3,6,6,18.85,Décimo,2,"Entrenamiento en casa (Calistenia, Yoga, rutinas por video)",En casa,Individual,2,Bajo: Podía mantener una conversación larga o cantar sin ningún esfuerzo,Mañana,"Baja: Fui muy irregular, entrenando solo ocasionalmente.",26,10,"Medio: Logro concentrarme por períodos moderados, pero presento algunas distracciones.",Bebidas energéticas,3,Ninguna en especial,7,Muy mala,Alto,Alto
23/4/2026 15:44:01,Grupo 7,"Sanchez Romero, Luis Fabian",Masculino,18,63,167,Ciencias de la Computación,3,6,6,17,Tercio,2,"Deportes de equipo (Fútbol, Básquet, Vóley, etc.)","En espacios públicos (parques, canchas, piscinas, etc.)",Colectiva,2,Alto: Me faltaba el aliento rápido y apenas podía decir unas pocas palabras sin parar a tomar aire.,Mañana,"Media: Tuve constancia por algunas semanas, pero con interrupciones frecuentes.",27,20,Bajo: Me distraigo con facilidad y me cuesta mantener la atención durante el estudio.,"Bebidas rehidratantes, Multivitamínicos y Minerales",4,Ninguna en especial,6,Mala,Moderado,Muy alto
23/4/2026 15:47:40,Grupo 5,"Iruri Espinoza, Gerard Deker",Masculino,18,60,174,Ciencias de la Computación,5,6,5,13.14,Tercio medio,5,"Entrenamiento en casa (Calistenia, Yoga, rutinas por video)","En espacios públicos (parques, canchas, piscinas, etc.)",Individual,3,"Moderado: Podía hablar en frases cortas, pero me agitaba un poco y necesitaba respirar.",Tarde,"Baja: Fui muy irregular, entrenando solo ocasionalmente.",26,3,"Medio: Logro concentrarme por períodos moderados, pero presento algunas distracciones.",Ninguno,2,Ninguna en especial,6,Regular,Alto,Alto
23/4/2026 15:51:59,Grupo 9,"Iruri Espinoza, Gerard Deker",Masculino,19,65,170,Ingeniería Mecánica,5,6,6,15.36,Tercio,2,"Deportes de equipo (Fútbol, Básquet, Vóley, etc.)",Otros,Colectiva,1,"Moderado: Podía hablar en frases cortas, pero me agitaba un poco y necesitaba respirar.",Mañana,"Baja: Fui muy irregular, entrenando solo ocasionalmente.",25,5,"Medio: Logro concentrarme por períodos moderados, pero presento algunas distracciones.",Bebidas rehidratantes,4,Ninguna en especial,6,Regular,Moderado,Moderado
23/4/2026 16:13:06,Grupo 6,"Vargas Saravia, Daniela Alessandra",Masculino,18,71,185,Ingeniería Mecatrónica,3,7,6,14.03,Tercio inferior,5,"Deportes de equipo (Fútbol, Básquet, Vóley, etc.)","En espacios públicos (parques, canchas, piscinas, etc.)",Colectiva,5,Bajo: Podía mantener una conversación larga o cantar sin ningún esfuerzo,Noche,"Media: Tuve constancia por algunas semanas, pero con interrupciones frecuentes.",23,4,"Medio: Logro concentrarme por períodos moderados, pero presento algunas distracciones.","Bebidas energéticas, Bebidas rehidratantes, Creatina",2,Ninguna en especial,5,Regular,Moderado,Alto
23/4/2026 16:17:03,Grupo 9,"Iruri Espinoza, Gerard Deker",Masculino,18,50,148,Ciencias de la Computación,5,6,6,17.1,Décimo,4,"Deportes de equipo (Fútbol, Básquet, Vóley, etc.)","En espacios públicos (parques, canchas, piscinas, etc.)",Colectiva,2,Bajo: Podía mantener una conversación larga o cantar sin ningún esfuerzo,Tarde,"Media: Tuve constancia por algunas semanas, pero con interrupciones frecuentes.",24,1,"Medio: Logro concentrarme por períodos moderados, pero presento algunas distracciones.",Ninguno,4,Ninguna en especial,6,Mala,Muy bajo,Moderado
23/4/2026 16:21:32,Grupo 7,"Sanchez Romero, Luis Fabian",Masculino,20,67,172,Ciencia de Datos,5,6,6,16,Tercio medio,4,"Deportes de equipo (Fútbol, Básquet, Vóley, etc.)",En instalaciones de la universidad,Colectiva,2,"Moderado: Podía hablar en frases cortas, pero me agitaba un poco y necesitaba respirar.",Tarde,"Media: Tuve constancia por algunas semanas, pero con interrupciones frecuentes.",12,5,"Medio: Logro concentrarme por períodos moderados, pero presento algunas distracciones.",Ninguno,4,Ninguna en especial,7,Regular,Moderado,Moderado
23/4/2026 16:26:42,Grupo 7,"Sanchez Romero, Luis Fabian",Masculino,19,55,1.69,Ingeniería Electrónica,5,6,6,14.5,Tercio inferior,10,"Deportes aeróbicos (Correr, Nadar, Ciclismo)",En casa,Individual,3,Bajo: Podía mantener una conversación larga o cantar sin ningún esfuerzo,Mañana,"Baja: Fui muy irregular, entrenando solo ocasionalmente.",22,10,"Medio: Logro concentrarme por períodos moderados, pero presento algunas distracciones.",Bebidas rehidratantes,10,Ninguna en especial,7,Mala,Bajo,Bajo
23/4/2026 16:26:50,Grupo 7,"Sanchez Romero, Luis Fabian",Femenino,19,60,152,Ingeniería Mecatrónica,5,7,7,15.54,Décimo,2,"Deportes de equipo (Fútbol, Básquet, Vóley, etc.)",En instalaciones de la universidad,Colectiva,1,"Moderado: Podía hablar en frases cortas, pero me agitaba un poco y necesitaba respirar.",Tarde,"Baja: Fui muy irregular, entrenando solo ocasionalmente.",28,20,"Medio: Logro concentrarme por períodos moderados, pero presento algunas distracciones.",Bebidas energéticas,3,Ninguna en especial,5,Regular,Moderado,Moderado
23/4/2026 16:27:05,Grupo 7,"Sanchez Romero, Luis Fabian",Femenino,19,80,1.57,Ingeniería Mecatrónica,5,5,5,16.87,Décimo,5,Gimnasia ,En casa,Individual,3,"Moderado: Podía hablar en frases cortas, pero me agitaba un poco y necesitaba respirar.",Tarde,"Baja: Fui muy irregular, entrenando solo ocasionalmente.",20,20,"Medio: Logro concentrarme por períodos moderados, pero presento algunas distracciones.",Bebidas energéticas,2,Ninguna en especial,6,Regular,Muy alto,Muy alto
23/4/2026 16:28:26,Grupo 7,"Sanchez Romero, Luis Fabian",Femenino,19,76,1.75,Ingeniería Mecatrónica,4,5,5,13,Tercio medio,3,Gimnasio / Levantamiento de pesas,En gimnasio,Individual,2,Bajo: Podía mantener una conversación larga o cantar sin ningún esfuerzo,Noche,"Media: Tuve constancia por algunas semanas, pero con interrupciones frecuentes.",20,5,Alto: Mantengo la concentración durante la mayor parte del tiempo sin distracciones significativas.,Bebidas energéticas,3,Ninguna en especial,5,Regular,Alto,Moderado
23/4/2026 16:36:31,Grupo 7,"Sanchez Romero, Luis Fabian",Masculino,21,75,1.75,Ingeniería Mecatrónica,4,5,5,13,Tercio inferior,2,Gimnasio / Levantamiento de pesas,En gimnasio,Individual,3,"Moderado: Podía hablar en frases cortas, pero me agitaba un poco y necesitaba respirar.",Mañana,"Media: Tuve constancia por algunas semanas, pero con interrupciones frecuentes.",14,12,"Medio: Logro concentrarme por períodos moderados, pero presento algunas distracciones.",Ninguno,3,Baja en carbohidratos,5,Regular,Bajo,Bajo
23/4/2026 16:40:00,Grupo 7,"Sanchez Romero, Luis Fabian",Femenino,19,47,1.53,Ingeniería Industrial,5,3,3,12.35,Tercio medio,10,Gimnasio / Levantamiento de pesas,En gimnasio,Individual,10,"Moderado: Podía hablar en frases cortas, pero me agitaba un poco y necesitaba respirar.",Tarde,"Media: Tuve constancia por algunas semanas, pero con interrupciones frecuentes.",30,2,"Medio: Logro concentrarme por períodos moderados, pero presento algunas distracciones.",Ninguno,3,Ninguna en especial,7,Buena,Moderado,Moderado
23/4/2026 16:43:34,Grupo 6,"Vargas Saravia, Daniela Alessandra",Femenino,18,60,165,Bioingeniería,3,7,3,10.67,Tercio inferior,9,Gimnasio / Levantamiento de pesas,En gimnasio,Individual,5,Bajo: Podía mantener una conversación larga o cantar sin ningún esfuerzo,Mañana,"Media: Tuve constancia por algunas semanas, pero con interrupciones frecuentes.",25,6,"Medio: Logro concentrarme por períodos moderados, pero presento algunas distracciones.","Multivitamínicos y Minerales, Creatina",4,Baja en carbohidratos,5,Mala,Alto,Alto
23/4/2026 16:45:37,Grupo 7,"Sanchez Romero, Luis Fabian",Masculino,17,63,1.76,Ingeniería Mecatrónica,2,6,6,18,Décimo,7,"Deportes de equipo (Fútbol, Básquet, Vóley, etc.)","En espacios públicos (parques, canchas, piscinas, etc.)",Colectiva,4,"Moderado: Podía hablar en frases cortas, pero me agitaba un poco y necesitaba respirar.",Tarde,Alta: Mantuve mi rutina de manera estricta y constante todo el ciclo.,14,5,Alto: Mantengo la concentración durante la mayor parte del tiempo sin distracciones significativas.,Ninguno,4,Ninguna en especial,7,Regular,Moderado,Bajo
23/4/2026 17:03:57,Grupo 7,"Sanchez Romero, Luis Fabian",Masculino,16,70,1.69,Ciencias de la Computación,2,0,6,16,Tercio,12,"Entrenamiento en casa (Calistenia, Yoga, rutinas por video)","En espacios públicos (parques, canchas, piscinas, etc.)",Individual,4,"Moderado: Podía hablar en frases cortas, pero me agitaba un poco y necesitaba respirar.",Tarde,Alta: Mantuve mi rutina de manera estricta y constante todo el ciclo.,28,8,"Medio: Logro concentrarme por períodos moderados, pero presento algunas distracciones.",Multivitamínicos y Minerales,3,Ninguna en especial,4,Regular,Moderado,Moderado
23/4/2026 17:18:14,Grupo 8,"Ferrante Quino, Francesco Aroldo",Masculino,23,80,190,Ingeniería Mecatrónica,3,5,4,15,Tercio,40,Gimnasio / Levantamiento de pesas,En gimnasio,Individual,5,"Moderado: Podía hablar en frases cortas, pero me agitaba un poco y necesitaba respirar.",Tarde,"Media: Tuve constancia por algunas semanas, pero con interrupciones frecuentes.",10,8,"Medio: Logro concentrarme por períodos moderados, pero presento algunas distracciones.",Creatina,4,Ninguna en especial,7,Regular,Moderado,Moderado
23/4/2026 18:02:02,Grupo 2,"Rojas Meza, Kiara Luz",Femenino,23,62,160,Ciencias de la Computación,9,6,6,15.6,Tercio,4,"Deportes de equipo (Fútbol, Básquet, Vóley, etc.)",En instalaciones de la universidad,Colectiva,2,"Moderado: Podía hablar en frases cortas, pero me agitaba un poco y necesitaba respirar.",Noche,"Media: Tuve constancia por algunas semanas, pero con interrupciones frecuentes.",30,30,"Medio: Logro concentrarme por períodos moderados, pero presento algunas distracciones.",Ninguno,4,Ninguna en especial,6,Regular,Moderado,Muy alto
23/4/2026 18:09:25,Grupo 6,"Vargas Saravia, Daniela Alessandra",Masculino,18,90,182,Ingeniería Mecatrónica,3,5,3,11.35,Tercio inferior,15,"Deportes de equipo (Fútbol, Básquet, Vóley, etc.)",En instalaciones de la universidad,Colectiva,6,Bajo: Podía mantener una conversación larga o cantar sin ningún esfuerzo,Mañana,Alta: Mantuve mi rutina de manera estricta y constante todo el ciclo.,20,8,"Medio: Logro concentrarme por períodos moderados, pero presento algunas distracciones.","Bebidas energéticas, Bebidas rehidratantes",5,Ninguna en especial,7,Buena,Bajo,Bajo
23/4/2026 18:20:39,Grupo 2,"Terrones Paredes, Alvaro Emilio",Masculino,18,73.1,173,Ingeniería Mecatrónica,3,6,6,17,Décimo,5,"Deportes aeróbicos (Correr, Nadar, Ciclismo)","En espacios públicos (parques, canchas, piscinas, etc.)",Individual,5,Bajo: Podía mantener una conversación larga o cantar sin ningún esfuerzo,Mañana,"Media: Tuve constancia por algunas semanas, pero con interrupciones frecuentes.",22,8,Bajo: Me distraigo con facilidad y me cuesta mantener la atención durante el estudio.,Ninguno,4,Ninguna en especial,6,Mala,Moderado,Muy alto
23/4/2026 18:21:55,Grupo 8,"Villalobos Carlos, Daniel Davis",Masculino,18,84,1.8,Ciencias de la Computación,2,6,5,12,Quinto,16,"Deportes de equipo (Fútbol, Básquet, Vóley, etc.)","En espacios públicos (parques, canchas, piscinas, etc.)",Colectiva,6,"Moderado: Podía hablar en frases cortas, pero me agitaba un poco y necesitaba respirar.",Noche,"Media: Tuve constancia por algunas semanas, pero con interrupciones frecuentes.",14,6,Bajo: Me distraigo con facilidad y me cuesta mantener la atención durante el estudio.,Bebidas energéticas,4,Ninguna en especial,5,Mala,Moderado,Moderado
23/4/2026 18:23:59,Grupo 6,"Carrasco Abarca, Franco Luciano Marcelo",Femenino,19,45,1.59,Ingeniería Mecánica,3,4,4,15.33,Tercio,6,Gimnasio / Levantamiento de pesas,En gimnasio,Individual,3,"Moderado: Podía hablar en frases cortas, pero me agitaba un poco y necesitaba respirar.",Tarde,Alta: Mantuve mi rutina de manera estricta y constante todo el ciclo.,6,25,"Medio: Logro concentrarme por períodos moderados, pero presento algunas distracciones.",Bebidas energéticas,5,Baja en carbohidratos,5,Mala,Alto,Alto
23/4/2026 18:41:44,Grupo 4,"Cueva Loayza, Dayron Saiyuk",Masculino,18,59,164,Ingeniería Mecánica,10,6,6,17.3,Décimo,3,"Deportes aeróbicos (Correr, Nadar, Ciclismo)","En espacios públicos (parques, canchas, piscinas, etc.)",Individual,3,"Moderado: Podía hablar en frases cortas, pero me agitaba un poco y necesitaba respirar.",Mañana,"Media: Tuve constancia por algunas semanas, pero con interrupciones frecuentes.",21,25,"Medio: Logro concentrarme por períodos moderados, pero presento algunas distracciones.",Ninguno,5,Ninguna en especial,6,Buena,Moderado,Moderado
23/4/2026 18:55:50,Grupo 7,"Morales Portella, Santiago Cesar",Masculino,17,55,1.69,Ingeniería Mecánica,2,6,6,16,Tercio,4,"Deportes de equipo (Fútbol, Básquet, Vóley, etc.)","En espacios públicos (parques, canchas, piscinas, etc.)",Individual,2,"Moderado: Podía hablar en frases cortas, pero me agitaba un poco y necesitaba respirar.",Noche,"Media: Tuve constancia por algunas semanas, pero con interrupciones frecuentes.",29,10,Bajo: Me distraigo con facilidad y me cuesta mantener la atención durante el estudio.,Ninguno,3,Ninguna en especial,7,Regular,Moderado,Bajo
23/4/2026 20:32:34,Grupo 2,"Collazos Solís, Maxwell Lupo Gregorio",Masculino,22,62,1.68,Ciencias de la Computación,8,5,5,14.5,Décimo,3,Gimnasio / Levantamiento de pesas,En casa,Individual,3,"Moderado: Podía hablar en frases cortas, pero me agitaba un poco y necesitaba respirar.",Noche,"Media: Tuve constancia por algunas semanas, pero con interrupciones frecuentes.",4,4,"Medio: Logro concentrarme por períodos moderados, pero presento algunas distracciones.",Bebidas rehidratantes,4,Ninguna en especial,7,Regular,Moderado,Moderado
23/4/2026 20:35:09,Grupo 5,"Monsalve Caycho, Christopher Jordan",Femenino,18,49,153,Ciencias de la Computación,3,5,5,12.87,Tercio inferior,10,Caminar ,"En espacios públicos (parques, canchas, piscinas, etc.)",Colectiva,6,Bajo: Podía mantener una conversación larga o cantar sin ningún esfuerzo,Tarde,"Baja: Fui muy irregular, entrenando solo ocasionalmente.",20,4,Bajo: Me distraigo con facilidad y me cuesta mantener la atención durante el estudio.,Bebidas energéticas,4,Ninguna en especial,7,Mala,Moderado,Muy alto
23/4/2026 20:40:26,Grupo 2,"Collazos Solís, Maxwell Lupo Gregorio",Masculino,21,58,170,Ciencias de la Computación,7,5,4,13.4,Tercio,14,Tenis de mesa,Otros,Colectiva,3,"Moderado: Podía hablar en frases cortas, pero me agitaba un poco y necesitaba respirar.",Noche,"Media: Tuve constancia por algunas semanas, pero con interrupciones frecuentes.",24,10,"Medio: Logro concentrarme por períodos moderados, pero presento algunas distracciones.",Ninguno,4,Ninguna en especial,7,Regular,Moderado,Alto
23/4/2026 20:47:27,Grupo 3,"Aguilar Neciosup, Santiago",Masculino,19,64,1.65,Ingeniería Civil,7,7,6,16,Tercio medio,10,"Deportes de equipo (Fútbol, Básquet, Vóley, etc.)",En instalaciones de la universidad,Colectiva,3,"Moderado: Podía hablar en frases cortas, pero me agitaba un poco y necesitaba respirar.",Mañana,"Media: Tuve constancia por algunas semanas, pero con interrupciones frecuentes.",45,15,"Medio: Logro concentrarme por períodos moderados, pero presento algunas distracciones.",Bebidas rehidratantes,5,Ninguna en especial,6,Regular,Moderado,Alto
23/4/2026 20:54:58,Grupo 3,"Aguilar Neciosup, Santiago",Masculino,23,125,186,Bioingeniería,8,6,0,14,Tercio inferior,6,"Deportes de equipo (Fútbol, Básquet, Vóley, etc.)",En instalaciones de la universidad,Colectiva,3,"Moderado: Podía hablar en frases cortas, pero me agitaba un poco y necesitaba respirar.",Mañana,"Media: Tuve constancia por algunas semanas, pero con interrupciones frecuentes.",40,10,Bajo: Me distraigo con facilidad y me cuesta mantener la atención durante el estudio.,Bebidas energéticas,2,Ninguna en especial,6,Muy mala,Moderado,Muy alto
23/4/2026 20:55:03,Grupo 5,"Monsalve Caycho, Christopher Jordan",Masculino,18,56,172,Ingeniería Civil,3,4,4,13.09,Tercio medio,2,Estiramientos ,En casa,Individual,4,Bajo: Podía mantener una conversación larga o cantar sin ningún esfuerzo,Mañana,"Media: Tuve constancia por algunas semanas, pero con interrupciones frecuentes.",16,8,"Medio: Logro concentrarme por períodos moderados, pero presento algunas distracciones.",Multivitamínicos y Minerales,3,Ninguna en especial,6,Regular,Moderado,Bajo
23/4/2026 21:00:08,Grupo 6,Diego Alonso Barturen Torres,Masculino,18,84,190,Ingeniería Civil,3,6,6,17.38,Décimo,6,"Entrenamiento en casa (Calistenia, Yoga, rutinas por video)",En casa,Individual,4,Alto: Me faltaba el aliento rápido y apenas podía decir unas pocas palabras sin parar a tomar aire.,Noche,"Media: Tuve constancia por algunas semanas, pero con interrupciones frecuentes.",25,24,"Medio: Logro concentrarme por períodos moderados, pero presento algunas distracciones.",Ninguno,5,Alta en proteínas,6.5,Mala,Bajo,Alto
23/4/2026 21:01:07,Grupo 3,"Aguilar Neciosup, Santiago",Masculino,21,61,1.72,Ingeniería Civil,8,7,7,13,Tercio medio,10,"Deportes de equipo (Fútbol, Básquet, Vóley, etc.)","En espacios públicos (parques, canchas, piscinas, etc.)",Colectiva,3,Bajo: Podía mantener una conversación larga o cantar sin ningún esfuerzo,Noche,"Baja: Fui muy irregular, entrenando solo ocasionalmente.",22,78,Alto: Mantengo la concentración durante la mayor parte del tiempo sin distracciones significativas.,Ninguno,6,Ninguna en especial,6,Mala,Muy alto,Muy alto
23/4/2026 21:01:37,Grupo 3,"Aguilar Neciosup, Santiago",Masculino,22,96,186,Bioingeniería,10,5,5,14.6,Tercio,10,"Deportes de equipo (Fútbol, Básquet, Vóley, etc.)",En instalaciones de la universidad,Colectiva,3,"Moderado: Podía hablar en frases cortas, pero me agitaba un poco y necesitaba respirar.",Mañana,"Media: Tuve constancia por algunas semanas, pero con interrupciones frecuentes.",20,10,"Medio: Logro concentrarme por períodos moderados, pero presento algunas distracciones.","Bebidas energéticas, Bebidas rehidratantes",4,Ninguna en especial,7,Regular,Alto,Alto
23/4/2026 21:02:25,Grupo 3,"Aguilar Neciosup, Santiago",Masculino,30,60,159,Ingeniería Civil,7,7,7,13,Tercio inferior,0,No realizo actividad fisica,,,,,,,34,34,"Medio: Logro concentrarme por períodos moderados, pero presento algunas distracciones.","Bebidas energéticas, Multivitamínicos y Minerales",2,Alta en proteínas,5,Mala,Bajo,Moderado
23/4/2026 21:02:35,Grupo 3,"Aguilar Neciosup, Santiago",Masculino,20,59,168,Ingeniería Civil,6,6,3,11,Tercio inferior,20,"Deportes de equipo (Fútbol, Básquet, Vóley, etc.)",En instalaciones de la universidad,Colectiva,4,Bajo: Podía mantener una conversación larga o cantar sin ningún esfuerzo,Mañana,"Media: Tuve constancia por algunas semanas, pero con interrupciones frecuentes.",7,6,"Medio: Logro concentrarme por períodos moderados, pero presento algunas distracciones.",Bebidas energéticas,3,Ninguna en especial,8,Regular,Alto,Alto
23/4/2026 21:07:50,Grupo 3,"Aguilar Neciosup, Santiago",Femenino,22,67,157.5,Ingeniería Civil,8,6,6,15.89,Quinto,0,No realizo actividad fisica,,,,,,,30,50,Alto: Mantengo la concentración durante la mayor parte del tiempo sin distracciones significativas.,Ninguno,2,Ninguna en especial,6,Regular,Moderado,Alto
23/4/2026 21:09:11,Grupo 5,"Monsalve Caycho, Christopher Jordan",Masculino,20,75,1.7,Ingeniería Civil,3,6,3,11,Tercio,4,Gimnasio / Levantamiento de pesas,En gimnasio,Individual,3,"Moderado: Podía hablar en frases cortas, pero me agitaba un poco y necesitaba respirar.",Mañana,"Media: Tuve constancia por algunas semanas, pero con interrupciones frecuentes.",20,6,"Medio: Logro concentrarme por períodos moderados, pero presento algunas distracciones.",Ninguno,4,Ninguna en especial,6,Muy mala,Moderado,Alto
23/4/2026 21:12:01,Grupo 3,"Aguilar Neciosup, Santiago",Femenino,21,48,1.5,Bioingeniería,7,7,6,14,Tercio,3,"Deportes de equipo (Fútbol, Básquet, Vóley, etc.)",En instalaciones de la universidad,Colectiva,1,"Moderado: Podía hablar en frases cortas, pero me agitaba un poco y necesitaba respirar.",Tarde,"Media: Tuve constancia por algunas semanas, pero con interrupciones frecuentes.",25,10,"Medio: Logro concentrarme por períodos moderados, pero presento algunas distracciones.",Bebidas rehidratantes,3,Ninguna en especial,6,Regular,Alto,Moderado
23/4/2026 21:16:53,Grupo 3,"Aguilar Neciosup, Santiago",Masculino,22,95,180,Bioingeniería,10,5,5,17.4,Tercio,2,Gimnasio / Levantamiento de pesas,En casa,Individual,1,Bajo: Podía mantener una conversación larga o cantar sin ningún esfuerzo,Noche,"Baja: Fui muy irregular, entrenando solo ocasionalmente.",21,10,Alto: Mantengo la concentración durante la mayor parte del tiempo sin distracciones significativas.,Ninguno,3,Ninguna en especial,6,Regular,Alto,Muy bajo
23/4/2026 21:16:54,Grupo 3,"Aguilar Neciosup, Santiago",Masculino,22,60,170,Ingeniería Civil,Más de 10,3,3,15.2,Tercio,1,"Deportes aeróbicos (Correr, Nadar, Ciclismo)","En espacios públicos (parques, canchas, piscinas, etc.)",Individual,1,Bajo: Podía mantener una conversación larga o cantar sin ningún esfuerzo,Tarde,"Baja: Fui muy irregular, entrenando solo ocasionalmente.",9,2,Bajo: Me distraigo con facilidad y me cuesta mantener la atención durante el estudio.,"Bebidas energéticas, Bebidas rehidratantes",3,Ninguna en especial,5,Muy mala,Muy alto,Muy alto
23/4/2026 21:18:28,Grupo 3,"Aguilar Neciosup, Santiago",Masculino,21,71,1.7,Ingeniería Civil,6,5,5,13.8,Tercio medio,5,"Deportes de equipo (Fútbol, Básquet, Vóley, etc.)","En espacios públicos (parques, canchas, piscinas, etc.)",Colectiva,3,"Moderado: Podía hablar en frases cortas, pero me agitaba un poco y necesitaba respirar.",Tarde,"Baja: Fui muy irregular, entrenando solo ocasionalmente.",24,35,"Medio: Logro concentrarme por períodos moderados, pero presento algunas distracciones.",Ninguno,4,Alta en proteínas,5,Regular,Muy alto,Alto
23/4/2026 21:19:01,Grupo 3,"Aguilar Neciosup, Santiago",Femenino,17,60,163,Ingeniería Mecatrónica,2,2,2,19,Tercio inferior,4,"Deportes de equipo (Fútbol, Básquet, Vóley, etc.)",En instalaciones de la universidad,Colectiva,3,"Moderado: Podía hablar en frases cortas, pero me agitaba un poco y necesitaba respirar.",Mañana,Alta: Mantuve mi rutina de manera estricta y constante todo el ciclo.,24,20,Alto: Mantengo la concentración durante la mayor parte del tiempo sin distracciones significativas.,Agua xd,4,Ninguna en especial,9,Regular,Muy alto,Alto
23/4/2026 21:19:53,Grupo 3,"Aguilar Neciosup, Santiago",Femenino,18,69,157,Ingeniería Civil,2,7,7,15.6,Quinto,0,No realizo actividad fisica,,,,,,,24,3,"Medio: Logro concentrarme por períodos moderados, pero presento algunas distracciones.",Ninguno,5,Ninguna en especial,7,Regular,Bajo,Moderado
23/4/2026 21:20:46,Grupo 3,"Aguilar Neciosup, Santiago",Masculino,20,60,1.69,Ingeniería Civil,4,6,6,13.46,Tercio,6,Gimnasio / Levantamiento de pesas,En gimnasio,Colectiva,4,"Moderado: Podía hablar en frases cortas, pero me agitaba un poco y necesitaba respirar.",Tarde,"Media: Tuve constancia por algunas semanas, pero con interrupciones frecuentes.",18,6,"Medio: Logro concentrarme por períodos moderados, pero presento algunas distracciones.",Ninguno,3,Ninguna en especial,5,Regular,Moderado,Moderado
23/4/2026 21:23:05,Grupo 3,"Aguilar Neciosup, Santiago",Masculino,20,59,173,Ciencias de la Computación,8,6,6,17.32,Décimo,10,"Deportes de equipo (Fútbol, Básquet, Vóley, etc.)",En instalaciones de la universidad,Colectiva,10,"Moderado: Podía hablar en frases cortas, pero me agitaba un poco y necesitaba respirar.",Mañana,"Media: Tuve constancia por algunas semanas, pero con interrupciones frecuentes.",30,15,"Medio: Logro concentrarme por períodos moderados, pero presento algunas distracciones.",Ninguno,3,Ninguna en especial,7,Regular,Alto,Alto
23/4/2026 21:27:03,Grupo 3,"Aguilar Neciosup, Santiago",Masculino,20,64,1.64,Ingeniería Civil,8,7,7,15,Tercio,2,"Entrenamiento en casa (Calistenia, Yoga, rutinas por video)",En casa,Individual,2,"Moderado: Podía hablar en frases cortas, pero me agitaba un poco y necesitaba respirar.",Mañana,"Media: Tuve constancia por algunas semanas, pero con interrupciones frecuentes.",25,20,"Medio: Logro concentrarme por períodos moderados, pero presento algunas distracciones.",Bebidas rehidratantes,2,Ninguna en especial,6,Regular,Alto,Alto
23/4/2026 21:31:59,Grupo 3,"Aguilar Neciosup, Santiago",Femenino,21,72,180,Ingeniería Civil,6,5,5,14.8,Tercio,6,Artes marciales / Deportes de contacto,En instalaciones de la universidad,Colectiva,4,"Moderado: Podía hablar en frases cortas, pero me agitaba un poco y necesitaba respirar.",Mañana,Alta: Mantuve mi rutina de manera estricta y constante todo el ciclo.,20,20,"Medio: Logro concentrarme por períodos moderados, pero presento algunas distracciones.",Ninguno,3,Ninguna en especial,8,Buena,Moderado,Moderado
23/4/2026 21:33:39,Grupo 5,"Monsalve Caycho, Christopher Jordan",Femenino,18,59,160,Bioingeniería,2,7,7,14.6,Décimo,4,Artes marciales / Deportes de contacto,En instalaciones de la universidad,Colectiva,2,"Moderado: Podía hablar en frases cortas, pero me agitaba un poco y necesitaba respirar.",Tarde,"Media: Tuve constancia por algunas semanas, pero con interrupciones frecuentes.",30,8,"Medio: Logro concentrarme por períodos moderados, pero presento algunas distracciones.",Multivitamínicos y Minerales,4,Ninguna en especial,6,Regular,Moderado,Alto
23/4/2026 21:40:16,Grupo 3,"Dos Anjos Lopes, María Eduarda",Masculino,18,75,170,Bioingeniería,3,8,6,12,Tercio inferior,2,Gimnasio / Levantamiento de pesas,En gimnasio,Individual,2,Bajo: Podía mantener una conversación larga o cantar sin ningún esfuerzo,Mañana,"Baja: Fui muy irregular, entrenando solo ocasionalmente.",16,8,"Medio: Logro concentrarme por períodos moderados, pero presento algunas distracciones.","Bebidas energéticas, Bebidas rehidratantes, Proteína en polvo (Whey, Vegana, Caseína)",3,Ninguna en especial,6,Mala,Alto,Alto
23/4/2026 21:44:22,Grupo 3,"Dos Anjos Lopes, María Eduarda",Femenino,18,55,166,Ingeniería Industrial,3,6,5,13,Tercio,5,Gimnasio / Levantamiento de pesas,En gimnasio,Individual,5,"Moderado: Podía hablar en frases cortas, pero me agitaba un poco y necesitaba respirar.",Mañana,"Media: Tuve constancia por algunas semanas, pero con interrupciones frecuentes.",25,5,Bajo: Me distraigo con facilidad y me cuesta mantener la atención durante el estudio.,Ninguno,2,Baja en carbohidratos,6,Muy buena,Alto,Muy alto
23/4/2026 21:46:15,Grupo 3,"Aguilar Neciosup, Santiago",Femenino,23,54,1.6,Ingeniería Civil,10,4,4,16,Tercio medio,3,"Entrenamiento en casa (Calistenia, Yoga, rutinas por video)",En casa,Individual,2,"Moderado: Podía hablar en frases cortas, pero me agitaba un poco y necesitaba respirar.",Mañana,"Media: Tuve constancia por algunas semanas, pero con interrupciones frecuentes.",15,10,"Medio: Logro concentrarme por períodos moderados, pero presento algunas distracciones.",Ninguno,2,Baja en carbohidratos,8,Buena,Alto,Alto
23/4/2026 21:48:09,Grupo 3,"Aguilar Neciosup, Santiago",Femenino,20,70,1.7,Ingeniería Civil,6,5,5,14.7,Tercio medio,1,No realizo actividad fisica,,,,,,,18,8,"Medio: Logro concentrarme por períodos moderados, pero presento algunas distracciones.",Ninguno,3,Ninguna en especial,6,Regular,Moderado,Bajo
23/4/2026 21:56:44,Grupo 6,"Carrasco Abarca, Franco Luciano Marcelo",Masculino,18,65,1.7,Ingeniería Mecatrónica,3,7,6,14.78,Tercio,2,"Entrenamiento en casa (Calistenia, Yoga, rutinas por video)",En casa,Individual,1,Bajo: Podía mantener una conversación larga o cantar sin ningún esfuerzo,Mañana,"Media: Tuve constancia por algunas semanas, pero con interrupciones frecuentes.",23,5,"Medio: Logro concentrarme por períodos moderados, pero presento algunas distracciones.",Ninguno,3,Ninguna en especial,6,Mala,Moderado,Alto
23/4/2026 22:09:30,Grupo 3,"Aguilar Neciosup, Santiago",Masculino,19,74,176,Ciencias de la Computación,5,5,4,13.23,Tercio inferior,1,"Deportes de equipo (Fútbol, Básquet, Vóley, etc.)",En instalaciones de la universidad,Colectiva,1,Alto: Me faltaba el aliento rápido y apenas podía decir unas pocas palabras sin parar a tomar aire.,Tarde,"Media: Tuve constancia por algunas semanas, pero con interrupciones frecuentes.",26,9,"Medio: Logro concentrarme por períodos moderados, pero presento algunas distracciones.",Agua,5,Ninguna en especial,6,Regular,Alto,Muy alto
23/4/2026 22:12:43,Grupo 3,"Aguilar Neciosup, Santiago",Femenino,26,69,155,Ingeniería Química,5,5,5,17.52,Décimo,3,"Deportes aeróbicos (Correr, Nadar, Ciclismo)",En casa,Individual,2,Bajo: Podía mantener una conversación larga o cantar sin ningún esfuerzo,Noche,"Baja: Fui muy irregular, entrenando solo ocasionalmente.",20,40,Alto: Mantengo la concentración durante la mayor parte del tiempo sin distracciones significativas.,"Proteína en polvo (Whey, Vegana, Caseína)",3,Ninguna en especial,6,Regular,Moderado,Moderado
23/4/2026 22:12:59,Grupo 3,"Aguilar Neciosup, Santiago",Masculino,4683,8483,488494,Ingeniería Industrial,Más de 10,477484,766876,67566,Décimo,738374,"Deportes aeróbicos (Correr, Nadar, Ciclismo)","En espacios públicos (parques, canchas, piscinas, etc.)",Individual,83874748,"Moderado: Podía hablar en frases cortas, pero me agitaba un poco y necesitaba respirar.",Noche,"Media: Tuve constancia por algunas semanas, pero con interrupciones frecuentes.",837475,83844,Alto: Mantengo la concentración durante la mayor parte del tiempo sin distracciones significativas.,"Bebidas energéticas, Bebidas rehidratantes, Multivitamínicos y Minerales, Polvos Pre-Entreno, Proteína en polvo (Whey, Vegana, Caseína), Mass gainers, Creatina, Ninguno",83779,Caca,8388474,Regular,Alto,Moderado
23/4/2026 22:16:24,Grupo 5,"Monsalve Caycho, Christopher Jordan",Femenino,18,45,1.62,Ingeniería Civil,3,6,6,13.68,Quinto,0,No realizo actividad fisica,,,,,,,21,5,Bajo: Me distraigo con facilidad y me cuesta mantener la atención durante el estudio.,Ninguno,3,Ninguna en especial,9,Regular,Alto,Alto
23/4/2026 22:18:44,Grupo 6,"Carrasco Abarca, Franco Luciano Marcelo",Masculino,18,85,184,Ingeniería Mecatrónica,3,6,6,15.3,Tercio,30,"Deportes de equipo (Fútbol, Básquet, Vóley, etc.)",En instalaciones de la universidad,Colectiva,6,Alto: Me faltaba el aliento rápido y apenas podía decir unas pocas palabras sin parar a tomar aire.,Noche,Alta: Mantuve mi rutina de manera estricta y constante todo el ciclo.,18,3,Bajo: Me distraigo con facilidad y me cuesta mantener la atención durante el estudio.,"Bebidas energéticas, Multivitamínicos y Minerales, Proteína en polvo (Whey, Vegana, Caseína), Creatina",5,Alta en proteínas,7,Regular,Moderado,Alto
23/4/2026 22:24:15,Grupo 3,"Aguilar Neciosup, Santiago",Prefiero no decirlo / Otro,19,51,1.72,Ingeniería Ambiental,6,5,4,14.33,Tercio medio,0,No realizo actividad fisica,,,,,,,19,10,Bajo: Me distraigo con facilidad y me cuesta mantener la atención durante el estudio.,Bebidas energéticas,3,Ninguna en especial,6,Mala,Muy alto,Muy alto
23/4/2026 22:27:08,Grupo 2,"Collazos Solís, Maxwell Lupo Gregorio",Masculino,21,55,1.7,Ingeniería Mecatrónica,7,5,5,13.57,Tercio medio,0,No realizo actividad fisica,,,,,,,23,6,Alto: Mantengo la concentración durante la mayor parte del tiempo sin distracciones significativas.,Ninguno,3,Ninguna en especial,6,Regular,Moderado,Bajo
23/4/2026 22:28:15,Grupo 3,"Neciosup Abanto, Edwin Jeremy",Masculino,18,62,180,Ingeniería Mecatrónica,3,6,6,16.67,Décimo,5,Gimnasio / Levantamiento de pesas,Otros,Individual,2,"Moderado: Podía hablar en frases cortas, pero me agitaba un poco y necesitaba respirar.",Tarde,"Media: Tuve constancia por algunas semanas, pero con interrupciones frecuentes.",18,5,Alto: Mantengo la concentración durante la mayor parte del tiempo sin distracciones significativas.,"Proteína en polvo (Whey, Vegana, Caseína), Creatina",4,Ninguna en especial,7,Buena,Moderado,Bajo
23/4/2026 22:32:47,Grupo 5,"Monsalve Caycho, Christopher Jordan",Masculino,19,72,172,Ingeniería Civil,3,6,6,14.8,Tercio medio,4,Gimnasio / Levantamiento de pesas,En gimnasio,Individual,4,"Moderado: Podía hablar en frases cortas, pero me agitaba un poco y necesitaba respirar.",Noche,"Media: Tuve constancia por algunas semanas, pero con interrupciones frecuentes.",20,12,Alto: Mantengo la concentración durante la mayor parte del tiempo sin distracciones significativas.,"Bebidas rehidratantes, Creatina",5,Alta en proteínas,7,Regular,Alto,Alto
23/4/2026 22:40:52,Grupo 3,"Neciosup Abanto, Edwin Jeremy",Masculino,18,78,1.8,Ingeniería Mecatrónica,2,6,6,16.95,Décimo,7,"Entrenamiento en casa (Calistenia, Yoga, rutinas por video)",En casa,Individual,5,"Moderado: Podía hablar en frases cortas, pero me agitaba un poco y necesitaba respirar.",Noche,"Media: Tuve constancia por algunas semanas, pero con interrupciones frecuentes.",40,24,"Medio: Logro concentrarme por períodos moderados, pero presento algunas distracciones.",Ninguno,5,Ninguna en especial,6,Regular,Alto,Alto
23/4/2026 22:47:44,Grupo 3,"Neciosup Abanto, Edwin Jeremy",Masculino,18,70,170,Ingeniería Mecatrónica,2,7,7,16.5,Décimo,2,"Deportes de equipo (Fútbol, Básquet, Vóley, etc.)","En espacios públicos (parques, canchas, piscinas, etc.)",Colectiva,2,"Moderado: Podía hablar en frases cortas, pero me agitaba un poco y necesitaba respirar.",Tarde,"Media: Tuve constancia por algunas semanas, pero con interrupciones frecuentes.",25,5,"Medio: Logro concentrarme por períodos moderados, pero presento algunas distracciones.",Ninguno,4,Ninguna en especial,7,Regular,Bajo,Bajo
23/4/2026 22:49:38,Grupo 6,"Carrasco Abarca, Franco Luciano Marcelo",Masculino,18,82,1.76,Ingeniería Mecatrónica,3,8,8,17.51,Quinto,4,"Entrenamiento en casa (Calistenia, Yoga, rutinas por video)",En casa,Individual,3,Alto: Me faltaba el aliento rápido y apenas podía decir unas pocas palabras sin parar a tomar aire.,Mañana,"Media: Tuve constancia por algunas semanas, pero con interrupciones frecuentes.",30,76,"Medio: Logro concentrarme por períodos moderados, pero presento algunas distracciones.",Ninguno,4,Ninguna en especial,5,Mala,Bajo,Moderado
23/4/2026 23:08:50,Grupo 3,"Aguilar Neciosup, Santiago",Masculino,21,48,167,Bioingeniería,7,7,7,15.33,Tercio inferior,4,"Deportes de equipo (Fútbol, Básquet, Vóley, etc.)",En instalaciones de la universidad,Colectiva,2,"Moderado: Podía hablar en frases cortas, pero me agitaba un poco y necesitaba respirar.",Mañana,"Media: Tuve constancia por algunas semanas, pero con interrupciones frecuentes.",20,56,"Medio: Logro concentrarme por períodos moderados, pero presento algunas distracciones.",Ninguno,4,Ninguna en especial,8,Regular,Moderado,Moderado
23/4/2026 23:12:42,Grupo 2,"Collazos Solís, Maxwell Lupo Gregorio",Masculino,21,69,1.65,Ingeniería Mecatrónica,7,5,5,14.3,Tercio inferior,0,No realizo actividad fisica,,,,,,,32,30,"Medio: Logro concentrarme por períodos moderados, pero presento algunas distracciones.",Ninguno,3,Ninguna en especial,5,Regular,Muy alto,Muy alto
23/4/2026 23:48:26,Grupo 8,"Bances Núñez, Nadia Estefanía",Femenino,20,70,163,Ingeniería Mecatrónica,6,4,4,14,Tercio medio,2,Caminatas,"En espacios públicos (parques, canchas, piscinas, etc.)",Individual,5,Bajo: Podía mantener una conversación larga o cantar sin ningún esfuerzo,Mañana,"Baja: Fui muy irregular, entrenando solo ocasionalmente.",20,4,Bajo: Me distraigo con facilidad y me cuesta mantener la atención durante el estudio.,"Bebidas energéticas, Bebidas rehidratantes",4,Ninguna en especial,5,Muy mala,Alto,Muy alto
23/4/2026 23:50:54,Grupo 4,"Obregon Carhuavilca, Alondra Solange",Masculino,19,90,185,Ciencias de la Computación,3,6,4,12.58,Tercio medio,0,No realizo actividad fisica,,,,,,,20,25,"Medio: Logro concentrarme por períodos moderados, pero presento algunas distracciones.",Ninguno,3,Ninguna en especial,7,Regular,Alto,Moderado
23/4/2026 23:56:09,Grupo 4,"Obregon Carhuavilca, Alondra Solange",Masculino,19,80,180,Ciencias de la Computación,7,5,5,15.72,Tercio,0,No realizo actividad fisica,,,,,,,26,1,Bajo: Me distraigo con facilidad y me cuesta mantener la atención durante el estudio.,Ninguno,3,Ninguna en especial,6,Regular,Alto,Alto
23/4/2026 23:56:53,Grupo 4,"Obregon Carhuavilca, Alondra Solange",Masculino,26,75,181,Ciencias de la Computación,7,5,5,14,Tercio,7,Gimnasio / Levantamiento de pesas,En gimnasio,Colectiva,3,"Moderado: Podía hablar en frases cortas, pero me agitaba un poco y necesitaba respirar.",Noche,"Media: Tuve constancia por algunas semanas, pero con interrupciones frecuentes.",30,10,"Medio: Logro concentrarme por períodos moderados, pero presento algunas distracciones.",Ninguno,3,Ninguna en especial,8,Buena,Moderado,Alto
23/4/2026 23:57:17,Grupo 4,"Obregon Carhuavilca, Alondra Solange",Masculino,23,85,172,Ciencias de la Computación,6,6,5,13.9,Tercio medio,7,Gimnasio / Levantamiento de pesas,En gimnasio,Individual,4,Alto: Me faltaba el aliento rápido y apenas podía decir unas pocas palabras sin parar a tomar aire.,Noche,"Media: Tuve constancia por algunas semanas, pero con interrupciones frecuentes.",23,10,"Medio: Logro concentrarme por períodos moderados, pero presento algunas distracciones.",Ninguno,4,Alta en proteínas,7,Regular,Bajo,Bajo
24/4/2026 0:10:06,Grupo 4,"Obregon Carhuavilca, Alondra Solange",Masculino,19,61,162,Ciencias de la Computación,5,5,5,19.33,Décimo,1,No realizo actividad fisica,,,,,,,25,12,"Medio: Logro concentrarme por períodos moderados, pero presento algunas distracciones.",Ninguno,4,Ninguna en especial,7,Regular,Moderado,Alto
24/4/2026 0:13:51,Grupo 4,"Obregon Carhuavilca, Alondra Solange",Masculino,26,80,70,Ciencia de Datos,3,4,4,13,Tercio medio,64,"Deportes aeróbicos (Correr, Nadar, Ciclismo)",Otros,Individual,2,"Moderado: Podía hablar en frases cortas, pero me agitaba un poco y necesitaba respirar.",Noche,"Media: Tuve constancia por algunas semanas, pero con interrupciones frecuentes.",10,4,Alto: Mantengo la concentración durante la mayor parte del tiempo sin distracciones significativas.,Ninguno,3,Ninguna en especial,5,Regular,Moderado,Muy alto
24/4/2026 0:38:50,Grupo 4,"Obregon Carhuavilca, Alondra Solange",Masculino,19,64,176,Ingeniería Industrial,5,5,5,16.9,Quinto,3,Gimnasio / Levantamiento de pesas,En casa,Individual,3,Alto: Me faltaba el aliento rápido y apenas podía decir unas pocas palabras sin parar a tomar aire.,Noche,"Media: Tuve constancia por algunas semanas, pero con interrupciones frecuentes.",20,9,Bajo: Me distraigo con facilidad y me cuesta mantener la atención durante el estudio.,Ninguno,3,Alta en proteínas,7,Mala,Alto,Muy alto
24/4/2026 1:27:58,Grupo 8,"Bances Núñez, Nadia Estefanía",Masculino,19,62,163,Ingeniería Mecatrónica,7,5,3,15.32,Tercio,1,Gimnasio / Levantamiento de pesas,En gimnasio,Individual,1,"Moderado: Podía hablar en frases cortas, pero me agitaba un poco y necesitaba respirar.",Tarde,"Media: Tuve constancia por algunas semanas, pero con interrupciones frecuentes.",15,1,"Medio: Logro concentrarme por períodos moderados, pero presento algunas distracciones.",Creatina,3,Alta en proteínas,7,Regular,Alto,Moderado
24/4/2026 4:39:27,Grupo 9,"Lam Nishiyama, Gustavo Antonio Leng",Masculino,20,62,173,Ingeniería Mecánica,5,5,5,13.57,Tercio medio,7,"Entrenamiento en casa (Calistenia, Yoga, rutinas por video)",En casa,Individual,7,Alto: Me faltaba el aliento rápido y apenas podía decir unas pocas palabras sin parar a tomar aire.,Tarde,Alta: Mantuve mi rutina de manera estricta y constante todo el ciclo.,23,5,"Medio: Logro concentrarme por períodos moderados, pero presento algunas distracciones.",Ninguno,2,Ninguna en especial,6,Mala,Alto,Muy alto
24/4/2026 6:49:30,Grupo 3,"Aguilar Neciosup, Santiago",Femenino,21,80,181,Ingeniería Industrial,9,3,3,17.64,Décimo,1,"Deportes aeróbicos (Correr, Nadar, Ciclismo)","En espacios públicos (parques, canchas, piscinas, etc.)",Individual,1,"Moderado: Podía hablar en frases cortas, pero me agitaba un poco y necesitaba respirar.",Noche,"Baja: Fui muy irregular, entrenando solo ocasionalmente.",9,12,Alto: Mantengo la concentración durante la mayor parte del tiempo sin distracciones significativas.,Ninguno,3,Baja en carbohidratos,7.5,Buena,Moderado,Moderado
24/4/2026 7:05:10,Grupo 9,"Heredia Quispe, Gianella Alessandra",Masculino,19,57,1.68,Ingeniería Electrónica,2,7,5,13.55,Tercio inferior,0,Caminar ,"En espacios públicos (parques, canchas, piscinas, etc.)",Individual,0,Bajo: Podía mantener una conversación larga o cantar sin ningún esfuerzo,Mañana,"Baja: Fui muy irregular, entrenando solo ocasionalmente.",26,12,"Medio: Logro concentrarme por períodos moderados, pero presento algunas distracciones.",Ninguno,3,,4,Mala,Moderado,Moderado
24/4/2026 8:15:31,Grupo 3,"Aguilar Neciosup, Santiago",Femenino,22,56,1.49,Ingeniería Civil,10,5,5,15,Tercio,8,"Entrenamiento en casa (Calistenia, Yoga, rutinas por video)",En casa,Individual,6,"Moderado: Podía hablar en frases cortas, pero me agitaba un poco y necesitaba respirar.",Tarde,"Media: Tuve constancia por algunas semanas, pero con interrupciones frecuentes.",20,48,"Medio: Logro concentrarme por períodos moderados, pero presento algunas distracciones.",Ninguno,4,Ninguna en especial,7,Buena,Bajo,Moderado
24/4/2026 8:43:46,Grupo 7,"Rosales Esteban, Antony Yonel",Masculino,18,82,175,Ciencia de Datos,3,6,5,12.11,Tercio medio,6,Gimnasio / Levantamiento de pesas,En gimnasio,Individual,5,"Moderado: Podía hablar en frases cortas, pero me agitaba un poco y necesitaba respirar.",Tarde,"Media: Tuve constancia por algunas semanas, pero con interrupciones frecuentes.",24,8,"Medio: Logro concentrarme por períodos moderados, pero presento algunas distracciones.","Bebidas rehidratantes, Multivitamínicos y Minerales",3,Alta en proteínas,7.5,Regular,Moderado,Alto
24/4/2026 8:57:19,Grupo 2,"Rojas Meza, Kiara Luz",Masculino,28,87,172,Ciencias de la Computación,3,6,6,13.83,Quinto,11,"BIcicleta, Running","En espacios públicos (parques, canchas, piscinas, etc.)",Individual,7,"Moderado: Podía hablar en frases cortas, pero me agitaba un poco y necesitaba respirar.",Tarde,"Media: Tuve constancia por algunas semanas, pero con interrupciones frecuentes.",26,8,Alto: Mantengo la concentración durante la mayor parte del tiempo sin distracciones significativas.,Ninguno,4,Ninguna en especial,6,Regular,Moderado,Alto
24/4/2026 9:13:14,Grupo 6,"Vargas Saravia, Daniela Alessandra",Masculino,19,71.6,187,Ingeniería Mecatrónica,3,6,6,16.79,Décimo,8,"Deportes de equipo (Fútbol, Básquet, Vóley, etc.)",En instalaciones de la universidad,Colectiva,3,"Moderado: Podía hablar en frases cortas, pero me agitaba un poco y necesitaba respirar.",Mañana,"Baja: Fui muy irregular, entrenando solo ocasionalmente.",22,2,Bajo: Me distraigo con facilidad y me cuesta mantener la atención durante el estudio.,Bebidas rehidratantes,4,Ninguna en especial,6,Regular,Moderado,Alto
24/4/2026 9:21:26,Grupo 8,"Huertos Ochoa, Rodrigo Franco",Masculino,18,72,180,Ciencias de la Computación,3,6,6,16.18,Tercio,0,No realizo actividad fisica,,,,,,,21,7.5,Alto: Mantengo la concentración durante la mayor parte del tiempo sin distracciones significativas.,Ninguno,3,Ninguna en especial,8,Regular,Moderado,Moderado
24/4/2026 9:30:18,Grupo 3,"Aguilar Neciosup, Santiago",Masculino,20,76,177,Ciencias de la Computación,7,4,3,14.3,Tercio medio,6,"Deportes de equipo (Fútbol, Básquet, Vóley, etc.)",En instalaciones de la universidad,Colectiva,3,"Moderado: Podía hablar en frases cortas, pero me agitaba un poco y necesitaba respirar.",Mañana,"Baja: Fui muy irregular, entrenando solo ocasionalmente.",6,10,Bajo: Me distraigo con facilidad y me cuesta mantener la atención durante el estudio.,"Bebidas energéticas, Proteína en polvo (Whey, Vegana, Caseína), Creatina",4,Alta en proteínas,8,Buena,Alto,Muy alto
24/4/2026 9:44:53,Grupo 2,"Collazos Solís, Maxwell Lupo Gregorio",Masculino,30,65,1.8,Ciencias de la Computación,4,5,5,11,Tercio inferior,0,No realizo actividad fisica,,,,,,,1,1,Bajo: Me distraigo con facilidad y me cuesta mantener la atención durante el estudio.,Bebidas energéticas,1,Alta en proteínas,4,Muy mala,Muy bajo,Muy bajo
24/4/2026 9:48:19,Grupo 2,"Collazos Solís, Maxwell Lupo Gregorio",Masculino,21,75,1.78,Ciencias de la Computación,5,4,3,12.4,Décimo,12,Gimnasio / Levantamiento de pesas,En instalaciones de la universidad,Individual,5,"Moderado: Podía hablar en frases cortas, pero me agitaba un poco y necesitaba respirar.",Mañana,Alta: Mantuve mi rutina de manera estricta y constante todo el ciclo.,20,28,"Medio: Logro concentrarme por períodos moderados, pero presento algunas distracciones.",Ninguno,5,Ninguna en especial,7,Buena,Muy bajo,Muy bajo
24/4/2026 9:58:54,Grupo 2,"Collazos Solís, Maxwell Lupo Gregorio",Masculino,23,97,175,Ingeniería Electrónica,8,4,4,15,Tercio,1,Caminar ,"En espacios públicos (parques, canchas, piscinas, etc.)",Individual,1,Bajo: Podía mantener una conversación larga o cantar sin ningún esfuerzo,Mañana,"Baja: Fui muy irregular, entrenando solo ocasionalmente.",10,4,"Medio: Logro concentrarme por períodos moderados, pero presento algunas distracciones.",Ninguno,4,Ninguna en especial,5,Regular,Moderado,Moderado
24/4/2026 9:59:05,Grupo 2,"Collazos Solís, Maxwell Lupo Gregorio",Masculino,21,77,182,Ingeniería Industrial,10,6,6,17,Décimo,6,"Deportes de equipo (Fútbol, Básquet, Vóley, etc.)","En espacios públicos (parques, canchas, piscinas, etc.)",Individual,3,"Moderado: Podía hablar en frases cortas, pero me agitaba un poco y necesitaba respirar.",Tarde,"Media: Tuve constancia por algunas semanas, pero con interrupciones frecuentes.",3,5,Bajo: Me distraigo con facilidad y me cuesta mantener la atención durante el estudio.,Bebidas energéticas,2,Ninguna en especial,6,Muy mala,Muy bajo,Muy alto
24/4/2026 10:01:24,Grupo 2,"Collazos Solís, Maxwell Lupo Gregorio",Masculino,25,85,175,Ingeniería Mecatrónica,5,5,2,10,Décimo,6,"Entrenamiento en casa (Calistenia, Yoga, rutinas por video)",En casa,Individual,5,Bajo: Podía mantener una conversación larga o cantar sin ningún esfuerzo,Mañana,"Media: Tuve constancia por algunas semanas, pero con interrupciones frecuentes.",18,6,"Medio: Logro concentrarme por períodos moderados, pero presento algunas distracciones.",Ninguno,3,Ninguna en especial,7,Buena,Moderado,Moderado
24/4/2026 10:03:37,Grupo 2,"Collazos Solís, Maxwell Lupo Gregorio",Femenino,20,66,165,Ciencias de la Computación,2,6,6,17.5,Décimo,3,Gimnasio / Levantamiento de pesas,En casa,Individual,3,"Moderado: Podía hablar en frases cortas, pero me agitaba un poco y necesitaba respirar.",Mañana,"Media: Tuve constancia por algunas semanas, pero con interrupciones frecuentes.",22,20,"Medio: Logro concentrarme por períodos moderados, pero presento algunas distracciones.",Ninguno,3,Ninguna en especial,7,Buena,Bajo,Bajo
24/4/2026 10:06:17,Grupo 2,"Collazos Solís, Maxwell Lupo Gregorio",Masculino,17,69,170,Ingeniería Química,2,6,6,18.7,Décimo,0,No realizo actividad fisica,,,,,,,24,8,Alto: Mantengo la concentración durante la mayor parte del tiempo sin distracciones significativas.,Ninguno,4,Ninguna en especial,6,Mala,Bajo,Alto
24/4/2026 10:07:10,Grupo 2,"Collazos Solís, Maxwell Lupo Gregorio",Femenino,25,62,159,Ingeniría de la Energía,Más de 10,1,1,17,Décimo,0,No realizo actividad fisica,,,,,,,6,6,"Medio: Logro concentrarme por períodos moderados, pero presento algunas distracciones.",Ninguno,3,Ninguna en especial,7,Regular,Alto,Alto
24/4/2026 10:07:43,Grupo 2,"Collazos Solís, Maxwell Lupo Gregorio",Masculino,20,60,1.7,Ciencia de Datos,2,5,5,13.2,Tercio inferior,5,Gimnasio / Levantamiento de pesas,En gimnasio,Colectiva,3,"Moderado: Podía hablar en frases cortas, pero me agitaba un poco y necesitaba respirar.",Tarde,"Media: Tuve constancia por algunas semanas, pero con interrupciones frecuentes.",26,5,Bajo: Me distraigo con facilidad y me cuesta mantener la atención durante el estudio.,Ninguno,4,Ninguna en especial,7,Regular,Moderado,Alto
24/4/2026 10:08:12,Grupo 2,"Collazos Solís, Maxwell Lupo Gregorio",Masculino,23,80,1.6,Ciencias de la Computación,6,6,1,4,Décimo,1,No realizo actividad fisica,,,,,,,4,4,"Medio: Logro concentrarme por períodos moderados, pero presento algunas distracciones.",Bebidas rehidratantes,5,Ninguna en especial,2,Mala,Alto,Alto
24/4/2026 10:08:32,Grupo 2,"Collazos Solís, Maxwell Lupo Gregorio",Masculino,23,75,170,Ciencias de la Computación,8,5,5,15,Décimo,6,Gimnasio / Levantamiento de pesas,En gimnasio,Individual,4,"Moderado: Podía hablar en frases cortas, pero me agitaba un poco y necesitaba respirar.",Noche,"Media: Tuve constancia por algunas semanas, pero con interrupciones frecuentes.",20,12,"Medio: Logro concentrarme por períodos moderados, pero presento algunas distracciones.",Polvos Pre-Entreno,6,Alta en proteínas,4,Regular,Bajo,Muy bajo
24/4/2026 10:11:26,Grupo 2,"Collazos Solís, Maxwell Lupo Gregorio",Masculino,21,95,170,Ingeniería Mecánica,4,2,4,11,Tercio,1.3,"Deportes aeróbicos (Correr, Nadar, Ciclismo)","En espacios públicos (parques, canchas, piscinas, etc.)",Individual,4,Alto: Me faltaba el aliento rápido y apenas podía decir unas pocas palabras sin parar a tomar aire.,Mañana,"Baja: Fui muy irregular, entrenando solo ocasionalmente.",7,4,Bajo: Me distraigo con facilidad y me cuesta mantener la atención durante el estudio.,Ninguno,3,Ninguna en especial,5,Muy mala,Alto,Moderado
24/4/2026 10:13:51,Grupo 2,"Collazos Solís, Maxwell Lupo Gregorio",Masculino,17,75,1.65,Administración y Negocios Digitales,2,0,0,1,Décimo,1,Gimnasio / Levantamiento de pesas,En gimnasio,Individual,4,"Moderado: Podía hablar en frases cortas, pero me agitaba un poco y necesitaba respirar.",Noche,"Media: Tuve constancia por algunas semanas, pero con interrupciones frecuentes.",6,1,Bajo: Me distraigo con facilidad y me cuesta mantener la atención durante el estudio.,Bebidas energéticas,4,Ninguna en especial,6,Mala,Muy alto,Muy alto
24/4/2026 10:15:19,Grupo 7,"Burgos Ochoa, Jeseph Imanol",Masculino,18,55,163,Ciencias de la Computación,2,6,6,13.67,Tercio medio,0,No realizo actividad fisica,,,,,,,23,2,Bajo: Me distraigo con facilidad y me cuesta mantener la atención durante el estudio.,Ninguno,3,Ninguna en especial,10,Muy buena,Moderado,Moderado
24/4/2026 10:15:21,Grupo 2,"Collazos Solís, Maxwell Lupo Gregorio",Femenino,22,74,153,Ingeniería Civil,8,7,15,15,Quinto,2,Gimnasio / Levantamiento de pesas,En gimnasio,Individual,3,Alto: Me faltaba el aliento rápido y apenas podía decir unas pocas palabras sin parar a tomar aire.,Noche,"Media: Tuve constancia por algunas semanas, pero con interrupciones frecuentes.",17,8,Bajo: Me distraigo con facilidad y me cuesta mantener la atención durante el estudio.,"Bebidas energéticas, Bebidas rehidratantes",4,Ninguna en especial,6,Mala,Alto,Alto
24/4/2026 10:15:44,Grupo 2,"Collazos Solís, Maxwell Lupo Gregorio",Femenino,22,54,154,Ingeniería Civil,6,6,6,17,Tercio inferior,1,"Deportes de equipo (Fútbol, Básquet, Vóley, etc.)","En espacios públicos (parques, canchas, piscinas, etc.)",Individual,1,"Moderado: Podía hablar en frases cortas, pero me agitaba un poco y necesitaba respirar.",Tarde,"Media: Tuve constancia por algunas semanas, pero con interrupciones frecuentes.",17,6,"Medio: Logro concentrarme por períodos moderados, pero presento algunas distracciones.",Bebidas energéticas,4,Baja en carbohidratos,4,Regular,Alto,Alto
24/4/2026 10:21:20,Grupo 2,"Collazos Solís, Maxwell Lupo Gregorio",Masculino,18,70,173,Ingeniería Industrial,2,6,6,15,Tercio medio,8,Gimnasio / Levantamiento de pesas,En gimnasio,Individual,4,"Moderado: Podía hablar en frases cortas, pero me agitaba un poco y necesitaba respirar.",Mañana,Alta: Mantuve mi rutina de manera estricta y constante todo el ciclo.,20,10,"Medio: Logro concentrarme por períodos moderados, pero presento algunas distracciones.",Creatina,0,Alta en proteínas,6,Buena,Alto,Moderado
24/4/2026 10:23:08,Grupo 2,"Collazos Solís, Maxwell Lupo Gregorio",Masculino,20,52,160,Bioingeniería,2,7,7,17.25,Quinto,2,"Entrenamiento en casa (Calistenia, Yoga, rutinas por video)",En casa,Individual,3,Bajo: Podía mantener una conversación larga o cantar sin ningún esfuerzo,Noche,"Baja: Fui muy irregular, entrenando solo ocasionalmente.",21,8,Alto: Mantengo la concentración durante la mayor parte del tiempo sin distracciones significativas.,Ninguno,3,Ninguna en especial,6,Regular,Moderado,Moderado
24/4/2026 10:23:14,Grupo 2,"Collazos Solís, Maxwell Lupo Gregorio",Masculino,22,67,171,Ingeniería Mecánica,9,4,4,16.33,Quinto,0,No realizo actividad fisica,,,,,,,18,6,"Medio: Logro concentrarme por períodos moderados, pero presento algunas distracciones.",Bebidas energéticas,3,Ninguna en especial,7,Buena,Moderado,Moderado
24/4/2026 10:23:57,Grupo 2,"Collazos Solís, Maxwell Lupo Gregorio",Femenino,18,53,168,Ingeniería Química,3,6,5,14.13,Tercio medio,0,No realizo actividad fisica,,,,,,,24,10,Bajo: Me distraigo con facilidad y me cuesta mantener la atención durante el estudio.,Ninguno,2,Ninguna en especial,7,Buena,Alto,Alto
24/4/2026 10:26:48,Grupo 2,"Collazos Solís, Maxwell Lupo Gregorio",Masculino,20,66,171,Ciencias de la Computación,5,5,4,13.2,Tercio medio,10,Artes marciales / Deportes de contacto,En instalaciones de la universidad,Individual,5,Alto: Me faltaba el aliento rápido y apenas podía decir unas pocas palabras sin parar a tomar aire.,Tarde,Alta: Mantuve mi rutina de manera estricta y constante todo el ciclo.,21,5,Bajo: Me distraigo con facilidad y me cuesta mantener la atención durante el estudio.,Ninguno,3,Ninguna en especial,5,Buena,Moderado,Muy alto
24/4/2026 10:29:40,Grupo 2,"Collazos Solís, Maxwell Lupo Gregorio",Femenino,23,49,161,Ingeniería Ambiental,10,4,4,16.25,Tercio medio,4,"Deportes aeróbicos (Correr, Nadar, Ciclismo)","En espacios públicos (parques, canchas, piscinas, etc.)",Colectiva,2,"Moderado: Podía hablar en frases cortas, pero me agitaba un poco y necesitaba respirar.",Noche,"Media: Tuve constancia por algunas semanas, pero con interrupciones frecuentes.",20,48,"Medio: Logro concentrarme por períodos moderados, pero presento algunas distracciones.",Ninguno,2,Ninguna en especial,5,Regular,Moderado,Moderado
24/4/2026 10:38:57,Grupo 2,"Collazos Solís, Maxwell Lupo Gregorio",Femenino,19,69,1.54,Bioingeniería,2,6,3,12,Décimo,2,"Entrenamiento en casa (Calistenia, Yoga, rutinas por video)","En espacios públicos (parques, canchas, piscinas, etc.)",Individual,2,Bajo: Podía mantener una conversación larga o cantar sin ningún esfuerzo,Noche,"Baja: Fui muy irregular, entrenando solo ocasionalmente.",12,20,"Medio: Logro concentrarme por períodos moderados, pero presento algunas distracciones.",Ninguno,2,Ninguna en especial,7,Regular,Alto,Muy alto
24/4/2026 10:40:12,Grupo 2,"Collazos Solís, Maxwell Lupo Gregorio",Masculino,18,82,170,Ingeniería Mecánica,3,5,5,15,Tercio medio,0,No realizo actividad fisica,,,,,,,5,1,"Medio: Logro concentrarme por períodos moderados, pero presento algunas distracciones.",Ninguno,3,Ninguna en especial,8,Muy buena,Moderado,Bajo
24/4/2026 10:42:26,Grupo 2,"Collazos Solís, Maxwell Lupo Gregorio",Femenino,22,65,1.53,Ingeniería Industrial,9,6,5,13.6,Tercio inferior,5,Gimnasio / Levantamiento de pesas,En gimnasio,Individual,3,"Moderado: Podía hablar en frases cortas, pero me agitaba un poco y necesitaba respirar.",Noche,"Media: Tuve constancia por algunas semanas, pero con interrupciones frecuentes.",20,8,"Medio: Logro concentrarme por períodos moderados, pero presento algunas distracciones.",Ninguno,3,Ninguna en especial,6,Regular,Alto,Alto
24/4/2026 10:43:11,Grupo 2,"Collazos Solís, Maxwell Lupo Gregorio",Masculino,24,69,170,Ingeniería Industrial,8,4,5,14.57,Tercio,5,"Deportes de equipo (Fútbol, Básquet, Vóley, etc.)","En espacios públicos (parques, canchas, piscinas, etc.)",Colectiva,2,"Moderado: Podía hablar en frases cortas, pero me agitaba un poco y necesitaba respirar.",Noche,"Media: Tuve constancia por algunas semanas, pero con interrupciones frecuentes.",18,8,"Medio: Logro concentrarme por períodos moderados, pero presento algunas distracciones.",Bebidas rehidratantes,5,Ninguna en especial,6,Regular,Moderado,Moderado
24/4/2026 10:45:15,Grupo 2,"Collazos Solís, Maxwell Lupo Gregorio",Masculino,18,65,170,Ingeniería Industrial,2,6,6,16.65,Tercio,2,"Deportes de equipo (Fútbol, Básquet, Vóley, etc.)","En espacios públicos (parques, canchas, piscinas, etc.)",Individual,1,"Moderado: Podía hablar en frases cortas, pero me agitaba un poco y necesitaba respirar.",Tarde,"Baja: Fui muy irregular, entrenando solo ocasionalmente.",2,10,Alto: Mantengo la concentración durante la mayor parte del tiempo sin distracciones significativas.,Ninguno,6,Ninguna en especial,6,Regular,Alto,Moderado
24/4/2026 10:47:29,Grupo 2,"Collazos Solís, Maxwell Lupo Gregorio",Masculino,22,73,173,Ingeniería Mecánica,7,5,5,16.8,Quinto,10,Gimnasio / Levantamiento de pesas,En gimnasio,Individual,4,"Moderado: Podía hablar en frases cortas, pero me agitaba un poco y necesitaba respirar.",Mañana,"Baja: Fui muy irregular, entrenando solo ocasionalmente.",20,4,Bajo: Me distraigo con facilidad y me cuesta mantener la atención durante el estudio.,Ninguno,4,Ninguna en especial,8,Buena,Bajo,Bajo
24/4/2026 10:48:11,Grupo 2,"Collazos Solís, Maxwell Lupo Gregorio",Masculino,19,82,160,Ingeniería Mecatrónica,5,5,2,11.2,Tercio inferior,5,"Deportes de equipo (Fútbol, Básquet, Vóley, etc.)","En espacios públicos (parques, canchas, piscinas, etc.)",Colectiva,3,"Moderado: Podía hablar en frases cortas, pero me agitaba un poco y necesitaba respirar.",Noche,"Baja: Fui muy irregular, entrenando solo ocasionalmente.",15,7,Bajo: Me distraigo con facilidad y me cuesta mantener la atención durante el estudio.,"Bebidas energéticas, Bebidas rehidratantes",2,Ninguna en especial,4,Mala,Bajo,Moderado
24/4/2026 10:51:45,Grupo 5,"Monsalve Caycho, Christopher Jordan",Masculino,18,90,1.78,Ingeniería Civil,3,6,5,11,Décimo,10,Gimnasio / Levantamiento de pesas,En gimnasio,Individual,5,"Moderado: Podía hablar en frases cortas, pero me agitaba un poco y necesitaba respirar.",Noche,"Media: Tuve constancia por algunas semanas, pero con interrupciones frecuentes.",24,15,Bajo: Me distraigo con facilidad y me cuesta mantener la atención durante el estudio.,Creatina,4,Alta en proteínas,6,Regular,Alto,Muy alto
24/4/2026 11:16:46,Grupo 9,"Heredia Quispe, Gianella Alessandra",Masculino,23,89,1.76,Ingeniería Industrial,7,4,4,14,Tercio,2,"Entrenamiento en casa (Calistenia, Yoga, rutinas por video)",En casa,Individual,2,Bajo: Podía mantener una conversación larga o cantar sin ningún esfuerzo,Tarde,"Baja: Fui muy irregular, entrenando solo ocasionalmente.",16,8,Alto: Mantengo la concentración durante la mayor parte del tiempo sin distracciones significativas.,Ninguno,0,Ninguna en especial,6,Regular,Muy alto,Muy alto
24/4/2026 11:23:13,Grupo 2,"Collazos Solís, Maxwell Lupo Gregorio",Masculino,17,73,1.75,Ciencias de la Computación,2,0,2,16,Tercio medio,4,"Deportes de equipo (Fútbol, Básquet, Vóley, etc.)",En gimnasio,Individual,2,"Moderado: Podía hablar en frases cortas, pero me agitaba un poco y necesitaba respirar.",Noche,"Media: Tuve constancia por algunas semanas, pero con interrupciones frecuentes.",4,5,"Medio: Logro concentrarme por períodos moderados, pero presento algunas distracciones.","Bebidas energéticas, Bebidas rehidratantes",3,Ninguna en especial,4,Regular,Moderado,Moderado
24/4/2026 11:23:43,Grupo 2,"Collazos Solís, Maxwell Lupo Gregorio",Masculino,17,67,170,Ciencias de la Computación,2,6,6,19,Tercio inferior,7,Gimnasio / Levantamiento de pesas,En gimnasio,Individual,5,Alto: Me faltaba el aliento rápido y apenas podía decir unas pocas palabras sin parar a tomar aire.,Noche,Alta: Mantuve mi rutina de manera estricta y constante todo el ciclo.,10,7,"Medio: Logro concentrarme por períodos moderados, pero presento algunas distracciones.",Polvos Pre-Entreno,3,Alta en proteínas,6,Regular,Muy alto,Muy alto
24/4/2026 11:25:54,Grupo 2,"Collazos Solís, Maxwell Lupo Gregorio",Masculino,17,67.6767,177,Ciencias de la Computación,2,6,6,18,Quinto,7,"Entrenamiento en casa (Calistenia, Yoga, rutinas por video)",En casa,Individual,4,"Moderado: Podía hablar en frases cortas, pero me agitaba un poco y necesitaba respirar.",Noche,"Media: Tuve constancia por algunas semanas, pero con interrupciones frecuentes.",9,3,"Medio: Logro concentrarme por períodos moderados, pero presento algunas distracciones.",Multivitamínicos y Minerales,4,Ninguna en especial,6,Regular,Moderado,Alto
24/4/2026 11:26:48,Grupo 2,"Collazos Solís, Maxwell Lupo Gregorio",Masculino,17,67,175,Ciencias de la Computación,2,6,5,13,Tercio,0,No realizo actividad fisica,,,,,,,9,4,Alto: Mantengo la concentración durante la mayor parte del tiempo sin distracciones significativas.,Ninguno,3,Ninguna en especial,6,Regular,Alto,Moderado
24/4/2026 11:32:52,Grupo 5,"Reyes Neyra, Mariel Azucena",Masculino,19,55,165,Ingeniería Mecatrónica,5,4,4,14,Tercio,8,"Entrenamiento en casa (Calistenia, Yoga, rutinas por video)",En gimnasio,Individual,5,"Moderado: Podía hablar en frases cortas, pero me agitaba un poco y necesitaba respirar.",Noche,Alta: Mantuve mi rutina de manera estricta y constante todo el ciclo.,16,8,"Medio: Logro concentrarme por períodos moderados, pero presento algunas distracciones.",Bebidas rehidratantes,5,Ninguna en especial,6,Regular,Moderado,Moderado
24/4/2026 11:35:33,Grupo 2,"Castillo Castro, Rafael Adrián",Masculino,25,94,160,Ciencia de Datos,9,4,4,15,Tercio,1,Caminata,"En espacios públicos (parques, canchas, piscinas, etc.)",Individual,1,Bajo: Podía mantener una conversación larga o cantar sin ningún esfuerzo,Tarde,"Media: Tuve constancia por algunas semanas, pero con interrupciones frecuentes.",20,10,"Medio: Logro concentrarme por períodos moderados, pero presento algunas distracciones.",Ninguno,3,Ninguna en especial,6,Regular,Alto,Muy alto
24/4/2026 11:40:26,Grupo 2,"Collazos Solís, Maxwell Lupo Gregorio",Masculino,17,78,174,Ingeniería Civil,2,6,6,15,Tercio medio,12,Gimnasio / Levantamiento de pesas,En gimnasio,Individual,3,"Moderado: Podía hablar en frases cortas, pero me agitaba un poco y necesitaba respirar.",Tarde,"Media: Tuve constancia por algunas semanas, pero con interrupciones frecuentes.",25,5,"Medio: Logro concentrarme por períodos moderados, pero presento algunas distracciones.",Bebidas rehidratantes,4,Ninguna en especial,4,Mala,Moderado,Alto
24/4/2026 11:40:44,Grupo 2,"Collazos Solís, Maxwell Lupo Gregorio",Masculino,18,68,178,Ingeniería Civil,2,6,6,18,Tercio,10,"Deportes de equipo (Fútbol, Básquet, Vóley, etc.)",En instalaciones de la universidad,Colectiva,4,Alto: Me faltaba el aliento rápido y apenas podía decir unas pocas palabras sin parar a tomar aire.,Noche,Alta: Mantuve mi rutina de manera estricta y constante todo el ciclo.,25,5,"Medio: Logro concentrarme por períodos moderados, pero presento algunas distracciones.",Bebidas rehidratantes,5,Ninguna en especial,5,Regular,Alto,Alto
24/4/2026 11:41:35,Grupo 2,"Collazos Solís, Maxwell Lupo Gregorio",Masculino,18,65,1.64,Ingeniería Civil,2,5,5,17,Tercio inferior,30,"Deportes de equipo (Fútbol, Básquet, Vóley, etc.)",En casa,Individual,7,Alto: Me faltaba el aliento rápido y apenas podía decir unas pocas palabras sin parar a tomar aire.,Tarde,"Media: Tuve constancia por algunas semanas, pero con interrupciones frecuentes.",25,10,"Medio: Logro concentrarme por períodos moderados, pero presento algunas distracciones.",Creatina,6,Alta en proteínas,8,Regular,Moderado,Bajo
24/4/2026 11:46:21,Grupo 5,"Reyes Neyra, Mariel Azucena",Femenino,24,60,161,Ingeniería Electrónica,4,6,6,13.5,Tercio inferior,0,No realizo actividad fisica,,,,,,,18,20,"Medio: Logro concentrarme por períodos moderados, pero presento algunas distracciones.",Ninguno,4,Baja en carbohidratos,5,Mala,Alto,Alto
24/4/2026 11:51:20,Grupo 8,"Terrones Paredes, Alvaro Emilio",Masculino,18,72,175,Ingeniería Mecatrónica,3,5,5,12.5,Décimo,4,Metropolitano ,Otros,Individual,6,"Moderado: Podía hablar en frases cortas, pero me agitaba un poco y necesitaba respirar.",Mañana,Alta: Mantuve mi rutina de manera estricta y constante todo el ciclo.,20,12,"Medio: Logro concentrarme por períodos moderados, pero presento algunas distracciones.",Ninguno,4,Ninguna en especial,6,Regular,Moderado,Moderado
24/4/2026 11:51:21,Grupo 2,"Collazos Solís, Maxwell Lupo Gregorio",Masculino,18,58,175,Ciencia de Datos,3,5,5,18,Décimo,2,"Deportes de equipo (Fútbol, Básquet, Vóley, etc.)","En espacios públicos (parques, canchas, piscinas, etc.)",Individual,1,Bajo: Podía mantener una conversación larga o cantar sin ningún esfuerzo,Tarde,"Baja: Fui muy irregular, entrenando solo ocasionalmente.",21,6,Alto: Mantengo la concentración durante la mayor parte del tiempo sin distracciones significativas.,Ninguno,4,Ninguna en especial,8,Muy buena,Muy bajo,Moderado
24/4/2026 11:58:21,Grupo 2,"Manrique Romero, Oriana Manuela Fe",Masculino,21,71,164,Ciencias de la Computación,Más de 10,6,5,15.92,Tercio medio,6,Gimnasio / Levantamiento de pesas,"En espacios públicos (parques, canchas, piscinas, etc.)",Individual,4,"Moderado: Podía hablar en frases cortas, pero me agitaba un poco y necesitaba respirar.",Noche,"Baja: Fui muy irregular, entrenando solo ocasionalmente.",34,20,Alto: Mantengo la concentración durante la mayor parte del tiempo sin distracciones significativas.,"Bebidas energéticas, Bebidas rehidratantes, Multivitamínicos y Minerales, Creatina",5,Ninguna en especial,7,Muy mala,Muy alto,Muy alto
24/4/2026 12:02:15,Grupo 2,"Terrones Paredes, Alvaro Emilio",Femenino,18,164,16000,Ingeniería Mecatrónica,3,6,5,13.55,Tercio medio,6,"Deportes aeróbicos (Correr, Nadar, Ciclismo)","En espacios públicos (parques, canchas, piscinas, etc.)",Individual,2,Bajo: Podía mantener una conversación larga o cantar sin ningún esfuerzo,Tarde,"Media: Tuve constancia por algunas semanas, pero con interrupciones frecuentes.",23,8,"Medio: Logro concentrarme por períodos moderados, pero presento algunas distracciones.",Multivitamínicos y Minerales,4,Ninguna en especial,8,Regular,Alto,Muy alto
24/4/2026 12:18:28,Grupo 8,"Bances Núñez, Nadia Estefanía",Femenino,19,83,162,Ingeniería Mecatrónica,5,5,3,16.33,Quinto,2,Baile,"En espacios públicos (parques, canchas, piscinas, etc.)",Colectiva,1,"Moderado: Podía hablar en frases cortas, pero me agitaba un poco y necesitaba respirar.",Noche,"Media: Tuve constancia por algunas semanas, pero con interrupciones frecuentes.",22,10,Bajo: Me distraigo con facilidad y me cuesta mantener la atención durante el estudio.,Ninguno,2,Ninguna en especial,7,Regular,Alto,Alto
24/4/2026 12:23:44,Grupo 8,"Bances Núñez, Nadia Estefanía",Femenino,23,68,156,Ingeniría de la Energía,8,6,5,13.23,Tercio inferior,0,No realizo actividad fisica,,,,,,,23,3,Bajo: Me distraigo con facilidad y me cuesta mantener la atención durante el estudio.,Ninguno,3,Ninguna en especial,6,Regular,Alto,Alto
24/4/2026 12:24:09,Grupo 2,"Terrones Paredes, Alvaro Emilio",Femenino,18,51,165,Ingeniería Mecatrónica,3,6,5,13.3,Tercio,10,"Entrenamiento en casa (Calistenia, Yoga, rutinas por video)",En gimnasio,Individual,5,"Moderado: Podía hablar en frases cortas, pero me agitaba un poco y necesitaba respirar.",Noche,"Media: Tuve constancia por algunas semanas, pero con interrupciones frecuentes.",20,15,"Medio: Logro concentrarme por períodos moderados, pero presento algunas distracciones.",Multivitamínicos y Minerales,3,Ninguna en especial,3,Mala,Muy alto,Muy alto
24/4/2026 12:24:17,Grupo 8,"Bances Núñez, Nadia Estefanía",Femenino,21,64,158,Ingeniería Mecatrónica,6,5,1,10,Décimo,2,"Entrenamiento en casa (Calistenia, Yoga, rutinas por video)",En casa,Individual,2,"Moderado: Podía hablar en frases cortas, pero me agitaba un poco y necesitaba respirar.",Tarde,"Baja: Fui muy irregular, entrenando solo ocasionalmente.",26,4,Bajo: Me distraigo con facilidad y me cuesta mantener la atención durante el estudio.,"Bebidas energéticas, Bebidas rehidratantes",2,Ninguna en especial,5,Regular,Muy alto,Muy alto
24/4/2026 12:25:02,Grupo 8,"Bances Núñez, Nadia Estefanía",Femenino,21,62,153,Ingeniería Mecatrónica,6,5,4,12,Décimo,5,Gimnasio / Levantamiento de pesas,En gimnasio,Individual,1,"Moderado: Podía hablar en frases cortas, pero me agitaba un poco y necesitaba respirar.",Tarde,"Baja: Fui muy irregular, entrenando solo ocasionalmente.",18,10,"Medio: Logro concentrarme por períodos moderados, pero presento algunas distracciones.",Ninguno,2,Ninguna en especial,6,Regular,Alto,Alto
24/4/2026 12:34:56,Grupo 8,"Bances Núñez, Nadia Estefanía",Masculino,18,58,1.67,Ingeniería Industrial,2,7,6,12.6,Tercio inferior,6,"Deportes de equipo (Fútbol, Básquet, Vóley, etc.)","En espacios públicos (parques, canchas, piscinas, etc.)",Individual,2,"Moderado: Podía hablar en frases cortas, pero me agitaba un poco y necesitaba respirar.",Tarde,"Media: Tuve constancia por algunas semanas, pero con interrupciones frecuentes.",29,12,"Medio: Logro concentrarme por períodos moderados, pero presento algunas distracciones.",Ninguno,4,Ninguna en especial,6,Mala,Alto,Alto
24/4/2026 12:42:02,Grupo 8,"Bances Núñez, Nadia Estefanía",Masculino,20,86,177,Ingeniería Civil,6,6,5,13.3,Tercio inferior,1,"Entrenamiento en casa (Calistenia, Yoga, rutinas por video)",En casa,Individual,2,Bajo: Podía mantener una conversación larga o cantar sin ningún esfuerzo,Mañana,"Baja: Fui muy irregular, entrenando solo ocasionalmente.",24,6,Bajo: Me distraigo con facilidad y me cuesta mantener la atención durante el estudio.,"Bebidas energéticas, Multivitamínicos y Minerales",4,Ninguna en especial,8,Buena,Alto,Alto
24/4/2026 12:42:04,Grupo 2,"Terrones Paredes, Alvaro Emilio",Masculino,19,68.9,176,Administración y Negocios Digitales,5,5,5,12,Décimo,5,"Deportes aeróbicos (Correr, Nadar, Ciclismo)",Otros,Individual,3,"Moderado: Podía hablar en frases cortas, pero me agitaba un poco y necesitaba respirar.",Mañana,Alta: Mantuve mi rutina de manera estricta y constante todo el ciclo.,20,2,Alto: Mantengo la concentración durante la mayor parte del tiempo sin distracciones significativas.,Ninguno,2,Ninguna en especial,8,Muy buena,Muy bajo,Muy bajo
24/4/2026 12:42:53,Grupo 8,"Bances Núñez, Nadia Estefanía",Masculino,19,75,170,Ciencias de la Computación,5,5,5,16,Décimo,6,Gimnasio / Levantamiento de pesas,En gimnasio,Individual,5,"Moderado: Podía hablar en frases cortas, pero me agitaba un poco y necesitaba respirar.",Tarde,"Media: Tuve constancia por algunas semanas, pero con interrupciones frecuentes.",16,8,"Medio: Logro concentrarme por períodos moderados, pero presento algunas distracciones.",Ninguno,4,Ninguna en especial,7,Regular,Moderado,Alto
24/4/2026 12:46:42,Grupo 8,"Bances Núñez, Nadia Estefanía",Masculino,18,75,174,Ingeniería Mecatrónica,3,6,5,15,Quinto,6,"Deportes de equipo (Fútbol, Básquet, Vóley, etc.)","En espacios públicos (parques, canchas, piscinas, etc.)",Individual,5,"Moderado: Podía hablar en frases cortas, pero me agitaba un poco y necesitaba respirar.",Noche,Alta: Mantuve mi rutina de manera estricta y constante todo el ciclo.,24,8,"Medio: Logro concentrarme por períodos moderados, pero presento algunas distracciones.",Creatina,6,Ninguna en especial,6,Buena,Moderado,Moderado
24/4/2026 12:48:33,Grupo 8,"Bances Núñez, Nadia Estefanía",Masculino,22,90,1.71,Ingeniería Electrónica,3,5,5,14,Tercio inferior,6,"Deportes de equipo (Fútbol, Básquet, Vóley, etc.)","En espacios públicos (parques, canchas, piscinas, etc.)",Colectiva,2,"Moderado: Podía hablar en frases cortas, pero me agitaba un poco y necesitaba respirar.",Tarde,"Media: Tuve constancia por algunas semanas, pero con interrupciones frecuentes.",5,10,Bajo: Me distraigo con facilidad y me cuesta mantener la atención durante el estudio.,Ninguno,2,Baja en carbohidratos,6,Regular,Alto,Moderado
24/4/2026 12:49:09,Grupo 8,"Bances Núñez, Nadia Estefanía",Masculino,19,70,1.9,Ciencias de la Computación,5,5,5,15,Tercio medio,12,Gimnasio / Levantamiento de pesas,En gimnasio,Individual,5,"Moderado: Podía hablar en frases cortas, pero me agitaba un poco y necesitaba respirar.",Noche,"Media: Tuve constancia por algunas semanas, pero con interrupciones frecuentes.",15,10,"Medio: Logro concentrarme por períodos moderados, pero presento algunas distracciones.","Bebidas energéticas, Bebidas rehidratantes, Multivitamínicos y Minerales",6,Alta en proteínas,7,Regular,Moderado,Alto
24/4/2026 12:49:12,Grupo 8,"Bances Núñez, Nadia Estefanía",Masculino,18,55,1.64,Ciencias de la Computación,5,5,5,14,Tercio,2,Artes marciales / Deportes de contacto,En gimnasio,Individual,3,"Moderado: Podía hablar en frases cortas, pero me agitaba un poco y necesitaba respirar.",Tarde,"Media: Tuve constancia por algunas semanas, pero con interrupciones frecuentes.",15,10,"Medio: Logro concentrarme por períodos moderados, pero presento algunas distracciones.",Bebidas energéticas,3,Alta en proteínas,7,Regular,Moderado,Alto
24/4/2026 12:50:22,Grupo 8,"Bances Núñez, Nadia Estefanía",Masculino,23,92,176,Ingeniería Mecatrónica,4,5,3,13,Tercio inferior,5,Gimnasio / Levantamiento de pesas,En gimnasio,Individual,4,"Moderado: Podía hablar en frases cortas, pero me agitaba un poco y necesitaba respirar.",Noche,"Media: Tuve constancia por algunas semanas, pero con interrupciones frecuentes.",20,12,Bajo: Me distraigo con facilidad y me cuesta mantener la atención durante el estudio.,Ninguno,3,Alta en proteínas,8,Regular,Moderado,Moderado
24/4/2026 12:54:19,Grupo 8,"Bances Núñez, Nadia Estefanía",Femenino,19,82,170,Ingeniería Industrial,3,7,7,14,Quinto,0,No realizo actividad fisica,,,,,,,25,20,"Medio: Logro concentrarme por períodos moderados, pero presento algunas distracciones.",Ninguno,6,Ninguna en especial,9,Buena,Alto,Moderado
24/4/2026 12:57:22,Grupo 8,"Castillo Castro, Rafael Adrián",Femenino,18,54.5,151,Ingeniería Mecatrónica,3,7,7,15.77,Quinto,8,Gimnasio / Levantamiento de pesas,En gimnasio,Individual,4,Alto: Me faltaba el aliento rápido y apenas podía decir unas pocas palabras sin parar a tomar aire.,Mañana,"Media: Tuve constancia por algunas semanas, pero con interrupciones frecuentes.",21,2,"Medio: Logro concentrarme por períodos moderados, pero presento algunas distracciones.",Multivitamínicos y Minerales,4,Ninguna en especial,5,Regular,Alto,Alto
24/4/2026 12:58:12,Grupo 8,"Bances Núñez, Nadia Estefanía",Masculino,25,65,167,Ingeniería Industrial,3,6,6,15.2,Tercio,2,"Deportes de equipo (Fútbol, Básquet, Vóley, etc.)",En casa,Individual,2,"Moderado: Podía hablar en frases cortas, pero me agitaba un poco y necesitaba respirar.",Noche,"Media: Tuve constancia por algunas semanas, pero con interrupciones frecuentes.",24,3,"Medio: Logro concentrarme por períodos moderados, pero presento algunas distracciones.",Ninguno,2,Ninguna en especial,7,Buena,Bajo,Bajo
24/4/2026 13:02:59,Grupo 8,"Bances Núñez, Nadia Estefanía",Prefiero no decirlo / Otro,18,54,1.65,Ciencias de la Computación,3,6,6,15.45,Tercio,2,"Entrenamiento en casa (Calistenia, Yoga, rutinas por video)",En casa,Individual,1,Bajo: Podía mantener una conversación larga o cantar sin ningún esfuerzo,Noche,"Media: Tuve constancia por algunas semanas, pero con interrupciones frecuentes.",34,28,"Medio: Logro concentrarme por períodos moderados, pero presento algunas distracciones.",Ninguno,4,Ninguna en especial,7,Regular,Alto,Alto
24/4/2026 13:05:37,Grupo 8,"Bances Núñez, Nadia Estefanía",Masculino,23,71,1.66,Ciencias de la Computación,10,5,5,15.5,Tercio,4,"Deportes de equipo (Fútbol, Básquet, Vóley, etc.)","En espacios públicos (parques, canchas, piscinas, etc.)",Colectiva,4,"Moderado: Podía hablar en frases cortas, pero me agitaba un poco y necesitaba respirar.",Noche,"Media: Tuve constancia por algunas semanas, pero con interrupciones frecuentes.",19,6,Bajo: Me distraigo con facilidad y me cuesta mantener la atención durante el estudio.,Bebidas energéticas,4,Ninguna en especial,7,Buena,Muy alto,Muy alto
24/4/2026 13:07:13,Grupo 8,"Bances Núñez, Nadia Estefanía",Femenino,18,58,160,Ingeniería Química,3,5,5,14.5,Tercio,3,Gimnasio / Levantamiento de pesas,En gimnasio,Individual,2,"Moderado: Podía hablar en frases cortas, pero me agitaba un poco y necesitaba respirar.",Tarde,"Media: Tuve constancia por algunas semanas, pero con interrupciones frecuentes.",20,12,"Medio: Logro concentrarme por períodos moderados, pero presento algunas distracciones.",Ninguno,4,Ninguna en especial,5,Mala,Moderado,Alto
24/4/2026 13:11:06,Grupo 8,"Bances Núñez, Nadia Estefanía",Masculino,20,80,1.75,Ciencias de la Computación,7,4,4,12.87,Tercio medio,20,Gimnasio / Levantamiento de pesas,En casa,Individual,20,"Moderado: Podía hablar en frases cortas, pero me agitaba un poco y necesitaba respirar.",Mañana,"Baja: Fui muy irregular, entrenando solo ocasionalmente.",24,6,"Medio: Logro concentrarme por períodos moderados, pero presento algunas distracciones.",Ninguno,3,Ninguna en especial,5,Mala,Alto,Alto
24/4/2026 13:11:27,Grupo 8,"Bances Núñez, Nadia Estefanía",Masculino,30,63,169,Ciencia de Datos,6,5,5,16.03,Quinto,4,Gimnasio / Levantamiento de pesas,En casa,Individual,4,"Moderado: Podía hablar en frases cortas, pero me agitaba un poco y necesitaba respirar.",Mañana,Alta: Mantuve mi rutina de manera estricta y constante todo el ciclo.,23,10,Alto: Mantengo la concentración durante la mayor parte del tiempo sin distracciones significativas.,Multivitamínicos y Minerales,4,Ninguna en especial,6,Buena,Moderado,Moderado
24/4/2026 13:14:38,Grupo 8,"Bances Núñez, Nadia Estefanía",Masculino,22,68,1.8,Ingeniería Mecánica,5,4,2,11,Décimo,0,No realizo actividad fisica,,,,,,,12,3,"Medio: Logro concentrarme por períodos moderados, pero presento algunas distracciones.",Ninguno,3,Ninguna en especial,6,Regular,Alto,Muy alto
24/4/2026 13:15:57,Grupo 2,"Collazos Solís, Maxwell Lupo Gregorio",Femenino,19,59,166,Bioingeniería,5,6,6,16.85,Tercio,6,Gimnasio / Levantamiento de pesas,En gimnasio,Individual,3,"Moderado: Podía hablar en frases cortas, pero me agitaba un poco y necesitaba respirar.",Tarde,"Media: Tuve constancia por algunas semanas, pero con interrupciones frecuentes.",4,5,"Medio: Logro concentrarme por períodos moderados, pero presento algunas distracciones.",Ninguno,3,Ninguna en especial,7,Regular,Moderado,Moderado
24/4/2026 13:19:12,Grupo 8,"Bances Núñez, Nadia Estefanía",Masculino,19,70,1.65,Ingeniería Electrónica,4,6,6,14,Tercio inferior,3,"Deportes de equipo (Fútbol, Básquet, Vóley, etc.)","En espacios públicos (parques, canchas, piscinas, etc.)",Colectiva,1,Bajo: Podía mantener una conversación larga o cantar sin ningún esfuerzo,Noche,"Baja: Fui muy irregular, entrenando solo ocasionalmente.",16,16,"Medio: Logro concentrarme por períodos moderados, pero presento algunas distracciones.",Bebidas energéticas,3,Ninguna en especial,5,Regular,Bajo,Moderado
24/4/2026 13:19:31,Grupo 8,"Bances Núñez, Nadia Estefanía",Masculino,19,60,171,Ingeniería Mecánica,7,5,5,15,Tercio medio,0,No realizo actividad fisica,,,,,,,20,3,Bajo: Me distraigo con facilidad y me cuesta mantener la atención durante el estudio.,Ninguno,2,Ninguna en especial,5,Regular,Muy bajo,Muy bajo
24/4/2026 13:21:50,Grupo 8,"Bances Núñez, Nadia Estefanía",Masculino,18,70,1.7,Ingeniería Mecatrónica,3,5,5,15.53,Tercio,6,"Entrenamiento en casa (Calistenia, Yoga, rutinas por video)",En casa,Individual,4,Bajo: Podía mantener una conversación larga o cantar sin ningún esfuerzo,Mañana,"Media: Tuve constancia por algunas semanas, pero con interrupciones frecuentes.",6,13,"Medio: Logro concentrarme por períodos moderados, pero presento algunas distracciones.",Ninguno,4,Baja en carbohidratos,7,Buena,Bajo,Bajo
24/4/2026 13:47:47,Grupo 8,"Bances Núñez, Nadia Estefanía",Masculino,21,73,174,Ciencias de la Computación,7,4,1,12,Tercio medio,32,"Entrenamiento en casa (Calistenia, Yoga, rutinas por video)",En casa,Individual,2,"Moderado: Podía hablar en frases cortas, pero me agitaba un poco y necesitaba respirar.",Tarde,"Baja: Fui muy irregular, entrenando solo ocasionalmente.",26,5,Bajo: Me distraigo con facilidad y me cuesta mantener la atención durante el estudio.,Bebidas energéticas,4,Ninguna en especial,7,Regular,Muy alto,Muy alto
24/4/2026 13:48:55,Grupo 8,"Bances Núñez, Nadia Estefanía",Masculino,23,63,171,Ciencias de la Computación,5,4,3,11,Tercio inferior,3,"Deportes de equipo (Fútbol, Básquet, Vóley, etc.)","En espacios públicos (parques, canchas, piscinas, etc.)",Colectiva,2,Alto: Me faltaba el aliento rápido y apenas podía decir unas pocas palabras sin parar a tomar aire.,Mañana,Alta: Mantuve mi rutina de manera estricta y constante todo el ciclo.,12,3,"Medio: Logro concentrarme por períodos moderados, pero presento algunas distracciones.","Proteína en polvo (Whey, Vegana, Caseína), Creatina",4,Ninguna en especial,8,Buena,Alto,Alto
24/4/2026 14:13:37,Grupo 2,"Collazos Solís, Maxwell Lupo Gregorio",Masculino,26,55,180,Administración y Negocios Digitales,3,6,6,14.33,Tercio,0,No realizo actividad fisica,,,,,,,13,3,Alto: Mantengo la concentración durante la mayor parte del tiempo sin distracciones significativas.,Ninguno,4,Ninguna en especial,8,Muy buena,Muy bajo,Moderado
24/4/2026 14:13:53,Grupo 8,"Bances Núñez, Nadia Estefanía",Masculino,19,64.4,180,Ciencias de la Computación,5,6,6,16.36,Décimo,7,"Deportes de equipo (Fútbol, Básquet, Vóley, etc.)",En instalaciones de la universidad,Colectiva,3,Alto: Me faltaba el aliento rápido y apenas podía decir unas pocas palabras sin parar a tomar aire.,Noche,Alta: Mantuve mi rutina de manera estricta y constante todo el ciclo.,30,45,"Medio: Logro concentrarme por períodos moderados, pero presento algunas distracciones.",Ninguno,3,Ninguna en especial,5,Mala,Alto,Alto
24/4/2026 14:48:17,Grupo 9,"Lam Nishiyama, Gustavo Antonio Leng",Masculino,20,65,1.72,Ingeniería Mecánica,5,5,4,14.58,Tercio medio,4,Artes marciales / Deportes de contacto,En gimnasio,Individual,4,"Moderado: Podía hablar en frases cortas, pero me agitaba un poco y necesitaba respirar.",Noche,"Media: Tuve constancia por algunas semanas, pero con interrupciones frecuentes.",20,5,Bajo: Me distraigo con facilidad y me cuesta mantener la atención durante el estudio.,"Bebidas energéticas, Bebidas rehidratantes",4,Ninguna en especial,6,Regular,Alto,Alto
24/4/2026 14:58:18,Grupo 6,"Manrique Romero, Oriana Manuela Fe",Masculino,18,70,170,Sistemas de la Información,3,6,4,14,Tercio,2,"Deportes de equipo (Fútbol, Básquet, Vóley, etc.)",En gimnasio,Individual,2,"Moderado: Podía hablar en frases cortas, pero me agitaba un poco y necesitaba respirar.",Mañana,"Media: Tuve constancia por algunas semanas, pero con interrupciones frecuentes.",23,8,"Medio: Logro concentrarme por períodos moderados, pero presento algunas distracciones.","Proteína en polvo (Whey, Vegana, Caseína)",4,Ninguna en especial,6,Regular,Bajo,Moderado
24/4/2026 15:04:00,Grupo 2,"Manrique Romero, Oriana Manuela Fe",Femenino,21,80,1.6,Ciencias de la Computación,7,10,8,12,Décimo,3,Gimnasio / Levantamiento de pesas,En gimnasio,Individual,2,Alto: Me faltaba el aliento rápido y apenas podía decir unas pocas palabras sin parar a tomar aire.,Tarde,"Baja: Fui muy irregular, entrenando solo ocasionalmente.",22,10,"Medio: Logro concentrarme por períodos moderados, pero presento algunas distracciones.",Creatina,5,Ninguna en especial,7,Regular,Alto,Moderado
24/4/2026 15:19:02,Grupo 2,"Terrones Paredes, Alvaro Emilio",Masculino,18,58,1.65,Ciencias de la Computación,3,5,4,14.5,Tercio,10,"Deportes de equipo (Fútbol, Básquet, Vóley, etc.)","En espacios públicos (parques, canchas, piscinas, etc.)",Colectiva,6,"Moderado: Podía hablar en frases cortas, pero me agitaba un poco y necesitaba respirar.",Noche,Alta: Mantuve mi rutina de manera estricta y constante todo el ciclo.,22,8,Alto: Mantengo la concentración durante la mayor parte del tiempo sin distracciones significativas.,Bebidas rehidratantes,3,Ninguna en especial,6,Regular,Moderado,Moderado
24/4/2026 15:46:18,Grupo 2,"Manrique Romero, Oriana Manuela Fe",Masculino,21,85,165,Bioingeniería,8,6,3,12.3,Tercio inferior,4,No realizo actividad fisica,,,,,,,14,4,"Medio: Logro concentrarme por períodos moderados, pero presento algunas distracciones.",Ninguno,5,Ninguna en especial,6,Mala,Alto,Muy alto
24/4/2026 15:54:47,Grupo 2,"Manrique Romero, Oriana Manuela Fe",Masculino,19,74,174,Ciencias de la Computación,7,5,3,13.7,Quinto,20,Gimnasio / Levantamiento de pesas,En gimnasio,Individual,1,"Moderado: Podía hablar en frases cortas, pero me agitaba un poco y necesitaba respirar.",Mañana,"Media: Tuve constancia por algunas semanas, pero con interrupciones frecuentes.",2,100,"Medio: Logro concentrarme por períodos moderados, pero presento algunas distracciones.","Bebidas energéticas, Bebidas rehidratantes",8,Alta en proteínas,20,Regular,Bajo,Bajo
24/4/2026 15:55:23,Grupo 2,"Manrique Romero, Oriana Manuela Fe",Masculino,18,77,178,Ciencias de la Computación,3,5,5,13.6,Tercio inferior,12,Gimnasio / Levantamiento de pesas,En gimnasio,Individual,5,Alto: Me faltaba el aliento rápido y apenas podía decir unas pocas palabras sin parar a tomar aire.,Tarde,"Media: Tuve constancia por algunas semanas, pero con interrupciones frecuentes.",17,6,"Medio: Logro concentrarme por períodos moderados, pero presento algunas distracciones.",Bebidas rehidratantes,3,Alta en proteínas,7,Regular,Alto,Moderado
24/4/2026 15:57:28,Grupo 2,"Rojas Meza, Kiara Luz",Femenino,18,50,158,Ciencias de la Computación,3,5,5,13,Tercio inferior,10,Gimnasio / Levantamiento de pesas,"En espacios públicos (parques, canchas, piscinas, etc.)",Individual,3,"Moderado: Podía hablar en frases cortas, pero me agitaba un poco y necesitaba respirar.",Tarde,"Media: Tuve constancia por algunas semanas, pero con interrupciones frecuentes.",20,6,"Medio: Logro concentrarme por períodos moderados, pero presento algunas distracciones.",Bebidas energéticas,3,Ninguna en especial,7,Regular,Moderado,Alto
24/4/2026 15:57:40,Grupo 2,"Rojas Meza, Kiara Luz",Masculino,23,84,170,Ciencias de la Computación,10,4,5,14.5,Tercio inferior,5,Artes marciales / Deportes de contacto,Otros,Colectiva,4,Alto: Me faltaba el aliento rápido y apenas podía decir unas pocas palabras sin parar a tomar aire.,Noche,"Media: Tuve constancia por algunas semanas, pero con interrupciones frecuentes.",8,8,"Medio: Logro concentrarme por períodos moderados, pero presento algunas distracciones.",Bebidas energéticas,3,Baja en carbohidratos,7,Regular,Moderado,Muy alto
24/4/2026 16:07:22,Grupo 2,"Rojas Meza, Kiara Luz",Femenino,20,64,1.65,Administración y Negocios Digitales,5,7,7,17,Tercio,4,"Deportes aeróbicos (Correr, Nadar, Ciclismo)",En casa,Individual,2,"Moderado: Podía hablar en frases cortas, pero me agitaba un poco y necesitaba respirar.",Tarde,"Media: Tuve constancia por algunas semanas, pero con interrupciones frecuentes.",2,5,"Medio: Logro concentrarme por períodos moderados, pero presento algunas distracciones.",Bebidas rehidratantes,3,Ninguna en especial,4,Regular,Moderado,Moderado
24/4/2026 16:09:03,Grupo 2,"Collazos Solís, Maxwell Lupo Gregorio",Masculino,19,88,1.76,Ingeniería Mecatrónica,7,4,3,13.7,Tercio medio,6,"Deportes de equipo (Fútbol, Básquet, Vóley, etc.)","En espacios públicos (parques, canchas, piscinas, etc.)",Colectiva,3,"Moderado: Podía hablar en frases cortas, pero me agitaba un poco y necesitaba respirar.",Noche,"Media: Tuve constancia por algunas semanas, pero con interrupciones frecuentes.",18,4,"Medio: Logro concentrarme por períodos moderados, pero presento algunas distracciones.",Bebidas rehidratantes,7,Ninguna en especial,6,Mala,Moderado,Alto
24/4/2026 16:12:40,Grupo 2,"Rojas Meza, Kiara Luz",Femenino,24,73,170,Ingeniería Mecatrónica,Más de 10,4,4,16.45,Tercio medio,5,Gimnasio / Levantamiento de pesas,En gimnasio,Individual,3,"Moderado: Podía hablar en frases cortas, pero me agitaba un poco y necesitaba respirar.",Tarde,"Media: Tuve constancia por algunas semanas, pero con interrupciones frecuentes.",20,5,"Medio: Logro concentrarme por períodos moderados, pero presento algunas distracciones.",Ninguno,4,Ninguna en especial,5,Regular,Muy alto,Muy alto
24/4/2026 16:12:49,Grupo 2,"Manrique Romero, Oriana Manuela Fe",Masculino,20,80,181,Ingeniería Mecatrónica,7,5,5,15,Tercio,2,"Entrenamiento en casa (Calistenia, Yoga, rutinas por video)",En casa,Individual,3,"Moderado: Podía hablar en frases cortas, pero me agitaba un poco y necesitaba respirar.",Noche,"Media: Tuve constancia por algunas semanas, pero con interrupciones frecuentes.",3,3,"Medio: Logro concentrarme por períodos moderados, pero presento algunas distracciones.",Bebidas energéticas,3,Ninguna en especial,5,Regular,Alto,Moderado
24/4/2026 16:15:44,Grupo 2,"Manrique Romero, Oriana Manuela Fe",Masculino,20,66,165,Ingeniería Mecatrónica,8,6,4,14.22,Tercio inferior,72,Gimnasio / Levantamiento de pesas,En gimnasio,Individual,36,"Moderado: Podía hablar en frases cortas, pero me agitaba un poco y necesitaba respirar.",Noche,"Media: Tuve constancia por algunas semanas, pero con interrupciones frecuentes.",25,10,"Medio: Logro concentrarme por períodos moderados, pero presento algunas distracciones.","Bebidas rehidratantes, Proteína en polvo (Whey, Vegana, Caseína), Creatina",3,Alta en proteínas,5,Mala,Alto,Alto
24/4/2026 16:16:02,Grupo 2,"Rojas Meza, Kiara Luz",Femenino,17,58,1.62,Ingeniería Química,2,6,6,16,Tercio medio,5,Gimnasio / Levantamiento de pesas,En casa,Individual,5,"Moderado: Podía hablar en frases cortas, pero me agitaba un poco y necesitaba respirar.",Noche,"Media: Tuve constancia por algunas semanas, pero con interrupciones frecuentes.",1,10,"Medio: Logro concentrarme por períodos moderados, pero presento algunas distracciones.",Ninguno,4,Baja en carbohidratos,8,Regular,Muy alto,Muy alto
24/4/2026 16:16:35,Grupo 2,"Rojas Meza, Kiara Luz",Femenino,18,55,1.62,Ingeniería Química,2,6,6,16.5,Tercio medio,2,No realizo actividad fisica,,,,,,,56,10,"Medio: Logro concentrarme por períodos moderados, pero presento algunas distracciones.",Multivitamínicos y Minerales,4,Ninguna en especial,8,Buena,Bajo,Moderado
24/4/2026 16:17:28,Grupo 2,"Manrique Romero, Oriana Manuela Fe",Masculino,19,64,172,Ingeniería Industrial,3,6,5,14.07,Tercio medio,0,No realizo actividad fisica,,,,,,,0,25,"Medio: Logro concentrarme por períodos moderados, pero presento algunas distracciones.",Bebidas rehidratantes,4,Ninguna en especial,8,Buena,Alto,Muy alto
24/4/2026 16:17:56,Grupo 2,"Manrique Romero, Oriana Manuela Fe",Masculino,19,60,170,Ingeniería Electrónica,3,6,6,12.65,Tercio medio,15,"Deportes aeróbicos (Correr, Nadar, Ciclismo)",Otros,Individual,5,"Moderado: Podía hablar en frases cortas, pero me agitaba un poco y necesitaba respirar.",Mañana,Alta: Mantuve mi rutina de manera estricta y constante todo el ciclo.,28,1,"Medio: Logro concentrarme por períodos moderados, pero presento algunas distracciones.",Creatina,5,Alta en proteínas,4,Regular,Alto,Alto
24/4/2026 16:20:24,Grupo 2,"Rojas Meza, Kiara Luz",Prefiero no decirlo / Otro,17,60,1.54,Ingeniería Química,2,7,7,18.6,Tercio medio,4,Artes marciales / Deportes de contacto,En casa,Colectiva,4,Alto: Me faltaba el aliento rápido y apenas podía decir unas pocas palabras sin parar a tomar aire.,Mañana,Alta: Mantuve mi rutina de manera estricta y constante todo el ciclo.,16,6,"Medio: Logro concentrarme por períodos moderados, pero presento algunas distracciones.",Ninguno,3,Baja en carbohidratos,6,Regular,Muy alto,Moderado
24/4/2026 16:20:46,Grupo 2,"Rojas Meza, Kiara Luz",Femenino,25,69,179,Ingeniería Mecatrónica,Más de 10,3,3,16.7,Tercio,4,Gimnasio / Levantamiento de pesas,En casa,Individual,4,"Moderado: Podía hablar en frases cortas, pero me agitaba un poco y necesitaba respirar.",Noche,"Media: Tuve constancia por algunas semanas, pero con interrupciones frecuentes.",12,8,"Medio: Logro concentrarme por períodos moderados, pero presento algunas distracciones.","Multivitamínicos y Minerales, Proteína en polvo (Whey, Vegana, Caseína)",3,Ninguna en especial,5,Regular,Moderado,Moderado
24/4/2026 16:23:00,Grupo 2,"Rojas Meza, Kiara Luz",Masculino,17,60,1.7,Ingeniería Mecatrónica,2,6,6,14,Tercio,6,"Entrenamiento en casa (Calistenia, Yoga, rutinas por video)",En casa,Individual,5,"Moderado: Podía hablar en frases cortas, pero me agitaba un poco y necesitaba respirar.",Noche,"Baja: Fui muy irregular, entrenando solo ocasionalmente.",7,20,"Medio: Logro concentrarme por períodos moderados, pero presento algunas distracciones.",Ninguno,3,Ninguna en especial,7,Mala,Alto,Alto
24/4/2026 16:25:58,Grupo 2,"Manrique Romero, Oriana Manuela Fe",Masculino,18,80,1.71,Ingeniería Mecatrónica,3,20,2,11.89,Décimo,6,"Deportes de equipo (Fútbol, Básquet, Vóley, etc.)",En instalaciones de la universidad,Colectiva,2,Alto: Me faltaba el aliento rápido y apenas podía decir unas pocas palabras sin parar a tomar aire.,Tarde,Alta: Mantuve mi rutina de manera estricta y constante todo el ciclo.,7,14,Alto: Mantengo la concentración durante la mayor parte del tiempo sin distracciones significativas.,Ninguno,2,Ninguna en especial,6,Muy mala,Muy bajo,Alto
24/4/2026 16:26:12,Grupo 2,"Manrique Romero, Oriana Manuela Fe",Masculino,20,68,1.73,Ciencias de la Computación,7,6,5,14.3,Tercio medio,4,"Deportes de equipo (Fútbol, Básquet, Vóley, etc.)",En gimnasio,Colectiva,5,"Moderado: Podía hablar en frases cortas, pero me agitaba un poco y necesitaba respirar.",Mañana,"Media: Tuve constancia por algunas semanas, pero con interrupciones frecuentes.",25,3,"Medio: Logro concentrarme por períodos moderados, pero presento algunas distracciones.","Bebidas energéticas, Bebidas rehidratantes",4,Ninguna en especial,6,Regular,Moderado,Alto
24/4/2026 16:31:30,Grupo 2,"Rojas Meza, Kiara Luz",Masculino,22,55,162,Bioingeniería,7,4,4,15,Tercio medio,4,"Entrenamiento en casa (Calistenia, Yoga, rutinas por video)","En espacios públicos (parques, canchas, piscinas, etc.)",Individual,4,"Moderado: Podía hablar en frases cortas, pero me agitaba un poco y necesitaba respirar.",Noche,"Media: Tuve constancia por algunas semanas, pero con interrupciones frecuentes.",18,8,"Medio: Logro concentrarme por períodos moderados, pero presento algunas distracciones.",Ninguno,3,Ninguna en especial,7,Regular,Moderado,Moderado
24/4/2026 16:32:35,Grupo 2,"Rojas Meza, Kiara Luz",Femenino,17,52,160,Bioingeniería,2,6,6,16,Tercio,6,"Deportes aeróbicos (Correr, Nadar, Ciclismo)",En casa,Individual,6,Bajo: Podía mantener una conversación larga o cantar sin ningún esfuerzo,Mañana,Alta: Mantuve mi rutina de manera estricta y constante todo el ciclo.,36,7,Alto: Mantengo la concentración durante la mayor parte del tiempo sin distracciones significativas.,Ninguno,3,Ninguna en especial,6,Regular,Moderado,Moderado
24/4/2026 16:33:26,Grupo 2,"Rojas Meza, Kiara Luz",Femenino,19,56,156,Bioingeniería,2,6,6,16,Tercio,3,Gimnasio / Levantamiento de pesas,En instalaciones de la universidad,Individual,3,"Moderado: Podía hablar en frases cortas, pero me agitaba un poco y necesitaba respirar.",Mañana,"Baja: Fui muy irregular, entrenando solo ocasionalmente.",26,10,"Medio: Logro concentrarme por períodos moderados, pero presento algunas distracciones.",Ninguno,4,Ninguna en especial,8,Regular,Moderado,Alto
24/4/2026 16:36:05,Grupo 2,"Rojas Meza, Kiara Luz",Femenino,21,59,170,Ingeniería Industrial,10,5,5,18.3,Décimo,6,Gimnasio / Levantamiento de pesas,En gimnasio,Individual,3,"Moderado: Podía hablar en frases cortas, pero me agitaba un poco y necesitaba respirar.",Mañana,"Media: Tuve constancia por algunas semanas, pero con interrupciones frecuentes.",19,10,"Medio: Logro concentrarme por períodos moderados, pero presento algunas distracciones.","Ninguno, ",4,Ninguna en especial,7,Regular,Moderado,Alto
24/4/2026 16:36:32,Grupo 2,"Rojas Meza, Kiara Luz",Masculino,22,70,1.65,Ingeniería Industrial,9,6,6,16.7,Quinto,4,Gimnasio / Levantamiento de pesas,En gimnasio,Individual,2,"Moderado: Podía hablar en frases cortas, pero me agitaba un poco y necesitaba respirar.",Noche,"Baja: Fui muy irregular, entrenando solo ocasionalmente.",22,16,"Medio: Logro concentrarme por períodos moderados, pero presento algunas distracciones.",Bebidas energéticas,3,Alta en proteínas,6,Regular,Moderado,Moderado
24/4/2026 16:39:24,Grupo 2,"Manrique Romero, Oriana Manuela Fe",Masculino,20,63,165,Ingeniería Electrónica,5,5,4,14.5,Tercio medio,4,"Deportes de equipo (Fútbol, Básquet, Vóley, etc.)","En espacios públicos (parques, canchas, piscinas, etc.)",Individual,3,"Moderado: Podía hablar en frases cortas, pero me agitaba un poco y necesitaba respirar.",Tarde,"Baja: Fui muy irregular, entrenando solo ocasionalmente.",18,17,"Medio: Logro concentrarme por períodos moderados, pero presento algunas distracciones.",Ninguno,5,Ninguna en especial,8,Buena,Moderado,Alto
24/4/2026 16:39:39,Grupo 2,"Manrique Romero, Oriana Manuela Fe",Masculino,19,55,1.6,Ingeniería Electrónica,5,5,5,14.2,Tercio,2,"Deportes aeróbicos (Correr, Nadar, Ciclismo)","En espacios públicos (parques, canchas, piscinas, etc.)",Individual,2,Bajo: Podía mantener una conversación larga o cantar sin ningún esfuerzo,Noche,"Media: Tuve constancia por algunas semanas, pero con interrupciones frecuentes.",16,6,"Medio: Logro concentrarme por períodos moderados, pero presento algunas distracciones.",Ninguno,3,Ninguna en especial,7.2,Regular,Moderado,Moderado
24/4/2026 16:41:34,Grupo 2,"Manrique Romero, Oriana Manuela Fe",Masculino,19,70.5,171,Ciencias de la Computación,5,6,6,15.03,Tercio medio,8,"Deportes de equipo (Fútbol, Básquet, Vóley, etc.)","En espacios públicos (parques, canchas, piscinas, etc.)",Colectiva,7,"Moderado: Podía hablar en frases cortas, pero me agitaba un poco y necesitaba respirar.",Noche,"Media: Tuve constancia por algunas semanas, pero con interrupciones frecuentes.",30,24,Bajo: Me distraigo con facilidad y me cuesta mantener la atención durante el estudio.,Ninguno,4,Ninguna en especial,6,Buena,Alto,Muy alto
24/4/2026 16:45:15,Grupo 2,"Manrique Romero, Oriana Manuela Fe",Femenino,19,54,175,Ingeniería Electrónica,5,6,6,13.67,Tercio medio,2,"Deportes de equipo (Fútbol, Básquet, Vóley, etc.)","En espacios públicos (parques, canchas, piscinas, etc.)",Colectiva,1,"Moderado: Podía hablar en frases cortas, pero me agitaba un poco y necesitaba respirar.",Tarde,"Baja: Fui muy irregular, entrenando solo ocasionalmente.",21,8,"Medio: Logro concentrarme por períodos moderados, pero presento algunas distracciones.",Café con red bull,4,Ninguna en especial,6,Regular,Bajo,Alto
24/4/2026 16:56:59,Grupo 2,"Manrique Romero, Oriana Manuela Fe",Masculino,20,71,170,Ingeniería Química,7,4,4,14.5,Décimo,10,Gimnasio / Levantamiento de pesas,En gimnasio,Individual,5,"Moderado: Podía hablar en frases cortas, pero me agitaba un poco y necesitaba respirar.",Mañana,"Media: Tuve constancia por algunas semanas, pero con interrupciones frecuentes.",26,8,"Medio: Logro concentrarme por períodos moderados, pero presento algunas distracciones.",Bebidas energéticas,3,Ninguna en especial,5,Muy mala,Alto,Muy alto
24/4/2026 16:56:59,Grupo 2,"Manrique Romero, Oriana Manuela Fe",Femenino,20,43,1.56,Ingeniería Química,4,6,5,12.8,Tercio medio,0,No realizo actividad fisica,,,,,,,21,7,Bajo: Me distraigo con facilidad y me cuesta mantener la atención durante el estudio.,Ninguno,5,Ninguna en especial,4,Muy mala,Muy alto,Muy alto
24/4/2026 16:57:13,Grupo 2,"Manrique Romero, Oriana Manuela Fe",Femenino,23,53,1.55,Ingeniería Química,6,4,3,12,Tercio,10,Gimnasio / Levantamiento de pesas,En gimnasio,Colectiva,5,"Moderado: Podía hablar en frases cortas, pero me agitaba un poco y necesitaba respirar.",Tarde,"Media: Tuve constancia por algunas semanas, pero con interrupciones frecuentes.",23,24,"Medio: Logro concentrarme por períodos moderados, pero presento algunas distracciones.",Bebidas energéticas,5,Alta en proteínas,5,Regular,Muy alto,Muy alto
24/4/2026 17:13:44,Grupo 2,"Rojas Meza, Kiara Luz",Masculino,17,72,1.8,Ingeniería Mecatrónica,2,8,8,100,Tercio medio,10,Gimnasio / Levantamiento de pesas,En gimnasio,Individual,3,Alto: Me faltaba el aliento rápido y apenas podía decir unas pocas palabras sin parar a tomar aire.,Tarde,"Media: Tuve constancia por algunas semanas, pero con interrupciones frecuentes.",4,7,"Medio: Logro concentrarme por períodos moderados, pero presento algunas distracciones.",Ninguno,4,Ninguna en especial,7,Buena,Alto,Bajo
24/4/2026 17:16:59,Grupo 2,"Manrique Romero, Oriana Manuela Fe",Prefiero no decirlo / Otro,19,54,160,Ciencias de la Computación,5,5,4,13,Quinto,1,"Deportes aeróbicos (Correr, Nadar, Ciclismo)","En espacios públicos (parques, canchas, piscinas, etc.)",Individual,1,"Moderado: Podía hablar en frases cortas, pero me agitaba un poco y necesitaba respirar.",Mañana,"Media: Tuve constancia por algunas semanas, pero con interrupciones frecuentes.",0,5,"Medio: Logro concentrarme por períodos moderados, pero presento algunas distracciones.",Ninguno,3,Ninguna en especial,5,Regular,Alto,Alto
24/4/2026 17:21:15,Grupo 2,"Manrique Romero, Oriana Manuela Fe",Femenino,18,43,151,Ingeniería Mecatrónica,3,5,5,13,Tercio,6,Gimnasio / Levantamiento de pesas,En gimnasio,Individual,3,Bajo: Podía mantener una conversación larga o cantar sin ningún esfuerzo,Noche,"Media: Tuve constancia por algunas semanas, pero con interrupciones frecuentes.",20,12,"Medio: Logro concentrarme por períodos moderados, pero presento algunas distracciones.",Ninguno,4,Ninguna en especial,5,Muy mala,Moderado,Moderado
24/4/2026 17:23:04,Grupo 2,"Manrique Romero, Oriana Manuela Fe",Femenino,24,85,163,Ingeniería Ambiental,Más de 10,2,2,18,Décimo,5,Gimnasio / Levantamiento de pesas,En gimnasio,Individual,2,Bajo: Podía mantener una conversación larga o cantar sin ningún esfuerzo,Noche,"Baja: Fui muy irregular, entrenando solo ocasionalmente.",8,8,Alto: Mantengo la concentración durante la mayor parte del tiempo sin distracciones significativas.,"Bebidas energéticas, Proteína en polvo (Whey, Vegana, Caseína)",2,Alta en proteínas,5,Regular,Moderado,Moderado
24/4/2026 17:25:05,Grupo 2,"Manrique Romero, Oriana Manuela Fe",Masculino,23,73,170,Ingeniería Mecánica,6,5,5,16.25,Décimo,1,Gimnasio / Levantamiento de pesas,En casa,Individual,2,Bajo: Podía mantener una conversación larga o cantar sin ningún esfuerzo,Mañana,"Baja: Fui muy irregular, entrenando solo ocasionalmente.",21,10,Alto: Mantengo la concentración durante la mayor parte del tiempo sin distracciones significativas.,"Bebidas energéticas, Polvos Pre-Entreno",3,Ninguna en especial,7,Muy mala,Alto,Muy bajo
24/4/2026 17:25:36,Grupo 8,"Villalobos Carlos, Daniel Davis",Masculino,19,68,175,Ciencia de Datos,6,5,5,16.4,Tercio,5,"Deportes de equipo (Fútbol, Básquet, Vóley, etc.)","En espacios públicos (parques, canchas, piscinas, etc.)",Individual,2,"Moderado: Podía hablar en frases cortas, pero me agitaba un poco y necesitaba respirar.",Noche,"Media: Tuve constancia por algunas semanas, pero con interrupciones frecuentes.",32,12,"Medio: Logro concentrarme por períodos moderados, pero presento algunas distracciones.",Ninguno,4,Ninguna en especial,5,Mala,Moderado,Alto
24/4/2026 17:26:16,Grupo 1,"FÉLIX MEDINA, ADRIÁN FERNANDO",Femenino,21,58,165,Bioingeniería,9,5,5,17.4,Décimo,7,Gimnasio / Levantamiento de pesas,En gimnasio,Individual,5,Bajo: Podía mantener una conversación larga o cantar sin ningún esfuerzo,Tarde,"Media: Tuve constancia por algunas semanas, pero con interrupciones frecuentes.",15,8,Alto: Mantengo la concentración durante la mayor parte del tiempo sin distracciones significativas.,Ninguno,4,Ninguna en especial,7,Buena,Bajo,Bajo
24/4/2026 17:26:39,Grupo 7,"Morales Portella, Santiago Cesar",Masculino,18,74.8,171.2,Ciencias de la Computación,3,6,6,15.83,Tercio,32,"Deportes de equipo (Fútbol, Básquet, Vóley, etc.)","En espacios públicos (parques, canchas, piscinas, etc.)",Individual,3,"Moderado: Podía hablar en frases cortas, pero me agitaba un poco y necesitaba respirar.",Tarde,"Media: Tuve constancia por algunas semanas, pero con interrupciones frecuentes.",32,4,"Medio: Logro concentrarme por períodos moderados, pero presento algunas distracciones.","Bebidas energéticas, Mass gainers",5,Ninguna en especial,6,Regular,Moderado,Moderado
24/4/2026 17:26:51,Grupo 2,"Manrique Romero, Oriana Manuela Fe",Masculino,20,60,165,Ingeniería Mecatrónica,7,5,5,13,Tercio medio,5,"Entrenamiento en casa (Calistenia, Yoga, rutinas por video)",En casa,Individual,4,"Moderado: Podía hablar en frases cortas, pero me agitaba un poco y necesitaba respirar.",Noche,"Media: Tuve constancia por algunas semanas, pero con interrupciones frecuentes.",20,4,"Medio: Logro concentrarme por períodos moderados, pero presento algunas distracciones.",Ninguno,3,Ninguna en especial,8,Buena,Moderado,Moderado
24/4/2026 17:31:30,Grupo 7,"Morales Portella, Santiago Cesar",Masculino,18,78,174,Ciencias de la Computación,2,6,6,18,Quinto,9,"Entrenamiento en casa (Calistenia, Yoga, rutinas por video)",En casa,Individual,3,Alto: Me faltaba el aliento rápido y apenas podía decir unas pocas palabras sin parar a tomar aire.,Mañana,Alta: Mantuve mi rutina de manera estricta y constante todo el ciclo.,27,4,Alto: Mantengo la concentración durante la mayor parte del tiempo sin distracciones significativas.,Ninguno,3,Ninguna en especial,8,Buena,Bajo,Moderado
24/4/2026 17:39:14,Grupo 8,"Villalobos Carlos, Daniel Davis",Masculino,20,91,172,Ingeniería Mecatrónica,4,6,5,16.45,Tercio inferior,4,Gimnasio / Levantamiento de pesas,En gimnasio,Individual,3,"Moderado: Podía hablar en frases cortas, pero me agitaba un poco y necesitaba respirar.",Mañana,"Media: Tuve constancia por algunas semanas, pero con interrupciones frecuentes.",26,7,"Medio: Logro concentrarme por períodos moderados, pero presento algunas distracciones.","Bebidas energéticas, Bebidas rehidratantes",7,Ninguna en especial,3,Muy mala,Alto,Muy alto
24/4/2026 17:49:19,Grupo 8,"Villalobos Carlos, Daniel Davis",Masculino,25,64,161,Ciencia de Datos,5,6,5,15.94,Tercio,4,"Deportes de equipo (Fútbol, Básquet, Vóley, etc.)","En espacios públicos (parques, canchas, piscinas, etc.)",Colectiva,3,Alto: Me faltaba el aliento rápido y apenas podía decir unas pocas palabras sin parar a tomar aire.,Mañana,"Media: Tuve constancia por algunas semanas, pero con interrupciones frecuentes.",20,2,Bajo: Me distraigo con facilidad y me cuesta mantener la atención durante el estudio.,Ninguno,3,Ninguna en especial,6,Mala,Muy alto,Muy alto
24/4/2026 17:50:32,Grupo 2,"Baca Herrera, Valentino Alejandro",Femenino,23,62,166,Ingeniería Industrial,10,3,3,18,Quinto,29,"Entrenamiento en casa (Calistenia, Yoga, rutinas por video)",En casa,Colectiva,2,"Moderado: Podía hablar en frases cortas, pero me agitaba un poco y necesitaba respirar.",Noche,"Media: Tuve constancia por algunas semanas, pero con interrupciones frecuentes.",10,10,Bajo: Me distraigo con facilidad y me cuesta mantener la atención durante el estudio.,Multivitamínicos y Minerales,4,Vegana,5,Regular,Muy bajo,Alto
24/4/2026 17:51:33,Grupo 2,"Rojas Meza, Kiara Luz",Femenino,23,60,160,Ingeniería Industrial,10,5,5,16,Tercio,6,Artes marciales / Deportes de contacto,En casa,Individual,3,"Moderado: Podía hablar en frases cortas, pero me agitaba un poco y necesitaba respirar.",Tarde,"Media: Tuve constancia por algunas semanas, pero con interrupciones frecuentes.",10,6,Alto: Mantengo la concentración durante la mayor parte del tiempo sin distracciones significativas.,"Bebidas energéticas, Bebidas rehidratantes, Creatina",4,Baja en carbohidratos,7,Buena,Moderado,Moderado
24/4/2026 18:02:57,Grupo 2,"Rojas Meza, Kiara Luz",Masculino,18,76.2,1.78,Ingeniería Mecatrónica,2,6,4,10.75,Décimo,12,"Entrenamiento en casa (Calistenia, Yoga, rutinas por video)",En casa,Individual,4,"Moderado: Podía hablar en frases cortas, pero me agitaba un poco y necesitaba respirar.",Noche,"Media: Tuve constancia por algunas semanas, pero con interrupciones frecuentes.",6,2,Bajo: Me distraigo con facilidad y me cuesta mantener la atención durante el estudio.,Ninguno,4,Ninguna en especial,6,Mala,Alto,Alto
24/4/2026 18:25:15,Grupo 9,"Iruri Espinoza, Gerard Deker",Masculino,19,91,180,Ciencias de la Computación,5,5,4,14.6,Tercio medio,12,Artes marciales / Deportes de contacto,En instalaciones de la universidad,Colectiva,6,Alto: Me faltaba el aliento rápido y apenas podía decir unas pocas palabras sin parar a tomar aire.,Tarde,Alta: Mantuve mi rutina de manera estricta y constante todo el ciclo.,19,12,"Medio: Logro concentrarme por períodos moderados, pero presento algunas distracciones.",Ninguno,5,Alta en proteínas,7,Buena,Alto,Alto
24/4/2026 18:26:54,Grupo 7,"Morales Portella, Santiago Cesar",Masculino,18,69,168,Ciencias de la Computación,3,6,6,13.89,Tercio medio,3,Gimnasio / Levantamiento de pesas,En gimnasio,Individual,3,Alto: Me faltaba el aliento rápido y apenas podía decir unas pocas palabras sin parar a tomar aire.,Noche,"Media: Tuve constancia por algunas semanas, pero con interrupciones frecuentes.",16,2,"Medio: Logro concentrarme por períodos moderados, pero presento algunas distracciones.",Ninguno,3,Ninguna en especial,6,Mala,Alto,Moderado
24/4/2026 18:39:31,Grupo 8,"Villalobos Carlos, Daniel Davis",Masculino,20,78,172,Ingeniería Industrial,5,6,6,15,Tercio medio,2,"Deportes de equipo (Fútbol, Básquet, Vóley, etc.)","En espacios públicos (parques, canchas, piscinas, etc.)",Colectiva,2,Bajo: Podía mantener una conversación larga o cantar sin ningún esfuerzo,Mañana,"Media: Tuve constancia por algunas semanas, pero con interrupciones frecuentes.",16,4,"Medio: Logro concentrarme por períodos moderados, pero presento algunas distracciones.",Bebidas energéticas,4,Ninguna en especial,8,Buena,Moderado,Moderado
24/4/2026 19:05:06,Grupo 8,"Villalobos Carlos, Daniel Davis",Femenino,19,65,1.65,Ingeniería Ambiental,3,6,4,14.3,Tercio inferior,4,"Deportes de equipo (Fútbol, Básquet, Vóley, etc.)",En instalaciones de la universidad,Individual,3,"Moderado: Podía hablar en frases cortas, pero me agitaba un poco y necesitaba respirar.",Tarde,"Baja: Fui muy irregular, entrenando solo ocasionalmente.",14,5,Bajo: Me distraigo con facilidad y me cuesta mantener la atención durante el estudio.,"Bebidas energéticas, Bebidas rehidratantes",3,Ninguna en especial,5,Mala,Alto,Muy alto
24/4/2026 19:44:06,Grupo 6,Ortiz Palomino Renzo Adriano,Prefiero no decirlo / Otro,20,69,1.7,Ingeniería Mecánica,3,5,3,13,Tercio medio,20,Artes marciales / Deportes de contacto,"En espacios públicos (parques, canchas, piscinas, etc.)",Individual,5,"Moderado: Podía hablar en frases cortas, pero me agitaba un poco y necesitaba respirar.",Mañana,Alta: Mantuve mi rutina de manera estricta y constante todo el ciclo.,20,6,"Medio: Logro concentrarme por períodos moderados, pero presento algunas distracciones.","Bebidas energéticas, Creatina",5,Alta en proteínas,4,Mala,Moderado,Moderado
24/4/2026 19:44:11,Grupo 6,Ortiz Palomino Renzo Adriano,Masculino,25,108,1.89,Ingeniería Mecánica,3,6,2,10,Tercio inferior,2,"Deportes de equipo (Fútbol, Básquet, Vóley, etc.)",Otros,Colectiva,5,Bajo: Podía mantener una conversación larga o cantar sin ningún esfuerzo,Mañana,"Baja: Fui muy irregular, entrenando solo ocasionalmente.",5,7,"Medio: Logro concentrarme por períodos moderados, pero presento algunas distracciones.",Creatina,5,Ninguna en especial,1,Mala,Alto,Alto
24/4/2026 19:49:36,Grupo 4,"Obregon Carhuavilca, Alondra Solange",Femenino,20,53,153,Ingeniería Mecánica,9,4,4,17.24,Décimo,8,Gimnasio / Levantamiento de pesas,En gimnasio,Individual,3,"Moderado: Podía hablar en frases cortas, pero me agitaba un poco y necesitaba respirar.",Noche,"Media: Tuve constancia por algunas semanas, pero con interrupciones frecuentes.",30,10,"Medio: Logro concentrarme por períodos moderados, pero presento algunas distracciones.",Ninguno,4,Ninguna en especial,7,Regular,Moderado,Moderado
24/4/2026 19:53:19,Grupo 6,Ortiz Palomino Renzo Adriano,Femenino,20,56,160,Bioingeniería,7,5,5,20,Tercio medio,3,"Deportes aeróbicos (Correr, Nadar, Ciclismo)",Otros,Colectiva,3,"Moderado: Podía hablar en frases cortas, pero me agitaba un poco y necesitaba respirar.",Tarde,"Baja: Fui muy irregular, entrenando solo ocasionalmente.",5,6,"Medio: Logro concentrarme por períodos moderados, pero presento algunas distracciones.","Bebidas rehidratantes, Proteína en polvo (Whey, Vegana, Caseína), Mass gainers",6,Vegetariana,24,Regular,Alto,Moderado
24/4/2026 19:59:05,Grupo 4,"Obregon Carhuavilca, Alondra Solange",Masculino,20,70,169,Ciencia de Datos,5,6,6,17.8,Décimo,0,No realizo actividad fisica,,,,,,,40,18,"Medio: Logro concentrarme por períodos moderados, pero presento algunas distracciones.",Ninguno,3,Ninguna en especial,6.5,Regular,Moderado,Alto
24/4/2026 20:00:35,Grupo 6,Ortiz Palomino Renzo Adriano,Masculino,25,70,170,Ingeniería Industrial,8,5,5,12,Tercio inferior,10,Artes marciales / Deportes de contacto,En instalaciones de la universidad,Colectiva,5,Bajo: Podía mantener una conversación larga o cantar sin ningún esfuerzo,Mañana,Alta: Mantuve mi rutina de manera estricta y constante todo el ciclo.,10,6,"Medio: Logro concentrarme por períodos moderados, pero presento algunas distracciones.",Ninguno,4,Ninguna en especial,8,Buena,Bajo,Alto
24/4/2026 20:07:29,Grupo 6,Ortiz Palomino Renzo Adriano,Masculino,19,139,1.81,Ciencias de la Computación,5,6,3,12.95,Décimo,3,"Entrenamiento en casa (Calistenia, Yoga, rutinas por video)",Otros,Individual,3,"Moderado: Podía hablar en frases cortas, pero me agitaba un poco y necesitaba respirar.",Noche,"Media: Tuve constancia por algunas semanas, pero con interrupciones frecuentes.",36,3,"Medio: Logro concentrarme por períodos moderados, pero presento algunas distracciones.","Bebidas energéticas, Bebidas rehidratantes",3,Ninguna en especial,3,Muy mala,Muy alto,Alto
24/4/2026 20:09:05,Grupo 6,Ortiz Palomino Renzo Adriano,Masculino,21,50.3,1.68,Ciencias de la Computación,10,6,5,14.13,Tercio medio,2.5,"Entrenamiento en casa (Calistenia, Yoga, rutinas por video)",En casa,Individual,4,"Moderado: Podía hablar en frases cortas, pero me agitaba un poco y necesitaba respirar.",Mañana,"Media: Tuve constancia por algunas semanas, pero con interrupciones frecuentes.",6,6,Alto: Mantengo la concentración durante la mayor parte del tiempo sin distracciones significativas.,Bebidas rehidratantes,4,Ninguna en especial,5,Mala,Moderado,Alto
24/4/2026 20:10:23,Grupo 5,"Reyes Neyra, Mariel Azucena",Masculino,21,58,59,Ingeniería Electrónica,3,4,3,14.14,Tercio medio,15,"Deportes de equipo (Fútbol, Básquet, Vóley, etc.)","En espacios públicos (parques, canchas, piscinas, etc.)",Individual,6,"Moderado: Podía hablar en frases cortas, pero me agitaba un poco y necesitaba respirar.",Mañana,"Media: Tuve constancia por algunas semanas, pero con interrupciones frecuentes.",18,24,"Medio: Logro concentrarme por períodos moderados, pero presento algunas distracciones.",Bebidas rehidratantes,1,Ninguna en especial,6,Buena,Bajo,Moderado
24/4/2026 20:11:44,Grupo 8,"Castillo Castro, Rafael Adrián",Masculino,22,89,1.78,Ciencias de la Computación,9,16,4,16.5,Tercio,10,Gimnasio / Levantamiento de pesas,En gimnasio,Individual,5,Alto: Me faltaba el aliento rápido y apenas podía decir unas pocas palabras sin parar a tomar aire.,Tarde,Alta: Mantuve mi rutina de manera estricta y constante todo el ciclo.,16,3,"Medio: Logro concentrarme por períodos moderados, pero presento algunas distracciones.","Bebidas energéticas, Proteína en polvo (Whey, Vegana, Caseína), Creatina",4,Alta en proteínas,5,Muy mala,Alto,Muy alto
24/4/2026 20:12:09,Grupo 6,Ortiz Palomino Renzo Adriano,Masculino,20,90,180,Ciencias de la Computación,7,5,5,14,Décimo,2,Gimnasio / Levantamiento de pesas,En casa,Individual,5,Bajo: Podía mantener una conversación larga o cantar sin ningún esfuerzo,Tarde,"Media: Tuve constancia por algunas semanas, pero con interrupciones frecuentes.",20,21,Alto: Mantengo la concentración durante la mayor parte del tiempo sin distracciones significativas.,Ninguno,4,Ninguna en especial,6,Regular,Alto,Muy alto
24/4/2026 20:13:08,Grupo 8,"Castillo Castro, Rafael Adrián",Masculino,21,75,1.75,Ciencia de Datos,5,5,5,15.56,Tercio,6,Gimnasio / Levantamiento de pesas,En gimnasio,Individual,3,"Moderado: Podía hablar en frases cortas, pero me agitaba un poco y necesitaba respirar.",Noche,"Media: Tuve constancia por algunas semanas, pero con interrupciones frecuentes.",5,12,"Medio: Logro concentrarme por períodos moderados, pero presento algunas distracciones.","Bebidas energéticas, Creatina",3,Ninguna en especial,6.5,Mala,Muy alto,Alto
24/4/2026 20:13:40,Grupo 8,"Castillo Castro, Rafael Adrián",Femenino,19,73,164,Ciencias de la Computación,5,6,4,13.84,Tercio medio,6,"Deportes de equipo (Fútbol, Básquet, Vóley, etc.)","En espacios públicos (parques, canchas, piscinas, etc.)",Individual,3,"Moderado: Podía hablar en frases cortas, pero me agitaba un poco y necesitaba respirar.",Tarde,"Media: Tuve constancia por algunas semanas, pero con interrupciones frecuentes.",27,7,"Medio: Logro concentrarme por períodos moderados, pero presento algunas distracciones.",Ninguno,3,Ninguna en especial,6,Mala,Moderado,Alto
24/4/2026 20:17:03,Grupo 8,"Castillo Castro, Rafael Adrián",Masculino,19,95,182,Ciencia de Datos,5,5,4,12.82,Tercio medio,0,No realizo actividad fisica,,,,,,,22,12,"Medio: Logro concentrarme por períodos moderados, pero presento algunas distracciones.",Ninguno,5,Ninguna en especial,6,Muy mala,Muy alto,Muy alto
24/4/2026 20:22:04,Grupo 3,"De la Cuba Palacios, Fabrizzio Alexander",Femenino,18,49,155,Ciencias de la Computación,3,5,5,17.25,Décimo,40,Artes marciales / Deportes de contacto,En instalaciones de la universidad,Individual,2,"Moderado: Podía hablar en frases cortas, pero me agitaba un poco y necesitaba respirar.",Noche,Alta: Mantuve mi rutina de manera estricta y constante todo el ciclo.,20,5,"Medio: Logro concentrarme por períodos moderados, pero presento algunas distracciones.","Bebidas rehidratantes, Multivitamínicos y Minerales",4,Ninguna en especial,5,Mala,Alto,Muy alto
24/4/2026 20:24:09,Grupo 6,Ortiz Palomino Renzo Adriano,Femenino,21,63,159,Ingeniería Mecánica,4,7,7,15.36,Tercio,5,Artes marciales / Deportes de contacto,Otros,Colectiva,3,"Moderado: Podía hablar en frases cortas, pero me agitaba un poco y necesitaba respirar.",Noche,Alta: Mantuve mi rutina de manera estricta y constante todo el ciclo.,23,10,"Medio: Logro concentrarme por períodos moderados, pero presento algunas distracciones.","Bebidas rehidratantes, Suplementos",6,Ninguna en especial,7,Buena,Muy alto,Moderado
24/4/2026 20:25:17,Grupo 5,"Cabanillas Ventocilla, Abigail Jaslin",Femenino,20,52,158,Ciencias de la Computación,9,5,5,15,Tercio,1,"Deportes aeróbicos (Correr, Nadar, Ciclismo)","En espacios públicos (parques, canchas, piscinas, etc.)",Individual,1,"Moderado: Podía hablar en frases cortas, pero me agitaba un poco y necesitaba respirar.",Tarde,"Baja: Fui muy irregular, entrenando solo ocasionalmente.",1,1,Bajo: Me distraigo con facilidad y me cuesta mantener la atención durante el estudio.,Ninguno,3,Ninguna en especial,6,Muy mala,Alto,Muy alto
24/4/2026 20:26:43,Grupo 4,"Obregon Carhuavilca, Alondra Solange",Masculino,20,57.4,166,Ciencias de la Computación,9,5,5,16.5,Quinto,8,"Entrenamiento en casa (Calistenia, Yoga, rutinas por video)",En casa,Individual,7,"Moderado: Podía hablar en frases cortas, pero me agitaba un poco y necesitaba respirar.",Noche,Alta: Mantuve mi rutina de manera estricta y constante todo el ciclo.,25,10,Bajo: Me distraigo con facilidad y me cuesta mantener la atención durante el estudio.,Ninguno,5,Ninguna en especial,6,Mala,Bajo,Moderado
24/4/2026 20:27:41,Grupo 6,Ortiz Palomino Renzo Adriano,Masculino,17,64,168,Ciencia de Datos,3,6,6,16.7,Quinto,6,Gimnasio / Levantamiento de pesas,En gimnasio,Individual,4,"Moderado: Podía hablar en frases cortas, pero me agitaba un poco y necesitaba respirar.",Mañana,"Media: Tuve constancia por algunas semanas, pero con interrupciones frecuentes.",28,10,"Medio: Logro concentrarme por períodos moderados, pero presento algunas distracciones.","Bebidas energéticas, Creatina",4,Ninguna en especial,8,Regular,Moderado,Moderado
24/4/2026 20:30:41,Grupo 8,"Villalobos Carlos, Daniel Davis",Masculino,18,64,1.68,Ciencias de la Computación,3,6,4,11.39,Quinto,6,"Entrenamiento en casa (Calistenia, Yoga, rutinas por video)",En casa,Individual,4,"Moderado: Podía hablar en frases cortas, pero me agitaba un poco y necesitaba respirar.",Noche,"Media: Tuve constancia por algunas semanas, pero con interrupciones frecuentes.",3,9,"Medio: Logro concentrarme por períodos moderados, pero presento algunas distracciones.",Ninguno,3,Ninguna en especial,6,Muy mala,Bajo,Moderado
24/4/2026 20:35:49,Grupo 4,"Obregon Carhuavilca, Alondra Solange",Masculino,20,82,1.83,Ciencias de la Computación,7,5,4,13.5,Tercio,5,"Deportes de equipo (Fútbol, Básquet, Vóley, etc.)","En espacios públicos (parques, canchas, piscinas, etc.)",Individual,4,Bajo: Podía mantener una conversación larga o cantar sin ningún esfuerzo,Tarde,"Baja: Fui muy irregular, entrenando solo ocasionalmente.",25,7,Bajo: Me distraigo con facilidad y me cuesta mantener la atención durante el estudio.,Ninguno,4,,8,Regular,Muy alto,Muy alto
24/4/2026 20:46:05,Grupo 6,Ortiz Palomino Renzo Adriano,Masculino,22,76,177,Ingeniría de la Energía,8,7,7,16.5,Quinto,0,No realizo actividad fisica,,,,,,,26,3,"Medio: Logro concentrarme por períodos moderados, pero presento algunas distracciones.",Ninguno,3,Ninguna en especial,6.5,Regular,Bajo,Moderado
24/4/2026 20:48:49,Grupo 3,"Aguilar Neciosup, Santiago",Femenino,22,58,160,Ingeniería Civil,10,6,5,12,Tercio inferior,0,No realizo actividad fisica,,,,,,,21,32,"Medio: Logro concentrarme por períodos moderados, pero presento algunas distracciones.",Bebidas energéticas,4,Ninguna en especial,7,Regular,Moderado,Alto
24/4/2026 21:23:07,Grupo 4,"Obregon Carhuavilca, Alondra Solange",Masculino,22,59,165,Ciencias de la Computación,9,5,4,15.8,Tercio,2,Gimnasio / Levantamiento de pesas,En gimnasio,Individual,1,Alto: Me faltaba el aliento rápido y apenas podía decir unas pocas palabras sin parar a tomar aire.,Noche,"Media: Tuve constancia por algunas semanas, pero con interrupciones frecuentes.",30,20,"Medio: Logro concentrarme por períodos moderados, pero presento algunas distracciones.",Multivitamínicos y Minerales,4,Alta en proteínas,7,Muy buena,Moderado,Moderado
24/4/2026 21:39:28,Grupo 6,Ortiz Palomino Renzo Adriano,Masculino,18,62,171,Bioingeniería,3,7,7,15.73,Tercio medio,5,"Deportes de equipo (Fútbol, Básquet, Vóley, etc.)","En espacios públicos (parques, canchas, piscinas, etc.)",Colectiva,3,"Moderado: Podía hablar en frases cortas, pero me agitaba un poco y necesitaba respirar.",Noche,"Baja: Fui muy irregular, entrenando solo ocasionalmente.",26,12,"Medio: Logro concentrarme por períodos moderados, pero presento algunas distracciones.",Ninguno,6,Ninguna en especial,7,Regular,Alto,Alto
24/4/2026 22:01:38,Grupo 6,Diego Alonso Barturen Torres,Masculino,21,62,175,Ingeniería Civil,5,3,2,13,Tercio inferior,48,Artes marciales / Deportes de contacto,En casa,Individual,5,"Moderado: Podía hablar en frases cortas, pero me agitaba un poco y necesitaba respirar.",Noche,Alta: Mantuve mi rutina de manera estricta y constante todo el ciclo.,8,16,"Medio: Logro concentrarme por períodos moderados, pero presento algunas distracciones.",Ninguno,5,Ninguna en especial,5,Muy mala,Muy alto,Alto
24/4/2026 22:31:08,Grupo 3,"Neciosup Abanto, Edwin Jeremy",Masculino,18,60,1.7,Ingeniería Mecatrónica,3,16,14,14,Quinto,14,Gimnasio / Levantamiento de pesas,En casa,Individual,4,Bajo: Podía mantener una conversación larga o cantar sin ningún esfuerzo,Noche,"Media: Tuve constancia por algunas semanas, pero con interrupciones frecuentes.",10,5,"Medio: Logro concentrarme por períodos moderados, pero presento algunas distracciones.","Bebidas rehidratantes, Multivitamínicos y Minerales, Polvos Pre-Entreno, Proteína en polvo (Whey, Vegana, Caseína)",4,Alta en proteínas,8,Regular,Alto,Muy alto
24/4/2026 22:40:34,Grupo 4,"Obregon Carhuavilca, Alondra Solange",Femenino,19,50,57,Ciencias de la Computación,5,5,5,16.6,Quinto,1,No realizo actividad fisica,,,,,,,24,20,"Medio: Logro concentrarme por períodos moderados, pero presento algunas distracciones.",Ninguno,3,Ninguna en especial,4,Mala,Alto,Muy alto
25/4/2026 0:38:11,Grupo 4,"Obregon Carhuavilca, Alondra Solange",Femenino,19,50,158,Ingeniería Ambiental,5,5,5,13.5,Tercio inferior,4,"Entrenamiento en casa (Calistenia, Yoga, rutinas por video)",En casa,Colectiva,2,Alto: Me faltaba el aliento rápido y apenas podía decir unas pocas palabras sin parar a tomar aire.,Noche,"Baja: Fui muy irregular, entrenando solo ocasionalmente.",20,10,Bajo: Me distraigo con facilidad y me cuesta mantener la atención durante el estudio.,"Bebidas energéticas, Bebidas rehidratantes",4,Ninguna en especial,5,Regular,Muy alto,Muy alto
25/4/2026 6:14:47,Grupo 8,"Bances Núñez, Nadia Estefanía",Masculino,25,61,162,Ingeniería Civil,9,6,6,15.2,Tercio,3,"Deportes de equipo (Fútbol, Básquet, Vóley, etc.)",En casa,Individual,4,Bajo: Podía mantener una conversación larga o cantar sin ningún esfuerzo,Tarde,Alta: Mantuve mi rutina de manera estricta y constante todo el ciclo.,25,50,Alto: Mantengo la concentración durante la mayor parte del tiempo sin distracciones significativas.,Ninguno,5,Alta en proteínas,6,Regular,Moderado,Moderado
25/4/2026 7:04:48,Grupo 9,"Baca Herrera, Valentino Alejandro",Masculino,19,70,1.78,Ciencias de la Computación,4,6,6,15.39,Tercio,4,Gimnasio / Levantamiento de pesas,En gimnasio,Individual,2,"Moderado: Podía hablar en frases cortas, pero me agitaba un poco y necesitaba respirar.",Tarde,"Baja: Fui muy irregular, entrenando solo ocasionalmente.",28,10,"Medio: Logro concentrarme por períodos moderados, pero presento algunas distracciones.","Bebidas energéticas, Multivitamínicos y Minerales",3,Ninguna en especial,5,Mala,Muy alto,Muy alto
25/4/2026 8:14:12,Grupo 7,"Rosales Esteban, Antony Yonel",Masculino,19,70,169,Ciencias de la Computación,3,6,6,13,Tercio medio,1,Full escaleras nomá,En instalaciones de la universidad,Individual,5,"Moderado: Podía hablar en frases cortas, pero me agitaba un poco y necesitaba respirar.",Mañana,Alta: Mantuve mi rutina de manera estricta y constante todo el ciclo.,22,8,"Medio: Logro concentrarme por períodos moderados, pero presento algunas distracciones.",Ninguno,4,Ninguna en especial,7,Regular,Bajo,Bajo
25/4/2026 11:10:45,Grupo 6,Ortiz Palomino Renzo Adriano,Masculino,20,55,1.65,Ciencias de la Computación,6,7,5,12.9,Tercio medio,0,No realizo actividad fisica,,,,,,,35,40,"Medio: Logro concentrarme por períodos moderados, pero presento algunas distracciones.",Bebidas rehidratantes,3,Ninguna en especial,5,Mala,Moderado,Muy alto
25/4/2026 11:14:12,Grupo 6,Ortiz Palomino Renzo Adriano,Masculino,17,65,168,Ingeniería Civil,2,0,4,15,Tercio,6,Gimnasio / Levantamiento de pesas,En gimnasio,Individual,3,Alto: Me faltaba el aliento rápido y apenas podía decir unas pocas palabras sin parar a tomar aire.,Noche,Alta: Mantuve mi rutina de manera estricta y constante todo el ciclo.,2,1,Alto: Mantengo la concentración durante la mayor parte del tiempo sin distracciones significativas.,Bebidas rehidratantes,5,,6,Mala,Moderado,Muy bajo
25/4/2026 11:20:11,Grupo 6,Ortiz Palomino Renzo Adriano,Masculino,20,60,1.82,Ingeniería Mecatrónica,8,6,6,16.4,Décimo,0,No realizo actividad fisica,,,,,,,25,10,Alto: Mantengo la concentración durante la mayor parte del tiempo sin distracciones significativas.,Ninguno,2,Ninguna en especial,12,Regular,Muy bajo,Bajo
25/4/2026 11:32:49,Grupo 6,Ortiz Palomino Renzo Adriano,Masculino,18,59,175,Ingeniería Industrial,3,7,1,8.46,Tercio inferior,1,"Deportes aeróbicos (Correr, Nadar, Ciclismo)","En espacios públicos (parques, canchas, piscinas, etc.)",Individual,2,"Moderado: Podía hablar en frases cortas, pero me agitaba un poco y necesitaba respirar.",Noche,"Baja: Fui muy irregular, entrenando solo ocasionalmente.",23,1,Bajo: Me distraigo con facilidad y me cuesta mantener la atención durante el estudio.,Bebidas energéticas,1,Ninguna en especial,4,Muy mala,Muy alto,Muy alto
25/4/2026 11:34:47,Grupo 6,Ortiz Palomino Renzo Adriano,Femenino,22,50,1.5,Ingeniería Química,5,5,5,16,Tercio medio,0,No realizo actividad fisica,,,,,,,8,5,"Medio: Logro concentrarme por períodos moderados, pero presento algunas distracciones.",Ninguno,3,Ninguna en especial,6,Regular,Alto,Alto
25/4/2026 11:48:09,Grupo 6,Ortiz Palomino Renzo Adriano,Masculino,20,104,179,Ingeniería Mecatrónica,8,6,5,12,Tercio medio,6,"Entrenamiento en casa (Calistenia, Yoga, rutinas por video)",En casa,Individual,5,"Moderado: Podía hablar en frases cortas, pero me agitaba un poco y necesitaba respirar.",Noche,"Baja: Fui muy irregular, entrenando solo ocasionalmente.",24,6,"Medio: Logro concentrarme por períodos moderados, pero presento algunas distracciones.",Ninguno,5,Ninguna en especial,5.5,Regular,Moderado,Alto
25/4/2026 11:49:05,Grupo 6,Ortiz Palomino Renzo Adriano,Masculino,20,60,170,Ingeniería Química,6,5,5,14.79,Quinto,2,"Deportes de equipo (Fútbol, Básquet, Vóley, etc.)","En espacios públicos (parques, canchas, piscinas, etc.)",Colectiva,2,"Moderado: Podía hablar en frases cortas, pero me agitaba un poco y necesitaba respirar.",Tarde,"Media: Tuve constancia por algunas semanas, pero con interrupciones frecuentes.",18,5,"Medio: Logro concentrarme por períodos moderados, pero presento algunas distracciones.",Ninguno,5,Ninguna en especial,7,Regular,Alto,Moderado
25/4/2026 11:49:21,Grupo 6,Ortiz Palomino Renzo Adriano,Masculino,21,83,1.79,Ingeniería Química,6,5,5,14.8,Décimo,4,"Deportes de equipo (Fútbol, Básquet, Vóley, etc.)","En espacios públicos (parques, canchas, piscinas, etc.)",Individual,2,Bajo: Podía mantener una conversación larga o cantar sin ningún esfuerzo,Tarde,"Baja: Fui muy irregular, entrenando solo ocasionalmente.",18,5,Bajo: Me distraigo con facilidad y me cuesta mantener la atención durante el estudio.,Bebidas energéticas,4,Ninguna en especial,4,Muy mala,Alto,Muy alto
25/4/2026 13:38:41,Grupo 5,"Reyes Neyra, Mariel Azucena",Femenino,52,200,210,Sistemas de la Información,Más de 10,7,1,2,Décimo,34,Sumo,"En espacios públicos (parques, canchas, piscinas, etc.)",Colectiva,7,Bajo: Podía mantener una conversación larga o cantar sin ningún esfuerzo,Mañana,Alta: Mantuve mi rutina de manera estricta y constante todo el ciclo.,60,50,Alto: Mantengo la concentración durante la mayor parte del tiempo sin distracciones significativas.,"Bebidas energéticas, Bebidas rehidratantes, Multivitamínicos y Minerales, Polvos Pre-Entreno, Proteína en polvo (Whey, Vegana, Caseína), Mass gainers, Creatina, Ninguno",6,Vegana,1,Muy buena,Muy bajo,Muy bajo
25/4/2026 13:44:21,Grupo 5,"Reyes Neyra, Mariel Azucena",Femenino,21,55,154,Ingeniería Industrial,8,6,6,17.15,Décimo,240,"Deportes de equipo (Fútbol, Básquet, Vóley, etc.)",En instalaciones de la universidad,Colectiva,1,"Moderado: Podía hablar en frases cortas, pero me agitaba un poco y necesitaba respirar.",Noche,"Media: Tuve constancia por algunas semanas, pero con interrupciones frecuentes.",20,21,"Medio: Logro concentrarme por períodos moderados, pero presento algunas distracciones.",Ninguno,2,Ninguna en especial,5,Regular,Moderado,Alto
25/4/2026 14:58:13,Grupo 2,"Rojas Meza, Kiara Luz",Femenino,20,42,152,Ciencias de la Computación,7,5,2,9.74,Tercio inferior,18,Gimnasio / Levantamiento de pesas,En gimnasio,Individual,6,"Moderado: Podía hablar en frases cortas, pero me agitaba un poco y necesitaba respirar.",Tarde,Alta: Mantuve mi rutina de manera estricta y constante todo el ciclo.,25,30,Bajo: Me distraigo con facilidad y me cuesta mantener la atención durante el estudio.,Bebidas energéticas,4,Ninguna en especial,6,Mala,Muy alto,Muy alto
25/4/2026 17:32:58,Grupo 4,"Obregon Carhuavilca, Alondra Solange",Masculino,21,65,168,Administración y Negocios Digitales,5,4,4,17.2,Quinto,6,"Deportes de equipo (Fútbol, Básquet, Vóley, etc.)","En espacios públicos (parques, canchas, piscinas, etc.)",Colectiva,3,Bajo: Podía mantener una conversación larga o cantar sin ningún esfuerzo,Mañana,Alta: Mantuve mi rutina de manera estricta y constante todo el ciclo.,12,5,"Medio: Logro concentrarme por períodos moderados, pero presento algunas distracciones.","Bebidas energéticas, Bebidas rehidratantes",5,Ninguna en especial,7,Regular,Moderado,Moderado
25/4/2026 19:53:47,Grupo 4,"Obregon Carhuavilca, Alondra Solange",Masculino,27,68,167,Ciencias de la Computación,7,6,6,17,Tercio,0,No realizo actividad fisica,,,,,,,24,10,Alto: Mantengo la concentración durante la mayor parte del tiempo sin distracciones significativas.,Ninguno,4,Ninguna en especial,5,Regular,Moderado,Moderado
26/4/2026 3:20:01,Grupo 8,"Bances Núñez, Nadia Estefanía",Femenino,22,59,155,Ingeniería Civil,7,6,5,13,Décimo,4,"Entrenamiento en casa (Calistenia, Yoga, rutinas por video)",En casa,Individual,4,"Moderado: Podía hablar en frases cortas, pero me agitaba un poco y necesitaba respirar.",Mañana,"Baja: Fui muy irregular, entrenando solo ocasionalmente.",40,8,"Medio: Logro concentrarme por períodos moderados, pero presento algunas distracciones.","Bebidas energéticas, Bebidas rehidratantes, Multivitamínicos y Minerales",3,Ninguna en especial,7,Regular,Moderado,Moderado
26/4/2026 10:13:48,Grupo 5,"Díaz Carrión, Gabriel Marcelo",Masculino,17,79.5,165,Ciencia de Datos,2,7,7,15.5,Tercio medio,6,Atletismo ,Otros,Colectiva,2,"Moderado: Podía hablar en frases cortas, pero me agitaba un poco y necesitaba respirar.",Tarde,Alta: Mantuve mi rutina de manera estricta y constante todo el ciclo.,27,5,"Medio: Logro concentrarme por períodos moderados, pero presento algunas distracciones.",Ninguno,3,Ninguna en especial,7,Buena,Moderado,Moderado
26/4/2026 12:59:25,Grupo 5,"Díaz Carrión, Gabriel Marcelo",Masculino,18,55,161,Sistemas de la Información,3,5,3,11.2,Quinto,1,No realizo actividad fisica,,,,,,,17,6,"Medio: Logro concentrarme por períodos moderados, pero presento algunas distracciones.",Ninguno,4,Ninguna en especial,7,Regular,Moderado,Moderado
26/4/2026 17:41:50,Grupo 5,"Cabanillas Ventocilla, Abigail Jaslin",Femenino,19,74,164,Bioingeniería,5,5,3,10.63,Tercio inferior,1,Artes marciales / Deportes de contacto,Otros,Colectiva,1,Alto: Me faltaba el aliento rápido y apenas podía decir unas pocas palabras sin parar a tomar aire.,Noche,"Baja: Fui muy irregular, entrenando solo ocasionalmente.",16,2,Bajo: Me distraigo con facilidad y me cuesta mantener la atención durante el estudio.,Bebidas rehidratantes,4,Ninguna en especial,6,Mala,Moderado,Muy alto
26/4/2026 17:55:48,Grupo 4,"Obregon Carhuavilca, Alondra Solange",Femenino,21,60,168,Ciencias de la Computación,7,5,5,16.56,Quinto,4,Gimnasio / Levantamiento de pesas,En gimnasio,Individual,2,Bajo: Podía mantener una conversación larga o cantar sin ningún esfuerzo,Mañana,"Baja: Fui muy irregular, entrenando solo ocasionalmente.",22,20,"Medio: Logro concentrarme por períodos moderados, pero presento algunas distracciones.",Ninguno,3,Ninguna en especial,7,Regular,Alto,Alto
26/4/2026 22:38:41,Grupo 3,"Neciosup Abanto, Edwin Jeremy",Femenino,18,58,158,Ingeniería Mecatrónica,3,6,5,14.4,Tercio inferior,3,"Entrenamiento en casa (Calistenia, Yoga, rutinas por video)",En casa,Individual,3,"Moderado: Podía hablar en frases cortas, pero me agitaba un poco y necesitaba respirar.",Tarde,"Media: Tuve constancia por algunas semanas, pero con interrupciones frecuentes.",14,3,Bajo: Me distraigo con facilidad y me cuesta mantener la atención durante el estudio.,Bebidas energéticas,2,Ninguna en especial,7,Regular,Moderado,Moderado
27/4/2026 10:16:16,Grupo 3,"Arriarán Panez, Sebastián André",Masculino,19,61,176,Ciencias de la Computación,3,6,6,15.21,Tercio,2,"Deportes aeróbicos (Correr, Nadar, Ciclismo)","En espacios públicos (parques, canchas, piscinas, etc.)",Individual,1,"Moderado: Podía hablar en frases cortas, pero me agitaba un poco y necesitaba respirar.",Noche,"Media: Tuve constancia por algunas semanas, pero con interrupciones frecuentes.",25,8,"Medio: Logro concentrarme por períodos moderados, pero presento algunas distracciones.",Ninguno,4,Ninguna en especial,7,Regular,Moderado,Moderado
27/4/2026 10:54:46,Grupo 8,"Villalobos Carlos, Daniel Davis",Femenino,21,62,162,Ingeniería Mecatrónica,4,6,4,13.11,Tercio inferior,1,"Entrenamiento en casa (Calistenia, Yoga, rutinas por video)",En casa,Individual,2,Bajo: Podía mantener una conversación larga o cantar sin ningún esfuerzo,Noche,"Baja: Fui muy irregular, entrenando solo ocasionalmente.",24,25,Bajo: Me distraigo con facilidad y me cuesta mantener la atención durante el estudio.,Ninguno,5,Ninguna en especial,7,Muy mala,Alto,Muy alto
27/4/2026 11:02:19,Grupo 8,"Villalobos Carlos, Daniel Davis",Femenino,19,80,167,Ingeniería Mecatrónica,4,4,4,16.33,Quinto,4,Gimnasio / Levantamiento de pesas,En gimnasio,Individual,4,"Moderado: Podía hablar en frases cortas, pero me agitaba un poco y necesitaba respirar.",Noche,"Media: Tuve constancia por algunas semanas, pero con interrupciones frecuentes.",16,6,"Medio: Logro concentrarme por períodos moderados, pero presento algunas distracciones.",Ninguno,4,Ninguna en especial,6,Regular,Moderado,Alto
27/4/2026 11:15:13,Grupo 1,"Arriarán Panez, Sebastián André",Masculino,18,93,175,Ingeniería Mecatrónica,4,6,6,14.9,Tercio,2,Gimnasio / Levantamiento de pesas,En gimnasio,Individual,1,Bajo: Podía mantener una conversación larga o cantar sin ningún esfuerzo,Noche,"Baja: Fui muy irregular, entrenando solo ocasionalmente.",19,25,"Medio: Logro concentrarme por períodos moderados, pero presento algunas distracciones.",Ninguno,4,Ninguna en especial,6,Mala,Moderado,Alto
27/4/2026 11:34:24,Grupo 9,"Baca Herrera, Valentino Alejandro",Masculino,21,85,175,Ingeniería Mecatrónica,2,6,6,15.3,Tercio medio,3,Gimnasio / Levantamiento de pesas,En gimnasio,Individual,2,"Moderado: Podía hablar en frases cortas, pero me agitaba un poco y necesitaba respirar.",Tarde,"Media: Tuve constancia por algunas semanas, pero con interrupciones frecuentes.",3,4,"Medio: Logro concentrarme por períodos moderados, pero presento algunas distracciones.",Ninguno,3,Alta en proteínas,7,Regular,Moderado,Moderado
27/4/2026 11:37:02,Grupo 9,"Baca Herrera, Valentino Alejandro",Masculino,24,55,1.62,Ingeniería Mecatrónica,4,6,6,14,Tercio,2,"Deportes de equipo (Fútbol, Básquet, Vóley, etc.)",En casa,Individual,2,"Moderado: Podía hablar en frases cortas, pero me agitaba un poco y necesitaba respirar.",Noche,"Media: Tuve constancia por algunas semanas, pero con interrupciones frecuentes.",40,72,"Medio: Logro concentrarme por períodos moderados, pero presento algunas distracciones.","Bebidas energéticas, Bebidas rehidratantes, Creatina",4,Vegana,5,Regular,Moderado,Moderado
27/4/2026 11:38:51,Grupo 9,"Baca Herrera, Valentino Alejandro",Femenino,18,43,150,Bioingeniería,2,7,7,18.25,Décimo,1,"Entrenamiento en casa (Calistenia, Yoga, rutinas por video)",En casa,Individual,1,Bajo: Podía mantener una conversación larga o cantar sin ningún esfuerzo,Tarde,"Baja: Fui muy irregular, entrenando solo ocasionalmente.",27,4,"Medio: Logro concentrarme por períodos moderados, pero presento algunas distracciones.",Ninguno,3,Ninguna en especial,8,Buena,Moderado,Moderado
27/4/2026 11:39:13,Grupo 3,"Dos Anjos Lopes, María Eduarda",Femenino,19,49,162,Ingeniería Química,3,6,6,16.15,Tercio,1,pilates,Otros,Colectiva,1,Bajo: Podía mantener una conversación larga o cantar sin ningún esfuerzo,Mañana,Alta: Mantuve mi rutina de manera estricta y constante todo el ciclo.,25,9,"Medio: Logro concentrarme por períodos moderados, pero presento algunas distracciones.","Bebidas energéticas, Bebidas rehidratantes, Multivitamínicos y Minerales",6,Vegetariana,8,Buena,Muy alto,Alto
27/4/2026 11:44:37,Grupo 9,"Chipana Ybañez, Josué Manuel",Masculino,25,76,180,Administración y Negocios Digitales,8,5,4,14,Tercio medio,60,"Entrenamiento en casa (Calistenia, Yoga, rutinas por video)",En gimnasio,Individual,2,"Moderado: Podía hablar en frases cortas, pero me agitaba un poco y necesitaba respirar.",Tarde,"Media: Tuve constancia por algunas semanas, pero con interrupciones frecuentes.",10,10,"Medio: Logro concentrarme por períodos moderados, pero presento algunas distracciones.","Bebidas energéticas, Bebidas rehidratantes",3,Baja en carbohidratos,6,Regular,Moderado,Alto
27/4/2026 11:45:57,Grupo 3,"Dos Anjos Lopes, María Eduarda",Masculino,19,78,181,Ingeniería Química,3,6,6,14.53,Tercio medio,12,"Deportes de equipo (Fútbol, Básquet, Vóley, etc.)",En instalaciones de la universidad,Colectiva,4,"Moderado: Podía hablar en frases cortas, pero me agitaba un poco y necesitaba respirar.",Mañana,"Media: Tuve constancia por algunas semanas, pero con interrupciones frecuentes.",24,10,"Medio: Logro concentrarme por períodos moderados, pero presento algunas distracciones.",Ninguno,7,Ninguna en especial,5,Buena,Moderado,Moderado
27/4/2026 12:30:31,Grupo 9,"Chipana Ybañez, Josué Manuel",Masculino,21,74,168,Ingeniería Mecatrónica,2,7,4,17.45,Tercio medio,3,Artes marciales / Deportes de contacto,Otros,Colectiva,3,Bajo: Podía mantener una conversación larga o cantar sin ningún esfuerzo,Noche,"Media: Tuve constancia por algunas semanas, pero con interrupciones frecuentes.",4,4,"Medio: Logro concentrarme por períodos moderados, pero presento algunas distracciones.",Ninguno,5,Ninguna en especial,8,Regular,Alto,Bajo
27/4/2026 12:42:05,Grupo 3,"Dos Anjos Lopes, María Eduarda",Masculino,23,60,170,Ingeniería Mecatrónica,Más de 10,4,4,14.59,Tercio,4,Artes marciales / Deportes de contacto,En instalaciones de la universidad,Colectiva,2,"Moderado: Podía hablar en frases cortas, pero me agitaba un poco y necesitaba respirar.",Tarde,"Baja: Fui muy irregular, entrenando solo ocasionalmente.",12,4,"Medio: Logro concentrarme por períodos moderados, pero presento algunas distracciones.",Ninguno,4,Ninguna en especial,7,Mala,Moderado,Moderado
27/4/2026 12:42:23,Grupo 3,"Arriarán Panez, Sebastián André",Masculino,17,75,176,Ingeniería Mecánica,2,6,6,14,Tercio,2,Gimnasio / Levantamiento de pesas,En gimnasio,Individual,4,Bajo: Podía mantener una conversación larga o cantar sin ningún esfuerzo,Noche,"Media: Tuve constancia por algunas semanas, pero con interrupciones frecuentes.",30,10,"Medio: Logro concentrarme por períodos moderados, pero presento algunas distracciones.","Proteína en polvo (Whey, Vegana, Caseína), Mass gainers, Creatina",7,Ninguna en especial,6,Regular,Moderado,Moderado
27/4/2026 12:46:49,Grupo 3,"Arriarán Panez, Sebastián André",Femenino,20,75,1.75,Ingeniería Industrial,6,5,5,13,Tercio,2,"Deportes de equipo (Fútbol, Básquet, Vóley, etc.)","En espacios públicos (parques, canchas, piscinas, etc.)",Colectiva,1,"Moderado: Podía hablar en frases cortas, pero me agitaba un poco y necesitaba respirar.",Noche,"Media: Tuve constancia por algunas semanas, pero con interrupciones frecuentes.",18,4,"Medio: Logro concentrarme por períodos moderados, pero presento algunas distracciones.",Ninguno,2,Ninguna en especial,7,Regular,Alto,Moderado
27/4/2026 12:47:03,Grupo 3,"Dos Anjos Lopes, María Eduarda",Masculino,22,52,169,Ciencias de la Computación,4,6,6,15.756,Tercio,0,No realizo actividad fisica,,,,,,,16,10,"Medio: Logro concentrarme por períodos moderados, pero presento algunas distracciones.","Bebidas energéticas, Bebidas rehidratantes, Ninguno",4,Ninguna en especial,6,Mala,Alto,Alto
27/4/2026 12:47:37,Grupo 3,"Arriarán Panez, Sebastián André",Masculino,22,80,184,Ciencia de Datos,9,5,5,15.6,Tercio,6,"Deportes aeróbicos (Correr, Nadar, Ciclismo)","En espacios públicos (parques, canchas, piscinas, etc.)",Colectiva,3,"Moderado: Podía hablar en frases cortas, pero me agitaba un poco y necesitaba respirar.",Mañana,"Media: Tuve constancia por algunas semanas, pero con interrupciones frecuentes.",24,5,"Medio: Logro concentrarme por períodos moderados, pero presento algunas distracciones.",Creatina,3,Ninguna en especial,6,Regular,Moderado,Alto
27/4/2026 12:48:53,Grupo 3,"Dos Anjos Lopes, María Eduarda",Femenino,18,57,157,Ingeniería Civil,2,6,4,16,Quinto,5,"Entrenamiento en casa (Calistenia, Yoga, rutinas por video)",En casa,Individual,2,Bajo: Podía mantener una conversación larga o cantar sin ningún esfuerzo,Noche,"Baja: Fui muy irregular, entrenando solo ocasionalmente.",32,12,"Medio: Logro concentrarme por períodos moderados, pero presento algunas distracciones.","Bebidas rehidratantes, Creatina",3,Baja en carbohidratos,5,Regular,Alto,Muy alto
27/4/2026 12:50:25,Grupo 3,"Arriarán Panez, Sebastián André",Femenino,21,58,164,Bioingeniería,9,6,6,17.48,Quinto,10,Gimnasio / Levantamiento de pesas,En gimnasio,Individual,4,"Moderado: Podía hablar en frases cortas, pero me agitaba un poco y necesitaba respirar.",Mañana,"Media: Tuve constancia por algunas semanas, pero con interrupciones frecuentes.",30,10,Bajo: Me distraigo con facilidad y me cuesta mantener la atención durante el estudio.,"Bebidas energéticas, Proteína en polvo (Whey, Vegana, Caseína)",3,Vegana,7,Regular,Bajo,Moderado
27/4/2026 12:50:34,Grupo 3,"Arriarán Panez, Sebastián André",Masculino,21,67,180,Ingeniería Mecatrónica,8,5,4,16.8,Décimo,8,Gimnasio / Levantamiento de pesas,En gimnasio,Individual,4,"Moderado: Podía hablar en frases cortas, pero me agitaba un poco y necesitaba respirar.",Noche,Alta: Mantuve mi rutina de manera estricta y constante todo el ciclo.,30,10,Bajo: Me distraigo con facilidad y me cuesta mantener la atención durante el estudio.,"Bebidas energéticas, Bebidas rehidratantes, Proteína en polvo (Whey, Vegana, Caseína), Creatina",4,Ninguna en especial,5,Muy mala,Muy alto,Moderado
27/4/2026 12:52:15,Grupo 3,"Neciosup Abanto, Edwin Jeremy",Masculino,21,65,1.73,Administración y Negocios Digitales,7,6,5,12.63,Tercio inferior,8,Gimnasio / Levantamiento de pesas,En gimnasio,Individual,4,"Moderado: Podía hablar en frases cortas, pero me agitaba un poco y necesitaba respirar.",Tarde,"Baja: Fui muy irregular, entrenando solo ocasionalmente.",24,10,Bajo: Me distraigo con facilidad y me cuesta mantener la atención durante el estudio.,"Bebidas energéticas, Creatina",4,Alta en proteínas,5,Mala,Moderado,Moderado
27/4/2026 12:53:15,Grupo 3,"Neciosup Abanto, Edwin Jeremy",Femenino,20,52,1.57,Administración y Negocios Digitales,7,6,6,15.2,Tercio medio,10,"Deportes aeróbicos (Correr, Nadar, Ciclismo)","En espacios públicos (parques, canchas, piscinas, etc.)",Individual,3,"Moderado: Podía hablar en frases cortas, pero me agitaba un poco y necesitaba respirar.",Noche,"Media: Tuve constancia por algunas semanas, pero con interrupciones frecuentes.",24,10,Bajo: Me distraigo con facilidad y me cuesta mantener la atención durante el estudio.,Bebidas rehidratantes,3,Ninguna en especial,3,Muy mala,Moderado,Alto
27/4/2026 13:35:17,Grupo 9,"Chipana Ybañez, Josué Manuel",Masculino,18,52,163,Ingeniería Química,3,6,4,9.76,Tercio,30,Gimnasio / Levantamiento de pesas,En casa,Individual,3,Alto: Me faltaba el aliento rápido y apenas podía decir unas pocas palabras sin parar a tomar aire.,Tarde,"Media: Tuve constancia por algunas semanas, pero con interrupciones frecuentes.",18,5,Alto: Mantengo la concentración durante la mayor parte del tiempo sin distracciones significativas.,Ninguno,3,Ninguna en especial,5,Mala,Moderado,Alto
27/4/2026 13:37:49,Grupo 9,"Chipana Ybañez, Josué Manuel",Femenino,21,56,1.51,Ingeniería Industrial,9,5,5,12,Tercio inferior,3,"Entrenamiento en casa (Calistenia, Yoga, rutinas por video)",En casa,Individual,3,"Moderado: Podía hablar en frases cortas, pero me agitaba un poco y necesitaba respirar.",Tarde,"Baja: Fui muy irregular, entrenando solo ocasionalmente.",10,7,"Medio: Logro concentrarme por períodos moderados, pero presento algunas distracciones.",Ninguno,3,Ninguna en especial,6,Buena,Moderado,Bajo
27/4/2026 13:40:55,Grupo 9,"Chipana Ybañez, Josué Manuel",Femenino,18,52,155,Bioingeniería,2,6,6,16,Tercio,2,"Entrenamiento en casa (Calistenia, Yoga, rutinas por video)",En casa,Individual,3,"Moderado: Podía hablar en frases cortas, pero me agitaba un poco y necesitaba respirar.",Noche,"Baja: Fui muy irregular, entrenando solo ocasionalmente.",30,10,Bajo: Me distraigo con facilidad y me cuesta mantener la atención durante el estudio.,"Bebidas energéticas, Bebidas rehidratantes",5,Ninguna en especial,4,Mala,Moderado,Alto
27/4/2026 13:42:39,Grupo 9,"Chipana Ybañez, Josué Manuel",Femenino,21,51,156,Bioingeniería,7,5,5,13.7,Tercio,0,No realizo actividad fisica,,,,,,,0,6,"Medio: Logro concentrarme por períodos moderados, pero presento algunas distracciones.",Bebidas rehidratantes,5,Ninguna en especial,6,Regular,Muy alto,Muy alto
27/4/2026 13:42:47,Grupo 6,"Vargas Saravia, Daniela Alessandra",Masculino,22,81,176,Bioingeniería,10,7,7,15,Tercio medio,10,Gimnasio / Levantamiento de pesas,En gimnasio,Individual,5,Bajo: Podía mantener una conversación larga o cantar sin ningún esfuerzo,Tarde,Alta: Mantuve mi rutina de manera estricta y constante todo el ciclo.,35,8,"Medio: Logro concentrarme por períodos moderados, pero presento algunas distracciones.","Proteína en polvo (Whey, Vegana, Caseína)",4,Ninguna en especial,8,Buena,Moderado,Moderado
27/4/2026 13:43:48,Grupo 9,"Baca Herrera, Valentino Alejandro",Masculino,20,90,1.75,Ciencias de la Computación,8,5,4,14.2,Tercio,6,"Entrenamiento en casa (Calistenia, Yoga, rutinas por video)",En casa,Individual,4,"Moderado: Podía hablar en frases cortas, pero me agitaba un poco y necesitaba respirar.",Mañana,"Media: Tuve constancia por algunas semanas, pero con interrupciones frecuentes.",20,20,"Medio: Logro concentrarme por períodos moderados, pero presento algunas distracciones.","Bebidas energéticas, Ninguno",4,No consumir casi nada de azucar,3,Mala,Moderado,Alto
27/4/2026 13:45:32,Grupo 9,"Baca Herrera, Valentino Alejandro",Masculino,19,72,173,Ingeniería Industrial,5,4,4,14,Tercio,2,"Deportes de equipo (Fútbol, Básquet, Vóley, etc.)",En instalaciones de la universidad,Colectiva,2,Alto: Me faltaba el aliento rápido y apenas podía decir unas pocas palabras sin parar a tomar aire.,Tarde,"Baja: Fui muy irregular, entrenando solo ocasionalmente.",17,5,"Medio: Logro concentrarme por períodos moderados, pero presento algunas distracciones.","Bebidas energéticas, Bebidas rehidratantes",5,Ninguna en especial,6,Regular,Muy alto,Muy alto
27/4/2026 13:51:58,Grupo 9,"Baca Herrera, Valentino Alejandro",Masculino,19,71,171,Ciencias de la Computación,7,5,4,13,Décimo,5,"Deportes de equipo (Fútbol, Básquet, Vóley, etc.)",En instalaciones de la universidad,Colectiva,3,Bajo: Podía mantener una conversación larga o cantar sin ningún esfuerzo,Tarde,"Media: Tuve constancia por algunas semanas, pero con interrupciones frecuentes.",16,8,"Medio: Logro concentrarme por períodos moderados, pero presento algunas distracciones.","Bebidas rehidratantes, Creatina",4,Ninguna en especial,6,Mala,Alto,Muy alto
27/4/2026 13:54:10,Grupo 9,"Chipana Ybañez, Josué Manuel",Femenino,17,60,155,Ingeniería Química,2,6,4,50,Tercio,2,"Deportes de equipo (Fútbol, Básquet, Vóley, etc.)",En instalaciones de la universidad,Colectiva,2,Bajo: Podía mantener una conversación larga o cantar sin ningún esfuerzo,Tarde,"Baja: Fui muy irregular, entrenando solo ocasionalmente.",26,6,Bajo: Me distraigo con facilidad y me cuesta mantener la atención durante el estudio.,Ninguno,3,Ninguna en especial,7,Mala,Muy alto,Muy alto
27/4/2026 13:57:04,Grupo 9,"Chipana Ybañez, Josué Manuel",Masculino,20,110,1.88,Ciencias de la Computación,6,6,5,15,Tercio inferior,4,Tenis de campo,Otros,Colectiva,2,Bajo: Podía mantener una conversación larga o cantar sin ningún esfuerzo,Mañana,Alta: Mantuve mi rutina de manera estricta y constante todo el ciclo.,12,4,"Medio: Logro concentrarme por períodos moderados, pero presento algunas distracciones.",Bebidas rehidratantes,4,De todo un poco,5,Regular,Alto,Alto
27/4/2026 14:11:49,Grupo 6,"Vargas Saravia, Daniela Alessandra",Femenino,18,57,159,Ingeniería Química,2,6,6,16.2,Quinto,1,"Deportes de equipo (Fútbol, Básquet, Vóley, etc.)",Otros,Colectiva,1,Bajo: Podía mantener una conversación larga o cantar sin ningún esfuerzo,Mañana,"Baja: Fui muy irregular, entrenando solo ocasionalmente.",22,15,Bajo: Me distraigo con facilidad y me cuesta mantener la atención durante el estudio.,Ninguno,2,Ninguna en especial,7,Buena,Moderado,Moderado
27/4/2026 14:16:30,Grupo 6,"Vargas Saravia, Daniela Alessandra",Masculino,18,75,1.74,Ingeniería Mecatrónica,3,6,3,14.2,Quinto,4,"Deportes de equipo (Fútbol, Básquet, Vóley, etc.)","En espacios públicos (parques, canchas, piscinas, etc.)",Colectiva,2,"Moderado: Podía hablar en frases cortas, pero me agitaba un poco y necesitaba respirar.",Tarde,"Media: Tuve constancia por algunas semanas, pero con interrupciones frecuentes.",18,6,"Medio: Logro concentrarme por períodos moderados, pero presento algunas distracciones.","Bebidas energéticas, Bebidas rehidratantes",3,Ninguna en especial,6,Regular,Moderado,Moderado
27/4/2026 14:24:48,Grupo 1,"FÉLIX MEDINA, ADRIÁN FERNANDO",Masculino,18,80,1.74,Ciencias de la Computación,3,7,5,14,Tercio medio,10,Gimnasio / Levantamiento de pesas,En gimnasio,Individual,5,"Moderado: Podía hablar en frases cortas, pero me agitaba un poco y necesitaba respirar.",Tarde,"Media: Tuve constancia por algunas semanas, pero con interrupciones frecuentes.",23,2,"Medio: Logro concentrarme por períodos moderados, pero presento algunas distracciones.",Ninguno,3,Ninguna en especial,5,Buena,Moderado,Moderado
27/4/2026 14:25:22,Grupo 4,"Gamboa Sánchez, Guillermo Valentino",Masculino,20,64,169,Ingeniería Química,7,5,4,12.56,Tercio medio,6,"Deportes de equipo (Fútbol, Básquet, Vóley, etc.)",Otros,Colectiva,3,Alto: Me faltaba el aliento rápido y apenas podía decir unas pocas palabras sin parar a tomar aire.,Noche,"Media: Tuve constancia por algunas semanas, pero con interrupciones frecuentes.",20,23,"Medio: Logro concentrarme por períodos moderados, pero presento algunas distracciones.",Bebidas energéticas,4,Ninguna en especial,6,Regular,Alto,Alto
27/4/2026 14:25:25,Grupo 4,"Solis Cordova, Pedro Nicolas",Masculino,19,73,178,Ciencias de la Computación,5,6,4,14.6,Tercio medio,6,Gimnasio / Levantamiento de pesas,En gimnasio,Individual,5,"Moderado: Podía hablar en frases cortas, pero me agitaba un poco y necesitaba respirar.",Mañana,"Baja: Fui muy irregular, entrenando solo ocasionalmente.",20,6,"Medio: Logro concentrarme por períodos moderados, pero presento algunas distracciones.",Bebidas energéticas,3,Ninguna en especial,7,Regular,Moderado,Moderado
27/4/2026 14:26:14,Grupo 6,"Vargas Saravia, Daniela Alessandra",Masculino,19,81,178,Ingeniería Mecatrónica,3,6,3,13.78,Tercio medio,2,"Entrenamiento en casa (Calistenia, Yoga, rutinas por video)","En espacios públicos (parques, canchas, piscinas, etc.)",Individual,1,"Moderado: Podía hablar en frases cortas, pero me agitaba un poco y necesitaba respirar.",Noche,"Baja: Fui muy irregular, entrenando solo ocasionalmente.",24,24,Alto: Mantengo la concentración durante la mayor parte del tiempo sin distracciones significativas.,Ninguno,4,Alta en proteínas,5,Mala,Bajo,Moderado
27/4/2026 14:29:42,Grupo 4,"Gamboa Sánchez, Guillermo Valentino",Femenino,23,49,1.55,Bioingeniería,8,4,4,15.45,Tercio,8,No realizo actividad fisica,,,,,,,18,8,Bajo: Me distraigo con facilidad y me cuesta mantener la atención durante el estudio.,Bebidas energéticas,5,Ninguna en especial,5,Regular,Muy alto,Muy alto
27/4/2026 14:37:40,Grupo 5,"Reyes Neyra, Mariel Azucena",Masculino,22,68,172,Ingeniería Electrónica,10,5,5555,200,Décimo,0,Gimnasio / Levantamiento de pesas,En instalaciones de la universidad,Colectiva,-8,Alto: Me faltaba el aliento rápido y apenas podía decir unas pocas palabras sin parar a tomar aire.,Noche,"Baja: Fui muy irregular, entrenando solo ocasionalmente.",50,21,"Medio: Logro concentrarme por períodos moderados, pero presento algunas distracciones.","Bebidas energéticas, Bebidas rehidratantes, Multivitamínicos y Minerales, Polvos Pre-Entreno, Proteína en polvo (Whey, Vegana, Caseína), Mass gainers, Creatina, Ninguno, Me inyectaba",1,Ninguna en especial,9.82,Muy mala,Muy alto,Muy alto
27/4/2026 14:40:30,Grupo 4,"Solis Cordova, Pedro Nicolas",Masculino,18,50,165,Sistemas de la Información,3,6,6,19,Décimo,10,Gimnasio / Levantamiento de pesas,En gimnasio,Individual,7,Bajo: Podía mantener una conversación larga o cantar sin ningún esfuerzo,Mañana,"Baja: Fui muy irregular, entrenando solo ocasionalmente.",40,30,"Medio: Logro concentrarme por períodos moderados, pero presento algunas distracciones.","Bebidas energéticas, Bebidas rehidratantes, Multivitamínicos y Minerales, Mass gainers, Ninguno",3,Vegana,9,Regular,Alto,Alto
27/4/2026 14:45:06,Grupo 9,"Baca Herrera, Valentino Alejandro",Masculino,67,677,167,Ingeniería Química,3,1,3,7,Tercio medio,9,Gimnasio / Levantamiento de pesas,En gimnasio,Individual,7,"Moderado: Podía hablar en frases cortas, pero me agitaba un poco y necesitaba respirar.",Tarde,"Baja: Fui muy irregular, entrenando solo ocasionalmente.",6,6,Alto: Mantengo la concentración durante la mayor parte del tiempo sin distracciones significativas.,Bebidas rehidratantes,6,Vegetariana,1,Regular,Bajo,Muy alto
27/4/2026 14:47:45,Grupo 9,"Chipana Ybañez, Josué Manuel",Masculino,22,90,175,Ingeniería Industrial,7,5,3,11,Décimo,0,No realizo actividad fisica,,,,,,,10,14,"Medio: Logro concentrarme por períodos moderados, pero presento algunas distracciones.",Bebidas energéticas,4,Ninguna en especial,5,Regular,Alto,Alto
27/4/2026 14:52:06,Grupo 9,"Baca Herrera, Valentino Alejandro",Masculino,19,112,185,Ciencias de la Computación,3,5,4,13.4,Tercio medio,3,"Deportes de equipo (Fútbol, Básquet, Vóley, etc.)",En instalaciones de la universidad,Colectiva,2,"Moderado: Podía hablar en frases cortas, pero me agitaba un poco y necesitaba respirar.",Noche,"Media: Tuve constancia por algunas semanas, pero con interrupciones frecuentes.",22,8,"Medio: Logro concentrarme por períodos moderados, pero presento algunas distracciones.",Bebidas rehidratantes,4,Ninguna en especial,6,Regular,Alto,Alto
27/4/2026 14:57:54,Grupo 9,"Baca Herrera, Valentino Alejandro",Masculino,18,70,175,Sistemas de la Información,3,5,4,14.2,Tercio medio,3,"Entrenamiento en casa (Calistenia, Yoga, rutinas por video)",En casa,Individual,3,"Moderado: Podía hablar en frases cortas, pero me agitaba un poco y necesitaba respirar.",Tarde,"Media: Tuve constancia por algunas semanas, pero con interrupciones frecuentes.",20,3,"Medio: Logro concentrarme por períodos moderados, pero presento algunas distracciones.","Bebidas energéticas, Bebidas rehidratantes, Creatina",3,Ninguna en especial,5,Regular,Moderado,Moderado
27/4/2026 15:03:55,Grupo 1,"FÉLIX MEDINA, ADRIÁN FERNANDO",Masculino,19,50,182,Ingeniería Mecatrónica,3,7,6,15,Quinto,0,No realizo actividad fisica,,,,,,,20,30,"Medio: Logro concentrarme por períodos moderados, pero presento algunas distracciones.",Ninguno,3,Ninguna en especial,8,Regular,Moderado,Alto
27/4/2026 15:16:40,Grupo 4,"Solis Cordova, Pedro Nicolas",Masculino,19,66,177,Ingeniería Electrónica,5,5,5,14,Tercio,12,"Deportes aeróbicos (Correr, Nadar, Ciclismo)",En casa,Individual,3,"Moderado: Podía hablar en frases cortas, pero me agitaba un poco y necesitaba respirar.",Tarde,"Media: Tuve constancia por algunas semanas, pero con interrupciones frecuentes.",1,8,"Medio: Logro concentrarme por períodos moderados, pero presento algunas distracciones.","Bebidas rehidratantes, Multivitamínicos y Minerales",5,Vegana,8,Regular,Bajo,Muy bajo
27/4/2026 15:23:35,Grupo 4,"Solis Cordova, Pedro Nicolas",Masculino,17,55,166,Ingeniería Mecánica,6,6,6,17.8,Quinto,11,"Deportes de equipo (Fútbol, Básquet, Vóley, etc.)","En espacios públicos (parques, canchas, piscinas, etc.)",Colectiva,2,"Moderado: Podía hablar en frases cortas, pero me agitaba un poco y necesitaba respirar.",Noche,"Media: Tuve constancia por algunas semanas, pero con interrupciones frecuentes.",12,6,Bajo: Me distraigo con facilidad y me cuesta mantener la atención durante el estudio.,Bebidas rehidratantes,5,Alta en proteínas,5,Regular,Moderado,Moderado
27/4/2026 15:31:25,Grupo 4,"Gamboa Sánchez, Guillermo Valentino",Masculino,120,3937,293,Ingeniería Civil,2,4,5,11,Tercio,70,"Entrenamiento en casa (Calistenia, Yoga, rutinas por video)","En espacios públicos (parques, canchas, piscinas, etc.)",Individual,12,"Moderado: Podía hablar en frases cortas, pero me agitaba un poco y necesitaba respirar.",Tarde,Alta: Mantuve mi rutina de manera estricta y constante todo el ciclo.,21,12,"Medio: Logro concentrarme por períodos moderados, pero presento algunas distracciones.","Bebidas rehidratantes, Multivitamínicos y Minerales, Polvos Pre-Entreno",12,Ninguna en especial,4,Regular,Moderado,Moderado
27/4/2026 15:33:41,Grupo 4,"Solis Cordova, Pedro Nicolas",Femenino,19,70,150,Ciencia de Datos,6,5,4,15.4,Tercio medio,5,Gimnasio / Levantamiento de pesas,En casa,Individual,1,Bajo: Podía mantener una conversación larga o cantar sin ningún esfuerzo,Mañana,"Baja: Fui muy irregular, entrenando solo ocasionalmente.",14,7,"Medio: Logro concentrarme por períodos moderados, pero presento algunas distracciones.",Ninguno,3,Ninguna en especial,6,Regular,Moderado,Alto
27/4/2026 15:34:13,Grupo 4,"Gamboa Sánchez, Guillermo Valentino",Masculino,20,80,170,Ingeniería Electrónica,6,7,7,68,Tercio inferior,8,"Deportes aeróbicos (Correr, Nadar, Ciclismo)","En espacios públicos (parques, canchas, piscinas, etc.)",Colectiva,9,Alto: Me faltaba el aliento rápido y apenas podía decir unas pocas palabras sin parar a tomar aire.,Noche,Alta: Mantuve mi rutina de manera estricta y constante todo el ciclo.,60,57,Bajo: Me distraigo con facilidad y me cuesta mantener la atención durante el estudio.,"Multivitamínicos y Minerales, Proteína en polvo (Whey, Vegana, Caseína)",8,Vegana,8,Buena,Alto,Alto
27/4/2026 15:36:48,Grupo 4,"Solis Cordova, Pedro Nicolas",Masculino,20,76,190,Administración y Negocios Digitales,3,6,5,17,Tercio,12,"Entrenamiento en casa (Calistenia, Yoga, rutinas por video)","En espacios públicos (parques, canchas, piscinas, etc.)",Individual,4,Bajo: Podía mantener una conversación larga o cantar sin ningún esfuerzo,Noche,"Media: Tuve constancia por algunas semanas, pero con interrupciones frecuentes.",30,2,Alto: Mantengo la concentración durante la mayor parte del tiempo sin distracciones significativas.,"Bebidas energéticas, Bebidas rehidratantes, Multivitamínicos y Minerales, Polvos Pre-Entreno, Proteína en polvo (Whey, Vegana, Caseína), Mass gainers, Creatina",5,Alta en proteínas,8,Buena,Moderado,Bajo
27/4/2026 15:37:34,Grupo 4,"Gamboa Sánchez, Guillermo Valentino",Masculino,18,60.8,180,Ciencias de la Computación,7,8,2,17.8,Tercio medio,200,"Entrenamiento en casa (Calistenia, Yoga, rutinas por video)",En casa,Individual,6,Alto: Me faltaba el aliento rápido y apenas podía decir unas pocas palabras sin parar a tomar aire.,Mañana,Alta: Mantuve mi rutina de manera estricta y constante todo el ciclo.,48,224,"Medio: Logro concentrarme por períodos moderados, pero presento algunas distracciones.","Bebidas energéticas, Bebidas rehidratantes, Multivitamínicos y Minerales, Polvos Pre-Entreno, Proteína en polvo (Whey, Vegana, Caseína), Mass gainers, Creatina, Ninguno, ",5,Baja en carbohidratos,14,Muy buena,Muy bajo,Muy bajo
27/4/2026 15:39:17,Grupo 4,"Gamboa Sánchez, Guillermo Valentino",Masculino,19,66,1098,Ingeniería Civil,5,5,5,15,Tercio medio,44,Artes marciales / Deportes de contacto,En instalaciones de la universidad,Individual,48,"Moderado: Podía hablar en frases cortas, pero me agitaba un poco y necesitaba respirar.",Tarde,"Media: Tuve constancia por algunas semanas, pero con interrupciones frecuentes.",45,65,"Medio: Logro concentrarme por períodos moderados, pero presento algunas distracciones.",Multivitamínicos y Minerales,4,Vegetariana,13,Regular,Muy bajo,Alto
27/4/2026 15:39:18,Grupo 4,"Solis Cordova, Pedro Nicolas",Masculino,20,79,185,Ingeniería Electrónica,8,7,6,17.3,Quinto,17,"Deportes aeróbicos (Correr, Nadar, Ciclismo)","En espacios públicos (parques, canchas, piscinas, etc.)",Individual,4,"Moderado: Podía hablar en frases cortas, pero me agitaba un poco y necesitaba respirar.",Tarde,Alta: Mantuve mi rutina de manera estricta y constante todo el ciclo.,19,10,"Medio: Logro concentrarme por períodos moderados, pero presento algunas distracciones.","Bebidas rehidratantes, Multivitamínicos y Minerales",4,Ninguna en especial,8,Buena,Muy bajo,Moderado
27/4/2026 15:41:07,Grupo 4,"Gamboa Sánchez, Guillermo Valentino",Masculino,16,67,176,Ingeniería Industrial,7,7,7,18.8,Tercio,9,"Deportes de equipo (Fútbol, Básquet, Vóley, etc.)","En espacios públicos (parques, canchas, piscinas, etc.)",Individual,8,"Moderado: Podía hablar en frases cortas, pero me agitaba un poco y necesitaba respirar.",Mañana,"Media: Tuve constancia por algunas semanas, pero con interrupciones frecuentes.",34,32,Bajo: Me distraigo con facilidad y me cuesta mantener la atención durante el estudio.,Creatina,2,Ninguna en especial,9,Mala,Bajo,Alto
27/4/2026 15:42:29,Grupo 8,"Bances Núñez, Nadia Estefanía",Femenino,19,56,153,Ciencia de Datos,5,5,5,16.23,Tercio,3,"Entrenamiento en casa (Calistenia, Yoga, rutinas por video)",En casa,Individual,2,"Moderado: Podía hablar en frases cortas, pero me agitaba un poco y necesitaba respirar.",Noche,Alta: Mantuve mi rutina de manera estricta y constante todo el ciclo.,26,24,Alto: Mantengo la concentración durante la mayor parte del tiempo sin distracciones significativas.,Ninguno,5,Ninguna en especial,5,Regular,Muy alto,Muy alto
27/4/2026 15:42:37,Grupo 4,"Gamboa Sánchez, Guillermo Valentino",Masculino,18,75,126,Ingeniería Industrial,8,8,7,18.9,Tercio inferior,21,"Deportes aeróbicos (Correr, Nadar, Ciclismo)",En gimnasio,Individual,6,"Moderado: Podía hablar en frases cortas, pero me agitaba un poco y necesitaba respirar.",Noche,Alta: Mantuve mi rutina de manera estricta y constante todo el ciclo.,8,9,"Medio: Logro concentrarme por períodos moderados, pero presento algunas distracciones.","Bebidas rehidratantes, Multivitamínicos y Minerales",9,Vegetariana,9,Mala,Muy bajo,Muy bajo
27/4/2026 15:42:56,Grupo 8,"Bances Núñez, Nadia Estefanía",Femenino,18,50,150,Ciencias de la Computación,5,6,6,15,Tercio,3,Gimnasio / Levantamiento de pesas,En gimnasio,Individual,3,"Moderado: Podía hablar en frases cortas, pero me agitaba un poco y necesitaba respirar.",Noche,"Media: Tuve constancia por algunas semanas, pero con interrupciones frecuentes.",26,21,"Medio: Logro concentrarme por períodos moderados, pero presento algunas distracciones.",Ninguno,2,Ninguna en especial,5,Muy mala,Muy alto,Muy alto
27/4/2026 15:43:37,Grupo 4,"Solis Cordova, Pedro Nicolas",Femenino,21,70,190,Sistemas de la Información,3,7,6,16.8,Tercio,12,"Entrenamiento en casa (Calistenia, Yoga, rutinas por video)",En casa,Individual,5,"Moderado: Podía hablar en frases cortas, pero me agitaba un poco y necesitaba respirar.",Noche,"Media: Tuve constancia por algunas semanas, pero con interrupciones frecuentes.",26,15,"Medio: Logro concentrarme por períodos moderados, pero presento algunas distracciones.",Bebidas energéticas,3,Vegana,5,Mala,Moderado,Alto
27/4/2026 15:44:14,Grupo 4,"Gamboa Sánchez, Guillermo Valentino",Femenino,98,87,158,Ingeniería Electrónica,8,98,9,7,Tercio,9,"Deportes de equipo (Fútbol, Básquet, Vóley, etc.)",En instalaciones de la universidad,Colectiva,9,"Moderado: Podía hablar en frases cortas, pero me agitaba un poco y necesitaba respirar.",Tarde,"Media: Tuve constancia por algunas semanas, pero con interrupciones frecuentes.",8,9,"Medio: Logro concentrarme por períodos moderados, pero presento algunas distracciones.","Bebidas energéticas, Bebidas rehidratantes",7,Vegana,87.1,Regular,Bajo,Alto
27/4/2026 15:45:12,Grupo 8,"Bances Núñez, Nadia Estefanía",Masculino,19,65,175,Ciencia de Datos,6,6,6,14.6,Tercio medio,5,"Deportes aeróbicos (Correr, Nadar, Ciclismo)","En espacios públicos (parques, canchas, piscinas, etc.)",Individual,5,"Moderado: Podía hablar en frases cortas, pero me agitaba un poco y necesitaba respirar.",Noche,"Media: Tuve constancia por algunas semanas, pero con interrupciones frecuentes.",33,8,Alto: Mantengo la concentración durante la mayor parte del tiempo sin distracciones significativas.,Ninguno,4,Ninguna en especial,4,Muy mala,Muy alto,Muy alto
27/4/2026 15:45:23,Grupo 8,"Bances Núñez, Nadia Estefanía",Masculino,21,62,165,Ingeniería Química,9,6,6,14.01,Décimo,4,"Deportes de equipo (Fútbol, Básquet, Vóley, etc.)","En espacios públicos (parques, canchas, piscinas, etc.)",Individual,1,"Moderado: Podía hablar en frases cortas, pero me agitaba un poco y necesitaba respirar.",Noche,"Media: Tuve constancia por algunas semanas, pero con interrupciones frecuentes.",20,6,"Medio: Logro concentrarme por períodos moderados, pero presento algunas distracciones.",Bebidas energéticas,4,Ninguna en especial,7,Regular,Moderado,Moderado
27/4/2026 15:45:43,Grupo 6,"Vargas Saravia, Daniela Alessandra",Femenino,18,67,153,Bioingeniería,3,6,6,13.4,Tercio medio,0,No realizo actividad fisica,,,,,,,12,4,"Medio: Logro concentrarme por períodos moderados, pero presento algunas distracciones.",Ninguno,2,Baja en carbohidratos,5,Mala,Moderado,Moderado
27/4/2026 15:45:56,Grupo 4,"Gamboa Sánchez, Guillermo Valentino",Masculino,123,45,136,Ingeniería Industrial,8,18,18,117,Tercio medio,16,No realizo actividad fisica,,,,,,,134,139,"Medio: Logro concentrarme por períodos moderados, pero presento algunas distracciones.",Multivitamínicos y Minerales,13,Alta en proteínas,117,Mala,Moderado,Moderado
27/4/2026 15:46:11,Grupo 4,"Solis Cordova, Pedro Nicolas",Femenino,19,90,160,Ingeniería Civil,8,5,5,15.2,Tercio,14,Gimnasio / Levantamiento de pesas,En instalaciones de la universidad,Individual,6,"Moderado: Podía hablar en frases cortas, pero me agitaba un poco y necesitaba respirar.",Tarde,"Media: Tuve constancia por algunas semanas, pero con interrupciones frecuentes.",28,10,"Medio: Logro concentrarme por períodos moderados, pero presento algunas distracciones.",Ninguno,5,Ninguna en especial,7,Mala,Moderado,Moderado
27/4/2026 15:46:31,Grupo 8,"Bances Núñez, Nadia Estefanía",Masculino,20,107,188,Ingeniería Industrial,6,6,5,16,Tercio,0,No realizo actividad fisica,,,,,,,25,25,"Medio: Logro concentrarme por períodos moderados, pero presento algunas distracciones.",Bebidas energéticas,4,Ninguna en especial,9,Muy buena,Alto,Alto
27/4/2026 15:47:06,Grupo 8,"Bances Núñez, Nadia Estefanía",Masculino,21,78,1.74,Ingeniería Industrial,6,8,7,4,Tercio,6,"Entrenamiento en casa (Calistenia, Yoga, rutinas por video)",En casa,Individual,3,"Moderado: Podía hablar en frases cortas, pero me agitaba un poco y necesitaba respirar.",Noche,"Media: Tuve constancia por algunas semanas, pero con interrupciones frecuentes.",17,23,Bajo: Me distraigo con facilidad y me cuesta mantener la atención durante el estudio.,Ninguno,5,Ninguna en especial,6,Regular,Alto,Muy alto
27/4/2026 15:47:47,Grupo 1,"Gamboa Sánchez, Guillermo Valentino",Prefiero no decirlo / Otro,36,779,178,Ingeniería Electrónica,8,9,6,7,Tercio medio,12,"Deportes de equipo (Fútbol, Básquet, Vóley, etc.)","En espacios públicos (parques, canchas, piscinas, etc.)",Individual,23,Alto: Me faltaba el aliento rápido y apenas podía decir unas pocas palabras sin parar a tomar aire.,Tarde,"Media: Tuve constancia por algunas semanas, pero con interrupciones frecuentes.",24,30,Bajo: Me distraigo con facilidad y me cuesta mantener la atención durante el estudio.,Mass gainers,86,Vegetariana,18,Mala,Muy bajo,Alto
27/4/2026 15:49:29,Grupo 4,"Gamboa Sánchez, Guillermo Valentino",Prefiero no decirlo / Otro,18,50,189,Ciencia de Datos,9,8,8,21,Tercio medio,22,"Deportes de equipo (Fútbol, Básquet, Vóley, etc.)","En espacios públicos (parques, canchas, piscinas, etc.)",Individual,1,"Moderado: Podía hablar en frases cortas, pero me agitaba un poco y necesitaba respirar.",Mañana,"Baja: Fui muy irregular, entrenando solo ocasionalmente.",35,12,Alto: Mantengo la concentración durante la mayor parte del tiempo sin distracciones significativas.,Bebidas rehidratantes,3,Alta en proteínas,12,Buena,Bajo,Moderado
27/4/2026 15:50:04,Grupo 4,"Solis Cordova, Pedro Nicolas",Masculino,18,70,168,Ingeniería Mecánica,4,5,5,12,Tercio inferior,9,No realizo actividad fisica,,,,,,,20,10,"Medio: Logro concentrarme por períodos moderados, pero presento algunas distracciones.",Bebidas rehidratantes,3,Ninguna en especial,9,Buena,Muy bajo,Moderado
27/4/2026 15:51:08,Grupo 4,"Gamboa Sánchez, Guillermo Valentino",Femenino,122,98,9,Bioingeniería,4,5,5,14,Tercio medio,0,No realizo actividad fisica,,,,,,,17,17,"Medio: Logro concentrarme por períodos moderados, pero presento algunas distracciones.","Multivitamínicos y Minerales, Ninguno",2,Vegetariana,8,Mala,Alto,Moderado
27/4/2026 15:52:42,Grupo 4,"Gamboa Sánchez, Guillermo Valentino",Femenino,18,48,147,Ingeniería Mecánica,9,6,6,18,Quinto,17,"Deportes aeróbicos (Correr, Nadar, Ciclismo)","En espacios públicos (parques, canchas, piscinas, etc.)",Individual,17,"Moderado: Podía hablar en frases cortas, pero me agitaba un poco y necesitaba respirar.",Mañana,"Baja: Fui muy irregular, entrenando solo ocasionalmente.",17,73,Bajo: Me distraigo con facilidad y me cuesta mantener la atención durante el estudio.,Bebidas energéticas,5,Ninguna en especial,38,Mala,Alto,Muy alto
27/4/2026 15:54:26,Grupo 4,"Gamboa Sánchez, Guillermo Valentino",Femenino,15,60,156,Ingeniería Mecánica,3,136,5,13,Tercio,13,"Deportes de equipo (Fútbol, Básquet, Vóley, etc.)","En espacios públicos (parques, canchas, piscinas, etc.)",Colectiva,13,Alto: Me faltaba el aliento rápido y apenas podía decir unas pocas palabras sin parar a tomar aire.,Tarde,Alta: Mantuve mi rutina de manera estricta y constante todo el ciclo.,13,13,"Medio: Logro concentrarme por períodos moderados, pero presento algunas distracciones.",Mass gainers,13,Baja en carbohidratos,13,Regular,Alto,Muy alto
27/4/2026 15:55:04,Grupo 4,"Solis Cordova, Pedro Nicolas",Masculino,23,77,188,Sistemas de la Información,4,6,6,18.7,Quinto,12,"Entrenamiento en casa (Calistenia, Yoga, rutinas por video)",En casa,Individual,12,"Moderado: Podía hablar en frases cortas, pero me agitaba un poco y necesitaba respirar.",Mañana,"Media: Tuve constancia por algunas semanas, pero con interrupciones frecuentes.",26,18,Alto: Mantengo la concentración durante la mayor parte del tiempo sin distracciones significativas.,Multivitamínicos y Minerales,4,Baja en carbohidratos,7,Regular,Moderado,Muy bajo
27/4/2026 15:55:40,Grupo 4,"Gamboa Sánchez, Guillermo Valentino",Femenino,17,58,86,Ingeniería Industrial,8,3,0,19,Tercio medio,16,"Deportes aeróbicos (Correr, Nadar, Ciclismo)","En espacios públicos (parques, canchas, piscinas, etc.)",Colectiva,7,Alto: Me faltaba el aliento rápido y apenas podía decir unas pocas palabras sin parar a tomar aire.,Tarde,"Baja: Fui muy irregular, entrenando solo ocasionalmente.",57,56,Bajo: Me distraigo con facilidad y me cuesta mantener la atención durante el estudio.,Bebidas energéticas,5,Alta en proteínas,18,Regular,Moderado,Bajo
27/4/2026 15:57:11,Grupo 4,"Gamboa Sánchez, Guillermo Valentino",Femenino,28,54,180,Ingeniería Electrónica,7,10,1,12.6,Tercio,19,"Entrenamiento en casa (Calistenia, Yoga, rutinas por video)","En espacios públicos (parques, canchas, piscinas, etc.)",Colectiva,4,"Moderado: Podía hablar en frases cortas, pero me agitaba un poco y necesitaba respirar.",Mañana,"Media: Tuve constancia por algunas semanas, pero con interrupciones frecuentes.",6,7,"Medio: Logro concentrarme por períodos moderados, pero presento algunas distracciones.",Bebidas energéticas,5,Vegana,35,Buena,Alto,Moderado
27/4/2026 15:58:21,Grupo 4,"Gamboa Sánchez, Guillermo Valentino",Femenino,18,92,120,Ingeniería Ambiental,5,12,3,12,Tercio medio,11,"Deportes aeróbicos (Correr, Nadar, Ciclismo)","En espacios públicos (parques, canchas, piscinas, etc.)",Colectiva,2,"Moderado: Podía hablar en frases cortas, pero me agitaba un poco y necesitaba respirar.",Tarde,"Media: Tuve constancia por algunas semanas, pero con interrupciones frecuentes.",31,12,Bajo: Me distraigo con facilidad y me cuesta mantener la atención durante el estudio.,Ninguno,2,Alta en proteínas,22,Regular,Bajo,Bajo
27/4/2026 15:59:29,Grupo 4,"Solis Cordova, Pedro Nicolas",Masculino,21,70,180,Administración y Negocios Digitales,3,6,7,18.2,Quinto,20,"Deportes de equipo (Fútbol, Básquet, Vóley, etc.)","En espacios públicos (parques, canchas, piscinas, etc.)",Colectiva,13,"Moderado: Podía hablar en frases cortas, pero me agitaba un poco y necesitaba respirar.",Mañana,Alta: Mantuve mi rutina de manera estricta y constante todo el ciclo.,23,20,"Medio: Logro concentrarme por períodos moderados, pero presento algunas distracciones.",Bebidas energéticas,5,Alta en proteínas,12,Mala,Moderado,Alto
27/4/2026 15:59:44,Grupo 4,"Gamboa Sánchez, Guillermo Valentino",Masculino,17,128,128,Ingeniería Mecatrónica,3,12,2,22,Tercio inferior,12,"Deportes de equipo (Fútbol, Básquet, Vóley, etc.)","En espacios públicos (parques, canchas, piscinas, etc.)",Individual,23,Bajo: Podía mantener una conversación larga o cantar sin ningún esfuerzo,Mañana,Alta: Mantuve mi rutina de manera estricta y constante todo el ciclo.,86,8765,Alto: Mantengo la concentración durante la mayor parte del tiempo sin distracciones significativas.,Creatina,54,Vegetariana,77,Mala,Moderado,Bajo
27/4/2026 16:00:55,Grupo 6,"Vargas Saravia, Daniela Alessandra",Femenino,11,30,10,Ingeniería Civil,3,7,8,12,Tercio inferior,3,Artes marciales / Deportes de contacto,En gimnasio,Individual,3,Bajo: Podía mantener una conversación larga o cantar sin ningún esfuerzo,Tarde,"Media: Tuve constancia por algunas semanas, pero con interrupciones frecuentes.",3,7,"Medio: Logro concentrarme por períodos moderados, pero presento algunas distracciones.","Multivitamínicos y Minerales, Mass gainers",3,,2,Mala,Moderado,Alto
27/4/2026 16:01:00,Grupo 4,"Gamboa Sánchez, Guillermo Valentino",Masculino,18,0000000000000000000000000000000000000000000000000000000000000000000000000000000000000000000000000000000000000000000000000000000001,1E+104,Ingeniería Civil,6,5,5,5,Tercio,5,No realizo actividad fisica,,,,,,,23,2,"Medio: Logro concentrarme por períodos moderados, pero presento algunas distracciones.",Bebidas energéticas,2,Vegetariana,3,Regular,Moderado,Moderado
27/4/2026 16:02:04,Grupo 4,"Solis Cordova, Pedro Nicolas",Masculino,20,70,190,Ingeniería Industrial,10,8,8,17.9,Quinto,17,"Deportes de equipo (Fútbol, Básquet, Vóley, etc.)","En espacios públicos (parques, canchas, piscinas, etc.)",Colectiva,3,"Moderado: Podía hablar en frases cortas, pero me agitaba un poco y necesitaba respirar.",Noche,Alta: Mantuve mi rutina de manera estricta y constante todo el ciclo.,27,12,Alto: Mantengo la concentración durante la mayor parte del tiempo sin distracciones significativas.,Bebidas rehidratantes,3,Ninguna en especial,10,Muy buena,Bajo,Muy bajo
27/4/2026 16:02:21,Grupo 6,"Vargas Saravia, Daniela Alessandra",Masculino,19,63,173,Ingeniería Mecatrónica,5,4,4,14,Tercio medio,9,Gimnasio / Levantamiento de pesas,En gimnasio,Colectiva,3,Bajo: Podía mantener una conversación larga o cantar sin ningún esfuerzo,Noche,Alta: Mantuve mi rutina de manera estricta y constante todo el ciclo.,10,5,"Medio: Logro concentrarme por períodos moderados, pero presento algunas distracciones.","Bebidas rehidratantes, Polvos Pre-Entreno, Proteína en polvo (Whey, Vegana, Caseína), Creatina",3,Ninguna en especial,7,Muy buena,Muy bajo,Bajo
27/4/2026 16:02:30,Grupo 4,"Gamboa Sánchez, Guillermo Valentino",Prefiero no decirlo / Otro,17,129,119,Ingeniería Mecatrónica,7,9,6,333,Tercio medio,76,"Deportes de equipo (Fútbol, Básquet, Vóley, etc.)","En espacios públicos (parques, canchas, piscinas, etc.)",Individual,7,Alto: Me faltaba el aliento rápido y apenas podía decir unas pocas palabras sin parar a tomar aire.,Mañana,"Media: Tuve constancia por algunas semanas, pero con interrupciones frecuentes.",887,76,"Medio: Logro concentrarme por períodos moderados, pero presento algunas distracciones.",Multivitamínicos y Minerales,5,Baja en carbohidratos,78,Muy mala,Muy bajo,Moderado
27/4/2026 16:04:07,Grupo 4,"Solis Cordova, Pedro Nicolas",Masculino,20,82,166,Ingeniería Química,4,6,5,14.2,Tercio medio,13,"Deportes aeróbicos (Correr, Nadar, Ciclismo)",En casa,Individual,6,Alto: Me faltaba el aliento rápido y apenas podía decir unas pocas palabras sin parar a tomar aire.,Tarde,"Media: Tuve constancia por algunas semanas, pero con interrupciones frecuentes.",15,10,"Medio: Logro concentrarme por períodos moderados, pero presento algunas distracciones.",Ninguno,3,Baja en carbohidratos,6,Muy buena,Bajo,Moderado
27/4/2026 16:04:47,Grupo 4,"Gamboa Sánchez, Guillermo Valentino",Prefiero no decirlo / Otro,2026,77,177,Sistemas de la Información,Más de 10,7,7,17.7,Décimo,77,Artes marciales / Deportes de contacto,Otros,Colectiva,6,Alto: Me faltaba el aliento rápido y apenas podía decir unas pocas palabras sin parar a tomar aire.,Tarde,"Media: Tuve constancia por algunas semanas, pero con interrupciones frecuentes.",77,666,"Medio: Logro concentrarme por períodos moderados, pero presento algunas distracciones.",pan y vino,3,Baja en carbohidratos,7,Muy buena,Muy alto,Muy alto
27/4/2026 16:05:33,Grupo 6,"Vargas Saravia, Daniela Alessandra",Masculino,19,65,179,Bioingeniería,3,5,5,13,Décimo,3,"Deportes de equipo (Fútbol, Básquet, Vóley, etc.)","En espacios públicos (parques, canchas, piscinas, etc.)",Colectiva,2,"Moderado: Podía hablar en frases cortas, pero me agitaba un poco y necesitaba respirar.",Noche,"Media: Tuve constancia por algunas semanas, pero con interrupciones frecuentes.",15,6,"Medio: Logro concentrarme por períodos moderados, pero presento algunas distracciones.",Ninguno,4,Ninguna en especial,7,Regular,Moderado,Moderado
27/4/2026 16:05:36,Grupo 4,"Solis Cordova, Pedro Nicolas",Masculino,18,66,188,Ciencias de la Computación,7,7,7,15.5,Tercio,12,"Deportes de equipo (Fútbol, Básquet, Vóley, etc.)","En espacios públicos (parques, canchas, piscinas, etc.)",Colectiva,3,"Moderado: Podía hablar en frases cortas, pero me agitaba un poco y necesitaba respirar.",Tarde,Alta: Mantuve mi rutina de manera estricta y constante todo el ciclo.,16,12,Alto: Mantengo la concentración durante la mayor parte del tiempo sin distracciones significativas.,Ninguno,4,Vegana,7,Regular,Moderado,Alto
27/4/2026 16:06:03,Grupo 9,"Baca Herrera, Valentino Alejandro",Masculino,20,64,165,Ingeniería Electrónica,5,5,4,14.1,Tercio medio,5,"Deportes de equipo (Fútbol, Básquet, Vóley, etc.)",En instalaciones de la universidad,Colectiva,3,"Moderado: Podía hablar en frases cortas, pero me agitaba un poco y necesitaba respirar.",Tarde,"Baja: Fui muy irregular, entrenando solo ocasionalmente.",18,5,Bajo: Me distraigo con facilidad y me cuesta mantener la atención durante el estudio.,Bebidas energéticas,5,Ninguna en especial,8,Buena,Alto,Moderado
27/4/2026 16:06:08,Grupo 9,"Baca Herrera, Valentino Alejandro",Masculino,19,75,180,Ingeniería Civil,2,6,4,10.6,Tercio inferior,0,No realizo actividad fisica,,,,,,,24,12,Bajo: Me distraigo con facilidad y me cuesta mantener la atención durante el estudio.,Bebidas energéticas,5,Ninguna en especial,6,Mala,Muy alto,Muy alto
27/4/2026 16:07:01,Grupo 9,"Baca Herrera, Valentino Alejandro",Femenino,18,41,1.5,Ingeniría de la Energía,2,8,3,10,Décimo,1,Gimnasio / Levantamiento de pesas,En gimnasio,Colectiva,3,"Moderado: Podía hablar en frases cortas, pero me agitaba un poco y necesitaba respirar.",Tarde,"Media: Tuve constancia por algunas semanas, pero con interrupciones frecuentes.",6,2,"Medio: Logro concentrarme por períodos moderados, pero presento algunas distracciones.",Bebidas rehidratantes,5,Ninguna en especial,4,Muy mala,Muy alto,Alto
27/4/2026 16:08:19,Grupo 9,"Heredia Quispe, Gianella Alessandra",Masculino,17,73,179,Ingeniería Mecatrónica,2,6,6,18.2,Décimo,1,"Entrenamiento en casa (Calistenia, Yoga, rutinas por video)",En gimnasio,Individual,1,Bajo: Podía mantener una conversación larga o cantar sin ningún esfuerzo,Tarde,"Baja: Fui muy irregular, entrenando solo ocasionalmente.",18,30,Bajo: Me distraigo con facilidad y me cuesta mantener la atención durante el estudio.,Mass gainers,2,Ninguna en especial,86,Muy mala,Muy alto,Muy alto
27/4/2026 16:09:40,Grupo 9,"Chipana Ybañez, Josué Manuel",Masculino,18,57,165,Ingeniería Electrónica,3,7,7,15,Tercio medio,2,"Deportes de equipo (Fútbol, Básquet, Vóley, etc.)","En espacios públicos (parques, canchas, piscinas, etc.)",Colectiva,2,"Moderado: Podía hablar en frases cortas, pero me agitaba un poco y necesitaba respirar.",Noche,"Baja: Fui muy irregular, entrenando solo ocasionalmente.",18,20,"Medio: Logro concentrarme por períodos moderados, pero presento algunas distracciones.",Ninguno,3,Ninguna en especial,6,Mala,Moderado,Moderado
27/4/2026 16:09:46,Grupo 9,"Baca Herrera, Valentino Alejandro",Masculino,18,96,1.73,Ingeniería Civil,2,7,7,15,Tercio medio,2,Artes marciales / Deportes de contacto,En gimnasio,Colectiva,3,"Moderado: Podía hablar en frases cortas, pero me agitaba un poco y necesitaba respirar.",Tarde,"Media: Tuve constancia por algunas semanas, pero con interrupciones frecuentes.",16,6,"Medio: Logro concentrarme por períodos moderados, pero presento algunas distracciones.",Bebidas energéticas,3,Ninguna en especial,4,Muy mala,Moderado,Alto
27/4/2026 16:12:30,Grupo 9,"Baca Herrera, Valentino Alejandro",Masculino,19,95,189,Ingeniería Mecatrónica,2,5,6,13,Tercio inferior,5,"Deportes de equipo (Fútbol, Básquet, Vóley, etc.)",En instalaciones de la universidad,Colectiva,4,"Moderado: Podía hablar en frases cortas, pero me agitaba un poco y necesitaba respirar.",Tarde,"Media: Tuve constancia por algunas semanas, pero con interrupciones frecuentes.",0,5,"Medio: Logro concentrarme por períodos moderados, pero presento algunas distracciones.",Ninguno,6,Ninguna en especial,6,Mala,Muy alto,Muy alto
27/4/2026 16:13:36,Grupo 8,"Bances Núñez, Nadia Estefanía",Femenino,20,60,166,Ciencias de la Computación,7,4,2,12,Tercio inferior,3,"Deportes aeróbicos (Correr, Nadar, Ciclismo)","En espacios públicos (parques, canchas, piscinas, etc.)",Individual,3,Bajo: Podía mantener una conversación larga o cantar sin ningún esfuerzo,Mañana,"Baja: Fui muy irregular, entrenando solo ocasionalmente.",24,3,Bajo: Me distraigo con facilidad y me cuesta mantener la atención durante el estudio.,"Bebidas energéticas, Bebidas rehidratantes, Multivitamínicos y Minerales",3,Ninguna en especial,6,Regular,Muy alto,Muy alto
27/4/2026 16:21:32,Grupo 9,"Chipana Ybañez, Josué Manuel",Masculino,18,70,174,Ciencias de la Computación,3,17,15,14,Tercio inferior,8,"Deportes de equipo (Fútbol, Básquet, Vóley, etc.)","En espacios públicos (parques, canchas, piscinas, etc.)",Individual,2,"Moderado: Podía hablar en frases cortas, pero me agitaba un poco y necesitaba respirar.",Mañana,"Baja: Fui muy irregular, entrenando solo ocasionalmente.",21,8,Bajo: Me distraigo con facilidad y me cuesta mantener la atención durante el estudio.,Ninguno,3,Ninguna en especial,3,Regular,Moderado,Moderado
27/4/2026 16:57:12,Grupo 6,Ortiz Palomino Renzo Adriano,Masculino,22,66,1.74,Ingeniería Mecatrónica,7,5,4,13,Tercio inferior,15,"Entrenamiento en casa (Calistenia, Yoga, rutinas por video)",En casa,Individual,100,Alto: Me faltaba el aliento rápido y apenas podía decir unas pocas palabras sin parar a tomar aire.,Noche,"Media: Tuve constancia por algunas semanas, pero con interrupciones frecuentes.",20,30,"Medio: Logro concentrarme por períodos moderados, pero presento algunas distracciones.",Creatina,3,Alta en proteínas,7,Buena,Alto,Alto
27/4/2026 16:58:23,Grupo 6,Ortiz Palomino Renzo Adriano,Prefiero no decirlo / Otro,18,65,1.72,Ciencias de la Computación,2,6,5,16,Tercio medio,6,Gimnasio / Levantamiento de pesas,En gimnasio,Individual,4,"Moderado: Podía hablar en frases cortas, pero me agitaba un poco y necesitaba respirar.",Tarde,"Media: Tuve constancia por algunas semanas, pero con interrupciones frecuentes.",35,10,Alto: Mantengo la concentración durante la mayor parte del tiempo sin distracciones significativas.,Ninguno,3,Baja en carbohidratos,6,Regular,Alto,Moderado
27/4/2026 17:02:42,Grupo 8,"Ferrante Quino, Francesco Aroldo",Masculino,18,63,175,Ciencias de la Computación,3,5,5,14.3,Tercio,5,Gimnasio / Levantamiento de pesas,En gimnasio,Individual,5,"Moderado: Podía hablar en frases cortas, pero me agitaba un poco y necesitaba respirar.",Noche,"Media: Tuve constancia por algunas semanas, pero con interrupciones frecuentes.",20,6,Bajo: Me distraigo con facilidad y me cuesta mantener la atención durante el estudio.,"Bebidas energéticas, Bebidas rehidratantes, Proteína en polvo (Whey, Vegana, Caseína)",4,Ninguna en especial,5,Mala,Alto,Alto
27/4/2026 17:03:09,Grupo 9,"Chipana Ybañez, Josué Manuel",Masculino,18,78,175,Ingeniería Química,3,5,5,13.03,Tercio medio,5,"Deportes de equipo (Fútbol, Básquet, Vóley, etc.)","En espacios públicos (parques, canchas, piscinas, etc.)",Colectiva,3,Bajo: Podía mantener una conversación larga o cantar sin ningún esfuerzo,Tarde,"Media: Tuve constancia por algunas semanas, pero con interrupciones frecuentes.",46,10,Alto: Mantengo la concentración durante la mayor parte del tiempo sin distracciones significativas.,"Bebidas energéticas, Bebidas rehidratantes",4,Ninguna en especial,7,Buena,Muy alto,Alto
27/4/2026 17:09:15,Grupo 1,"FÉLIX MEDINA, ADRIÁN FERNANDO",Masculino,19,75,180,Ingeniería Mecatrónica,3,6,5,14.5,Tercio inferior,6,"Deportes de equipo (Fútbol, Básquet, Vóley, etc.)",En casa,Individual,3,"Moderado: Podía hablar en frases cortas, pero me agitaba un poco y necesitaba respirar.",Tarde,"Media: Tuve constancia por algunas semanas, pero con interrupciones frecuentes.",20,10,"Medio: Logro concentrarme por períodos moderados, pero presento algunas distracciones.",Ninguno,4,Ninguna en especial,4,Mala,Moderado,Alto
27/4/2026 17:09:34,Grupo 6,"Carrasco Abarca, Franco Luciano Marcelo",Femenino,18,56,167,Ciencias de la Computación,3,5,5,15.65,Quinto,3,"Deportes aeróbicos (Correr, Nadar, Ciclismo)",En casa,Individual,4,Bajo: Podía mantener una conversación larga o cantar sin ningún esfuerzo,Tarde,"Media: Tuve constancia por algunas semanas, pero con interrupciones frecuentes.",18,8,Alto: Mantengo la concentración durante la mayor parte del tiempo sin distracciones significativas.,Multivitamínicos y Minerales,3,Vegetariana,4,Muy mala,Muy alto,Muy alto
27/4/2026 17:15:59,Grupo 9,"Heredia Quispe, Gianella Alessandra",Masculino,18,87,180,Ingeniería Química,3,5,5,12.41,Tercio medio,8,"Deportes de equipo (Fútbol, Básquet, Vóley, etc.)","En espacios públicos (parques, canchas, piscinas, etc.)",Colectiva,4,"Moderado: Podía hablar en frases cortas, pero me agitaba un poco y necesitaba respirar.",Noche,"Media: Tuve constancia por algunas semanas, pero con interrupciones frecuentes.",23,4,Bajo: Me distraigo con facilidad y me cuesta mantener la atención durante el estudio.,"Bebidas rehidratantes, Polvos Pre-Entreno",4,Ninguna en especial,7,Mala,Alto,Alto
27/4/2026 17:16:18,Grupo 6,"Aguilar Neciosup, Santiago",Masculino,27,62,166,Ciencias de la Computación,3,6,5,13,Tercio medio,2,Bailar,"En espacios públicos (parques, canchas, piscinas, etc.)",Individual,2,Alto: Me faltaba el aliento rápido y apenas podía decir unas pocas palabras sin parar a tomar aire.,Noche,"Media: Tuve constancia por algunas semanas, pero con interrupciones frecuentes.",24,16,"Medio: Logro concentrarme por períodos moderados, pero presento algunas distracciones.",Ninguno,3,Ninguna en especial,7,Regular,Alto,Moderado
27/4/2026 17:17:16,Grupo 6,"Vargas Saravia, Daniela Alessandra",Femenino,20,58,158,Ciencias de la Computación,7,6,6,14.06,Tercio,1,"Deportes aeróbicos (Correr, Nadar, Ciclismo)","En espacios públicos (parques, canchas, piscinas, etc.)",Individual,1,"Moderado: Podía hablar en frases cortas, pero me agitaba un poco y necesitaba respirar.",Noche,"Baja: Fui muy irregular, entrenando solo ocasionalmente.",29,12,"Medio: Logro concentrarme por períodos moderados, pero presento algunas distracciones.",Bebidas rehidratantes,3,Ninguna en especial,6,Regular,Alto,Muy alto
27/4/2026 17:17:22,Grupo 8,"Villalobos Carlos, Daniel Davis",Masculino,19,68,1.82,Ingeniería Mecatrónica,3,6,6,13.78,Tercio medio,14,"Entrenamiento en casa (Calistenia, Yoga, rutinas por video)",En casa,Individual,5,Alto: Me faltaba el aliento rápido y apenas podía decir unas pocas palabras sin parar a tomar aire.,Noche,Alta: Mantuve mi rutina de manera estricta y constante todo el ciclo.,20,10,Alto: Mantengo la concentración durante la mayor parte del tiempo sin distracciones significativas.,Bebidas energéticas,2,Ninguna en especial,5,Regular,Alto,Alto
27/4/2026 17:19:05,Grupo 6,"Vargas Saravia, Daniela Alessandra",Masculino,18,60,1.65,Ingeniería Electrónica,3,5,5,13,Tercio medio,1,Gimnasio / Levantamiento de pesas,En casa,Individual,3,Bajo: Podía mantener una conversación larga o cantar sin ningún esfuerzo,Noche,"Baja: Fui muy irregular, entrenando solo ocasionalmente.",20,15,"Medio: Logro concentrarme por períodos moderados, pero presento algunas distracciones.",Ninguno,4,Ninguna en especial,6,Mala,Moderado,Moderado
27/4/2026 17:23:04,Grupo 6,"Vargas Saravia, Daniela Alessandra",Femenino,19,62,165,Administración y Negocios Digitales,5,6,6,17.89,Décimo,10,"Entrenamiento en casa (Calistenia, Yoga, rutinas por video)",En casa,Individual,3,"Moderado: Podía hablar en frases cortas, pero me agitaba un poco y necesitaba respirar.",Noche,"Media: Tuve constancia por algunas semanas, pero con interrupciones frecuentes.",24,10,"Medio: Logro concentrarme por períodos moderados, pero presento algunas distracciones.",Bebidas energéticas,5,Ninguna en especial,5,Regular,Moderado,Muy alto
27/4/2026 17:24:09,Grupo 6,"Vargas Saravia, Daniela Alessandra",Femenino,19,58,1.6,Administración y Negocios Digitales,5,6,6,18.06,Décimo,1,"Entrenamiento en casa (Calistenia, Yoga, rutinas por video)",En casa,Individual,2,Bajo: Podía mantener una conversación larga o cantar sin ningún esfuerzo,Noche,"Baja: Fui muy irregular, entrenando solo ocasionalmente.",30,8,Alto: Mantengo la concentración durante la mayor parte del tiempo sin distracciones significativas.,Bebidas rehidratantes,4,Ninguna en especial,7,Regular,Bajo,Moderado
27/4/2026 17:25:26,Grupo 1,"Ormachea Mamani, Gabriel",Masculino,18,70,168,Ciencias de la Computación,3,8,8,14.36,Tercio medio,7,"Entrenamiento en casa (Calistenia, Yoga, rutinas por video)",En casa,Individual,7,"Moderado: Podía hablar en frases cortas, pero me agitaba un poco y necesitaba respirar.",Noche,Alta: Mantuve mi rutina de manera estricta y constante todo el ciclo.,20,7,Alto: Mantengo la concentración durante la mayor parte del tiempo sin distracciones significativas.,Ninguno,4,Ninguna en especial,5,Regular,Alto,Muy alto
27/4/2026 17:27:24,Grupo 1,"Momiy Nakama, Akio andres",Masculino,22,85,174,Bioingeniería,9,3,3,18.33,Tercio,4,Gimnasio / Levantamiento de pesas,En gimnasio,Individual,2,"Moderado: Podía hablar en frases cortas, pero me agitaba un poco y necesitaba respirar.",Tarde,"Media: Tuve constancia por algunas semanas, pero con interrupciones frecuentes.",14,8,"Medio: Logro concentrarme por períodos moderados, pero presento algunas distracciones.","Bebidas energéticas, Bebidas rehidratantes, Multivitamínicos y Minerales",2,Baja en carbohidratos,7,Buena,Alto,Alto
27/4/2026 17:28:33,Grupo 6,"Vargas Saravia, Daniela Alessandra",Masculino,23,72,176,Ciencias de la Computación,4,5,5,14,Tercio inferior,8,Gimnasio / Levantamiento de pesas,En gimnasio,Individual,5,Alto: Me faltaba el aliento rápido y apenas podía decir unas pocas palabras sin parar a tomar aire.,Mañana,Alta: Mantuve mi rutina de manera estricta y constante todo el ciclo.,35,8,"Medio: Logro concentrarme por períodos moderados, pero presento algunas distracciones.","Proteína en polvo (Whey, Vegana, Caseína), Creatina",5,Alta en proteínas,7,Buena,Moderado,Moderado
27/4/2026 17:29:39,Grupo 6,Ortiz Palomino Renzo Adriano,Masculino,20,85,189,Ciencias de la Computación,7,5,4,12.78,Tercio medio,28,Gimnasio / Levantamiento de pesas,En gimnasio,Individual,7,Bajo: Podía mantener una conversación larga o cantar sin ningún esfuerzo,Mañana,Alta: Mantuve mi rutina de manera estricta y constante todo el ciclo.,28,42,"Medio: Logro concentrarme por períodos moderados, pero presento algunas distracciones.","Bebidas energéticas, Bebidas rehidratantes",5,Ninguna en especial,5,Regular,Moderado,Moderado
27/4/2026 17:30:00,Grupo 6,"Vargas Saravia, Daniela Alessandra",Prefiero no decirlo / Otro,18,67,178,Ciencias de la Computación,3,6,5,15,Tercio medio,10,Gimnasio / Levantamiento de pesas,En gimnasio,Individual,4,"Moderado: Podía hablar en frases cortas, pero me agitaba un poco y necesitaba respirar.",Mañana,"Media: Tuve constancia por algunas semanas, pero con interrupciones frecuentes.",20,12,"Medio: Logro concentrarme por períodos moderados, pero presento algunas distracciones.","Bebidas energéticas, Proteína en polvo (Whey, Vegana, Caseína)",4,Ninguna en especial,6.5,Buena,Moderado,Moderado
27/4/2026 17:31:15,Grupo 6,"Carrasco Abarca, Franco Luciano Marcelo",Masculino,18,85,180,Ciencias de la Computación,3,6,5,14,Tercio medio,5,Gimnasio / Levantamiento de pesas,En casa,Individual,3,Bajo: Podía mantener una conversación larga o cantar sin ningún esfuerzo,Tarde,"Baja: Fui muy irregular, entrenando solo ocasionalmente.",12,6,"Medio: Logro concentrarme por períodos moderados, pero presento algunas distracciones.",Bebidas energéticas,2,Ninguna en especial,6,Mala,Moderado,Moderado
27/4/2026 17:35:17,Grupo 6,Ortiz Palomino Renzo Adriano,Masculino,17,60,1.62,Ingeniería Mecánica,2,6,6,14,Tercio inferior,5,Gimnasio / Levantamiento de pesas,En gimnasio,Individual,5,"Moderado: Podía hablar en frases cortas, pero me agitaba un poco y necesitaba respirar.",Tarde,"Media: Tuve constancia por algunas semanas, pero con interrupciones frecuentes.",6,1,Bajo: Me distraigo con facilidad y me cuesta mantener la atención durante el estudio.,Ninguno,3,Ninguna en especial,7,Muy mala,Muy alto,Muy alto
27/4/2026 17:41:12,Grupo 6,"Vargas Saravia, Daniela Alessandra",Masculino,21,54,168,Ciencia de Datos,9,6,6,14.32,Tercio medio,4,"Entrenamiento en casa (Calistenia, Yoga, rutinas por video)",En casa,Individual,2,"Moderado: Podía hablar en frases cortas, pero me agitaba un poco y necesitaba respirar.",Noche,"Media: Tuve constancia por algunas semanas, pero con interrupciones frecuentes.",30,20,"Medio: Logro concentrarme por períodos moderados, pero presento algunas distracciones.",Ninguno,4,Ninguna en especial,7,Buena,Alto,Alto
27/4/2026 17:43:33,Grupo 6,"Carrasco Abarca, Franco Luciano Marcelo",Masculino,25,67,164,Ingeniería Mecánica,5,4,4,14,Tercio medio,28,"Entrenamiento en casa (Calistenia, Yoga, rutinas por video)",En casa,Individual,6,Alto: Me faltaba el aliento rápido y apenas podía decir unas pocas palabras sin parar a tomar aire.,Mañana,Alta: Mantuve mi rutina de manera estricta y constante todo el ciclo.,16,28,"Medio: Logro concentrarme por períodos moderados, pero presento algunas distracciones.",Ninguno,4,Ninguna en especial,6,Regular,Muy alto,Muy alto
27/4/2026 17:43:51,Grupo 6,"Vargas Saravia, Daniela Alessandra",Femenino,24,59,1.6,Administración y Negocios Digitales,9,7,6,15,Tercio medio,0,Gimnasio / Levantamiento de pesas,En instalaciones de la universidad,Individual,2,"Moderado: Podía hablar en frases cortas, pero me agitaba un poco y necesitaba respirar.",Tarde,"Media: Tuve constancia por algunas semanas, pero con interrupciones frecuentes.",8,6,"Medio: Logro concentrarme por períodos moderados, pero presento algunas distracciones.","Bebidas energéticas, Bebidas rehidratantes",3,Baja en carbohidratos,5,Regular,Alto,Moderado
27/4/2026 17:44:48,Grupo 6,"Vargas Saravia, Daniela Alessandra",Masculino,24,78,174,Administración y Negocios Digitales,9,6,6,15.8,Tercio,6,Tiro con arco,Otros,Individual,3,"Moderado: Podía hablar en frases cortas, pero me agitaba un poco y necesitaba respirar.",Noche,"Media: Tuve constancia por algunas semanas, pero con interrupciones frecuentes.",2,4,"Medio: Logro concentrarme por períodos moderados, pero presento algunas distracciones.",Bebidas energéticas,3,Ninguna en especial,7,Buena,Moderado,Moderado
27/4/2026 17:45:16,Grupo 6,"Vargas Saravia, Daniela Alessandra",Masculino,22,54,170,Ingeniería Industrial,10,3,3,14.83,Tercio,6,Gimnasio / Levantamiento de pesas,En gimnasio,Individual,4,"Moderado: Podía hablar en frases cortas, pero me agitaba un poco y necesitaba respirar.",Noche,"Media: Tuve constancia por algunas semanas, pero con interrupciones frecuentes.",6,6,Alto: Mantengo la concentración durante la mayor parte del tiempo sin distracciones significativas.,Creatina,3,Baja en carbohidratos,6,Mala,Alto,Muy alto
27/4/2026 17:45:21,Grupo 6,"Vargas Saravia, Daniela Alessandra",Femenino,21,72,75,Sistemas de la Información,7,5,5,14,Tercio medio,10,"Deportes de equipo (Fútbol, Básquet, Vóley, etc.)",Otros,Colectiva,5,Alto: Me faltaba el aliento rápido y apenas podía decir unas pocas palabras sin parar a tomar aire.,Noche,Alta: Mantuve mi rutina de manera estricta y constante todo el ciclo.,8,4,Alto: Mantengo la concentración durante la mayor parte del tiempo sin distracciones significativas.,"Proteína en polvo (Whey, Vegana, Caseína)",4,Ninguna en especial,6,Buena,Alto,Moderado
27/4/2026 17:45:33,Grupo 6,"Carrasco Abarca, Franco Luciano Marcelo",Masculino,19,58,173,Ingeniería Civil,5,6,5,15.69,Tercio,4,"Deportes de equipo (Fútbol, Básquet, Vóley, etc.)","En espacios públicos (parques, canchas, piscinas, etc.)",Colectiva,4,"Moderado: Podía hablar en frases cortas, pero me agitaba un poco y necesitaba respirar.",Noche,"Media: Tuve constancia por algunas semanas, pero con interrupciones frecuentes.",6,10,"Medio: Logro concentrarme por períodos moderados, pero presento algunas distracciones.","Bebidas energéticas, Bebidas rehidratantes",3,Ninguna en especial,7,Regular,Moderado,Moderado
27/4/2026 17:45:59,Grupo 9,"Baca Herrera, Valentino Alejandro",Masculino,21,89,178,Ingeniería Electrónica,8,6,6,15.32,Tercio medio,10,"Deportes de equipo (Fútbol, Básquet, Vóley, etc.)",En gimnasio,Colectiva,5,"Moderado: Podía hablar en frases cortas, pero me agitaba un poco y necesitaba respirar.",Mañana,Alta: Mantuve mi rutina de manera estricta y constante todo el ciclo.,4,8,Alto: Mantengo la concentración durante la mayor parte del tiempo sin distracciones significativas.,"Bebidas energéticas, Creatina",4,Ninguna en especial,8,Regular,Alto,Alto
27/4/2026 17:47:05,Grupo 6,Ortiz Palomino Renzo Adriano,Femenino,23,50,146,Ingeniría de la Energía,8,7,7,13,Décimo,2,Caminar,Otros,Individual,7,Bajo: Podía mantener una conversación larga o cantar sin ningún esfuerzo,Mañana,"Baja: Fui muy irregular, entrenando solo ocasionalmente.",20,12,"Medio: Logro concentrarme por períodos moderados, pero presento algunas distracciones.",Ninguno,2,Ninguna en especial,5,Mala,Muy alto,Muy alto
27/4/2026 17:47:36,Grupo 6,Ortiz Palomino Renzo Adriano,Masculino,18,62,175.5,Ciencias de la Computación,3,6,6,16.69,Quinto,5,"Deportes aeróbicos (Correr, Nadar, Ciclismo)","En espacios públicos (parques, canchas, piscinas, etc.)",Individual,3,"Moderado: Podía hablar en frases cortas, pero me agitaba un poco y necesitaba respirar.",Tarde,"Media: Tuve constancia por algunas semanas, pero con interrupciones frecuentes.",24,28,"Medio: Logro concentrarme por períodos moderados, pero presento algunas distracciones.","Bebidas energéticas, Multivitamínicos y Minerales",5,Ninguna en especial,7,Regular,Alto,Muy alto
27/4/2026 17:48:03,Grupo 6,Ortiz Palomino Renzo Adriano,Masculino,18,50,169.9,Ingeniería Electrónica,3,6,6,16.1,Quinto,0,No realizo actividad fisica,,,,,,,22,6,"Medio: Logro concentrarme por períodos moderados, pero presento algunas distracciones.",Ninguno,3,Ninguna en especial,8,Muy buena,Muy alto,Moderado
27/4/2026 17:51:24,Grupo 6,"Carrasco Abarca, Franco Luciano Marcelo",Masculino,22,65,170,Ingeniría de la Energía,9,5,5,17.4,Décimo,8,Gimnasio / Levantamiento de pesas,En gimnasio,Individual,4,"Moderado: Podía hablar en frases cortas, pero me agitaba un poco y necesitaba respirar.",Mañana,"Media: Tuve constancia por algunas semanas, pero con interrupciones frecuentes.",17,8,"Medio: Logro concentrarme por períodos moderados, pero presento algunas distracciones.","Bebidas energéticas, Bebidas rehidratantes",3,Alta en proteínas,5,Regular,Moderado,Moderado
27/4/2026 17:52:06,Grupo 6,Ortiz Palomino Renzo Adriano,Femenino,21,47,157,Bioingeniería,6,7,7,14,Quinto,1,No realizo actividad fisica,,,,,,,20,4,"Medio: Logro concentrarme por períodos moderados, pero presento algunas distracciones.",Bebidas energéticas,4,Ninguna en especial,6,Mala,Alto,Alto
27/4/2026 17:52:26,Grupo 6,"Carrasco Abarca, Franco Luciano Marcelo",Femenino,21,60,158,Bioingeniería,7,7,7,15,Tercio,8,Gimnasio / Levantamiento de pesas,En gimnasio,Individual,2,"Moderado: Podía hablar en frases cortas, pero me agitaba un poco y necesitaba respirar.",Noche,"Media: Tuve constancia por algunas semanas, pero con interrupciones frecuentes.",6,3,"Medio: Logro concentrarme por períodos moderados, pero presento algunas distracciones.","Bebidas energéticas, Bebidas rehidratantes",4,Ninguna en especial,8,Buena,Moderado,Bajo
27/4/2026 18:05:32,Grupo 6,Ortiz Palomino Renzo Adriano,Femenino,19,55,157,Ingeniería Ambiental,5,6,5,14,Tercio inferior,0,"Deportes aeróbicos (Correr, Nadar, Ciclismo)",En casa,Individual,2,"Moderado: Podía hablar en frases cortas, pero me agitaba un poco y necesitaba respirar.",Tarde,"Media: Tuve constancia por algunas semanas, pero con interrupciones frecuentes.",20,200,Bajo: Me distraigo con facilidad y me cuesta mantener la atención durante el estudio.,Bebidas rehidratantes,2,Ninguna en especial,1737,Regular,Bajo,Muy bajo
27/4/2026 18:07:48,Grupo 6,"Carrasco Abarca, Franco Luciano Marcelo",Femenino,20,55,150,Bioingeniería,8,7,7,16,Tercio,0,No realizo actividad fisica,,,,,,,28,8,"Medio: Logro concentrarme por períodos moderados, pero presento algunas distracciones.",Bebidas rehidratantes,5,Ninguna en especial,8,Muy mala,Moderado,Moderado
27/4/2026 18:08:37,Grupo 6,"Vargas Saravia, Daniela Alessandra",Masculino,22,86,184,Ingeniería Civil,8,6,5,14,Tercio,10,Gimnasio / Levantamiento de pesas,En gimnasio,Individual,5,Bajo: Podía mantener una conversación larga o cantar sin ningún esfuerzo,Tarde,Alta: Mantuve mi rutina de manera estricta y constante todo el ciclo.,20,10,"Medio: Logro concentrarme por períodos moderados, pero presento algunas distracciones.","Multivitamínicos y Minerales, Polvos Pre-Entreno, Proteína en polvo (Whey, Vegana, Caseína), Creatina",3,Alta en proteínas,7.5,Buena,Bajo,Moderado
27/4/2026 18:15:22,Grupo 6,"Vargas Saravia, Daniela Alessandra",Masculino,20,58,1.67,Ciencias de la Computación,5,6,6,16,Tercio,4,"Deportes de equipo (Fútbol, Básquet, Vóley, etc.)","En espacios públicos (parques, canchas, piscinas, etc.)",Colectiva,2,Alto: Me faltaba el aliento rápido y apenas podía decir unas pocas palabras sin parar a tomar aire.,Tarde,Alta: Mantuve mi rutina de manera estricta y constante todo el ciclo.,40,14,"Medio: Logro concentrarme por períodos moderados, pero presento algunas distracciones.",Ninguno,3,Ninguna en especial,5,Regular,Alto,Alto
27/4/2026 18:15:30,Grupo 6,"Vargas Saravia, Daniela Alessandra",Masculino,20,60,170,Ciencias de la Computación,6,6,6,14,Quinto,4,"Entrenamiento en casa (Calistenia, Yoga, rutinas por video)",En casa,Colectiva,3,"Moderado: Podía hablar en frases cortas, pero me agitaba un poco y necesitaba respirar.",Noche,"Media: Tuve constancia por algunas semanas, pero con interrupciones frecuentes.",40,7,"Medio: Logro concentrarme por períodos moderados, pero presento algunas distracciones.",Ninguno,4,Ninguna en especial,4,Mala,Moderado,Alto
27/4/2026 18:23:54,Grupo 6,"Carrasco Abarca, Franco Luciano Marcelo",Femenino,20,46,1.55,Ingeniería Civil,6,5,5,14,Quinto,6,"Entrenamiento en casa (Calistenia, Yoga, rutinas por video)",En gimnasio,Individual,4,"Moderado: Podía hablar en frases cortas, pero me agitaba un poco y necesitaba respirar.",Noche,"Media: Tuve constancia por algunas semanas, pero con interrupciones frecuentes.",16,15,Alto: Mantengo la concentración durante la mayor parte del tiempo sin distracciones significativas.,Bebidas rehidratantes,5,Ninguna en especial,6,Regular,Alto,Moderado
27/4/2026 18:26:59,Grupo 6,"Carrasco Abarca, Franco Luciano Marcelo",Masculino,20,53,1.65,Ingeniería Mecatrónica,6,3,3,15,Décimo,5,No realizo actividad fisica,,,,,,,7,10,Bajo: Me distraigo con facilidad y me cuesta mantener la atención durante el estudio.,Ninguno,3,Ninguna en especial,9,Mala,Moderado,Moderado
27/4/2026 18:29:33,Grupo 6,"Carrasco Abarca, Franco Luciano Marcelo",Femenino,19,60,1.6,Administración y Negocios Digitales,2,7,7,17.4,Tercio,2,"Entrenamiento en casa (Calistenia, Yoga, rutinas por video)",En casa,Individual,2,"Moderado: Podía hablar en frases cortas, pero me agitaba un poco y necesitaba respirar.",Mañana,"Baja: Fui muy irregular, entrenando solo ocasionalmente.",10,5,"Medio: Logro concentrarme por períodos moderados, pero presento algunas distracciones.",Bebidas rehidratantes,4,Ninguna en especial,8,Buena,Alto,Alto
27/4/2026 18:29:42,Grupo 6,"Carrasco Abarca, Franco Luciano Marcelo",Femenino,19,89,170,Administración y Negocios Digitales,2,0,7,15,Tercio medio,10,Gimnasio / Levantamiento de pesas,En gimnasio,Individual,5,"Moderado: Podía hablar en frases cortas, pero me agitaba un poco y necesitaba respirar.",Noche,Alta: Mantuve mi rutina de manera estricta y constante todo el ciclo.,10,6,"Medio: Logro concentrarme por períodos moderados, pero presento algunas distracciones.",Ninguno,3,Ninguna en especial,10,Muy buena,Alto,Moderado
27/4/2026 18:39:01,Grupo 1,"Momiy Nakama, Akio andres",Femenino,22,58.3,1.52,Bioingeniería,8,5,5,12.9,Décimo,1,No realizo actividad fisica,,,,,,,22,45,"Medio: Logro concentrarme por períodos moderados, pero presento algunas distracciones.",Bebidas energéticas,2,Ninguna en especial,5,Regular,Moderado,Moderado
27/4/2026 20:25:52,Grupo 5,"Reyes Neyra, Mariel Azucena",Masculino,19,85,165,Ciencias de la Computación,5,6,6,20,Décimo,20,Gimnasio / Levantamiento de pesas,En gimnasio,Individual,7,"Moderado: Podía hablar en frases cortas, pero me agitaba un poco y necesitaba respirar.",Mañana,Alta: Mantuve mi rutina de manera estricta y constante todo el ciclo.,30,45,Alto: Mantengo la concentración durante la mayor parte del tiempo sin distracciones significativas.,"Bebidas energéticas, Proteína en polvo (Whey, Vegana, Caseína), Creatina",3,Alta en proteínas,8,Buena,Moderado,Bajo
27/4/2026 20:36:52,Grupo 8,"Villalobos Carlos, Daniel Davis",Masculino,21,86,183,Ciencias de la Computación,6,5,3,12.27,Tercio inferior,0,No realizo actividad fisica,,,,,,,25,8,"Medio: Logro concentrarme por períodos moderados, pero presento algunas distracciones.",Ninguno,3,Ninguna en especial,6,Regular,Muy alto,Moderado
27/4/2026 20:56:15,Grupo 3,"Arriarán Panez, Sebastián André",Masculino,19,80,173,Sistemas de la Información,4,5,4,13.8,Décimo,0,No realizo actividad fisica,,,,,,,24,10,Bajo: Me distraigo con facilidad y me cuesta mantener la atención durante el estudio.,Ninguno,3,Ninguna en especial,6,Mala,Alto,Muy alto
27/4/2026 21:14:55,Grupo 3,"Arriarán Panez, Sebastián André",Femenino,19,50,1.52,Sistemas de la Información,5,5,5,15.8,Tercio,0,No realizo actividad fisica,,,,,,,19,21,"Medio: Logro concentrarme por períodos moderados, pero presento algunas distracciones.",Ninguno,3,Baja en carbohidratos,4,Mala,Moderado,Alto
27/4/2026 21:57:37,Grupo 1,"Momiy Nakama, Akio andres",Masculino,26,81,171,Ingeniería Electrónica,9,4,4,18.33,Décimo,6,"Deportes aeróbicos (Correr, Nadar, Ciclismo)","En espacios públicos (parques, canchas, piscinas, etc.)",Colectiva,3,"Moderado: Podía hablar en frases cortas, pero me agitaba un poco y necesitaba respirar.",Mañana,"Media: Tuve constancia por algunas semanas, pero con interrupciones frecuentes.",30,15,"Medio: Logro concentrarme por períodos moderados, pero presento algunas distracciones.",Ninguno,2,Ninguna en especial,4,Regular,Moderado,Alto
27/4/2026 22:41:28,Grupo 5,"Reyes Neyra, Mariel Azucena",Masculino,18,75,170,Ingeniería Mecatrónica,3,7,6,13,Tercio,10,"Deportes aeróbicos (Correr, Nadar, Ciclismo)",Otros,Individual,4,"Moderado: Podía hablar en frases cortas, pero me agitaba un poco y necesitaba respirar.",Mañana,"Baja: Fui muy irregular, entrenando solo ocasionalmente.",15,16,"Medio: Logro concentrarme por períodos moderados, pero presento algunas distracciones.","Bebidas rehidratantes, Ninguno",4,Ninguna en especial,6,Regular,Moderado,Moderado
27/4/2026 22:44:29,Grupo 5,"Reyes Neyra, Mariel Azucena",Masculino,18,70,160,Ingeniería Mecánica,3,6,4,11,Tercio,3,"Deportes de equipo (Fútbol, Básquet, Vóley, etc.)","En espacios públicos (parques, canchas, piscinas, etc.)",Colectiva,3,"Moderado: Podía hablar en frases cortas, pero me agitaba un poco y necesitaba respirar.",Tarde,"Media: Tuve constancia por algunas semanas, pero con interrupciones frecuentes.",5,5,"Medio: Logro concentrarme por períodos moderados, pero presento algunas distracciones.",Ninguno,4,Alta en proteínas,6,Mala,Alto,Alto
27/4/2026 22:52:24,Grupo 5,"Reyes Neyra, Mariel Azucena",Masculino,19,56,1.72,Administración y Negocios Digitales,2,0,5,15,Tercio medio,4,Gimnasio / Levantamiento de pesas,"En espacios públicos (parques, canchas, piscinas, etc.)",Individual,4,Alto: Me faltaba el aliento rápido y apenas podía decir unas pocas palabras sin parar a tomar aire.,Tarde,"Media: Tuve constancia por algunas semanas, pero con interrupciones frecuentes.",24,34,"Medio: Logro concentrarme por períodos moderados, pero presento algunas distracciones.",Bebidas energéticas,2,Ninguna en especial,4,Muy mala,Muy alto,Muy alto
28/4/2026 8:24:16,Grupo 6,"Vargas Saravia, Daniela Alessandra",Masculino,22,83,175,Ingeniería Mecatrónica,10,3,3,16,Tercio,4,Caminata,"En espacios públicos (parques, canchas, piscinas, etc.)",Individual,5,"Moderado: Podía hablar en frases cortas, pero me agitaba un poco y necesitaba respirar.",Mañana,"Baja: Fui muy irregular, entrenando solo ocasionalmente.",14,20,Alto: Mantengo la concentración durante la mayor parte del tiempo sin distracciones significativas.,Multivitamínicos y Minerales,4,Ninguna en especial,7,Buena,Moderado,Bajo
28/4/2026 9:10:15,Grupo 7,"Díaz Carrión, Gabriel Marcelo",Femenino,18,50.5,150,Ciencias de la Computación,3,6,6,17.1,Tercio,7,Artes marciales / Deportes de contacto,"En espacios públicos (parques, canchas, piscinas, etc.)",Individual,3,"Moderado: Podía hablar en frases cortas, pero me agitaba un poco y necesitaba respirar.",Noche,"Media: Tuve constancia por algunas semanas, pero con interrupciones frecuentes.",50,28,Alto: Mantengo la concentración durante la mayor parte del tiempo sin distracciones significativas.,Ninguno,3,Ninguna en especial,6,Mala,Moderado,Muy alto
28/4/2026 9:50:46,Grupo 6,Diego Alonso Barturen Torres,Femenino,21,53,156,Ingeniería Civil,10,5,5,15.94,Quinto,1,"Entrenamiento en casa (Calistenia, Yoga, rutinas por video)","En espacios públicos (parques, canchas, piscinas, etc.)",Colectiva,1,"Moderado: Podía hablar en frases cortas, pero me agitaba un poco y necesitaba respirar.",Mañana,"Baja: Fui muy irregular, entrenando solo ocasionalmente.",20,4,"Medio: Logro concentrarme por períodos moderados, pero presento algunas distracciones.","Bebidas energéticas, Multivitamínicos y Minerales",4,Ninguna en especial,5,Regular,Alto,Muy alto
28/4/2026 11:08:50,Grupo 1,"Lopez Cueto, Camila Alejandra",Femenino,19,55,1.58,Ingeniería Mecatrónica,2,7,6,14.5,Quinto,3,"Entrenamiento en casa (Calistenia, Yoga, rutinas por video)",En casa,Individual,1,"Moderado: Podía hablar en frases cortas, pero me agitaba un poco y necesitaba respirar.",Tarde,"Baja: Fui muy irregular, entrenando solo ocasionalmente.",26,7,"Medio: Logro concentrarme por períodos moderados, pero presento algunas distracciones.",Multivitamínicos y Minerales,3,Ninguna en especial,4,Mala,Alto,Alto
28/4/2026 11:18:49,Grupo 8,"Huertos Ochoa, Rodrigo Franco",Masculino,18,75,187,Bioingeniería,2,0,0,1,Décimo,20,Gimnasio / Levantamiento de pesas,En gimnasio,Individual,4,Alto: Me faltaba el aliento rápido y apenas podía decir unas pocas palabras sin parar a tomar aire.,Tarde,Alta: Mantuve mi rutina de manera estricta y constante todo el ciclo.,20,10,"Medio: Logro concentrarme por períodos moderados, pero presento algunas distracciones.","Bebidas energéticas, Creatina",6,Ninguna en especial,7,Buena,Muy alto,Muy alto
28/4/2026 11:19:03,Grupo 8,"Villalobos Carlos, Daniel Davis",Femenino,19,74,1.7,Ingeniería Mecatrónica,7,6,6,15.6,Quinto,10,Gimnasio / Levantamiento de pesas,En gimnasio,Individual,4,"Moderado: Podía hablar en frases cortas, pero me agitaba un poco y necesitaba respirar.",Mañana,"Media: Tuve constancia por algunas semanas, pero con interrupciones frecuentes.",8,10,Alto: Mantengo la concentración durante la mayor parte del tiempo sin distracciones significativas.,"Bebidas energéticas, Bebidas rehidratantes",3,Ninguna en especial,7,Regular,Alto,Alto
28/4/2026 11:20:17,Grupo 8,"Villalobos Carlos, Daniel Davis",Masculino,20,72,1.7,Ingeniería Mecatrónica,7,6,4,14.3,Tercio inferior,8,"Deportes de equipo (Fútbol, Básquet, Vóley, etc.)","En espacios públicos (parques, canchas, piscinas, etc.)",Colectiva,3,Bajo: Podía mantener una conversación larga o cantar sin ningún esfuerzo,Mañana,"Media: Tuve constancia por algunas semanas, pero con interrupciones frecuentes.",16,5,"Medio: Logro concentrarme por períodos moderados, pero presento algunas distracciones.",Ninguno,3,Ninguna en especial,7,Regular,Moderado,Alto
28/4/2026 11:22:27,Grupo 8,"Huertos Ochoa, Rodrigo Franco",Masculino,19,65,1.8,Ingeniería Mecánica,2,6,6,18,Décimo,7,"Deportes de equipo (Fútbol, Básquet, Vóley, etc.)",En casa,Individual,4,"Moderado: Podía hablar en frases cortas, pero me agitaba un poco y necesitaba respirar.",Noche,"Media: Tuve constancia por algunas semanas, pero con interrupciones frecuentes.",20,60,Alto: Mantengo la concentración durante la mayor parte del tiempo sin distracciones significativas.,"Bebidas energéticas, Bebidas rehidratantes, Multivitamínicos y Minerales, Polvos Pre-Entreno, Proteína en polvo (Whey, Vegana, Caseína), Mass gainers, Creatina",4,Alta en proteínas,7,Regular,Moderado,Moderado
28/4/2026 11:25:04,Grupo 8,"Huertos Ochoa, Rodrigo Franco",Femenino,16,60,165,Ingeniería Mecánica,2,6,6,20,Décimo,3,Artes marciales / Deportes de contacto,En gimnasio,Colectiva,3,"Moderado: Podía hablar en frases cortas, pero me agitaba un poco y necesitaba respirar.",Noche,"Media: Tuve constancia por algunas semanas, pero con interrupciones frecuentes.",15,3,Alto: Mantengo la concentración durante la mayor parte del tiempo sin distracciones significativas.,"Bebidas energéticas, Bebidas rehidratantes, Multivitamínicos y Minerales, Polvos Pre-Entreno, Proteína en polvo (Whey, Vegana, Caseína), Mass gainers, Creatina, Ninguno",4,Alta en proteínas,4,Muy mala,Alto,Muy alto
28/4/2026 11:25:10,Grupo 8,"Villalobos Carlos, Daniel Davis",Masculino,19,80,175,Ingeniería Mecatrónica,5,6,6,14.5,Quinto,4,"Entrenamiento en casa (Calistenia, Yoga, rutinas por video)",En gimnasio,Individual,2,"Moderado: Podía hablar en frases cortas, pero me agitaba un poco y necesitaba respirar.",Mañana,"Media: Tuve constancia por algunas semanas, pero con interrupciones frecuentes.",16,4,"Medio: Logro concentrarme por períodos moderados, pero presento algunas distracciones.",Ninguno,4,Ninguna en especial,8,Buena,Moderado,Bajo
28/4/2026 11:27:46,Grupo 7,"Arica Reyes, Ady Gabriela",Femenino,21,60,150,Bioingeniería,6,5,5,16.25,Tercio,1,Zumba,En instalaciones de la universidad,Colectiva,1,Bajo: Podía mantener una conversación larga o cantar sin ningún esfuerzo,Tarde,"Baja: Fui muy irregular, entrenando solo ocasionalmente.",34,3,Bajo: Me distraigo con facilidad y me cuesta mantener la atención durante el estudio.,Ninguno,4,Ninguna en especial,10,Mala,Moderado,Muy alto
28/4/2026 11:29:26,Grupo 8,"Villalobos Carlos, Daniel Davis",Femenino,23,47,1.54,Ingeniería Industrial,8,5,4,13,Tercio medio,0,No realizo actividad fisica,,,,,,,20,12,"Medio: Logro concentrarme por períodos moderados, pero presento algunas distracciones.",Ninguno,4,Ninguna en especial,7,Regular,Alto,Alto
28/4/2026 11:31:45,Grupo 8,"Villalobos Carlos, Daniel Davis",Masculino,22,71,174,Ciencias de la Computación,7,6,6,16,Quinto,7,Artes marciales / Deportes de contacto,Otros,Individual,2,"Moderado: Podía hablar en frases cortas, pero me agitaba un poco y necesitaba respirar.",Noche,"Media: Tuve constancia por algunas semanas, pero con interrupciones frecuentes.",24,1,"Medio: Logro concentrarme por períodos moderados, pero presento algunas distracciones.",Ninguno,4,Ninguna en especial,6,Regular,Bajo,Moderado
28/4/2026 11:32:17,Grupo 8,"Huertos Ochoa, Rodrigo Franco",Masculino,18,80,174,Ingeniería Mecánica,2,6,6,20,Décimo,2,Artes marciales / Deportes de contacto,En gimnasio,Individual,3,"Moderado: Podía hablar en frases cortas, pero me agitaba un poco y necesitaba respirar.",Noche,"Media: Tuve constancia por algunas semanas, pero con interrupciones frecuentes.",18,5,"Medio: Logro concentrarme por períodos moderados, pero presento algunas distracciones.","Bebidas energéticas, Bebidas rehidratantes, Multivitamínicos y Minerales, Polvos Pre-Entreno, Proteína en polvo (Whey, Vegana, Caseína), Mass gainers, Creatina, Aminoácidos, termogénicos.",4,Alta en proteínas,7,Regular,Moderado,Moderado
28/4/2026 11:32:23,Grupo 8,"Huertos Ochoa, Rodrigo Franco",Masculino,18,61,169,Ingeniería Mecatrónica,2,10,1,13,Tercio,20,"Deportes de equipo (Fútbol, Básquet, Vóley, etc.)","En espacios públicos (parques, canchas, piscinas, etc.)",Individual,4,"Moderado: Podía hablar en frases cortas, pero me agitaba un poco y necesitaba respirar.",Tarde,"Media: Tuve constancia por algunas semanas, pero con interrupciones frecuentes.",6,8,"Medio: Logro concentrarme por períodos moderados, pero presento algunas distracciones.","Bebidas energéticas, Bebidas rehidratantes, Multivitamínicos y Minerales, Polvos Pre-Entreno, Proteína en polvo (Whey, Vegana, Caseína), Mass gainers, Creatina",4,Alta en proteínas,7,Regular,Moderado,Moderado
28/4/2026 11:36:07,Grupo 1,"Lopez Cueto, Camila Alejandra",Masculino,18,56,160,Ciencias de la Computación,2,6,5,12.58,Tercio inferior,0,No realizo actividad fisica,,,,,,,30,2,Bajo: Me distraigo con facilidad y me cuesta mantener la atención durante el estudio.,Ninguno,5,Ninguna en especial,4,Muy mala,Moderado,Moderado
28/4/2026 12:03:58,Grupo 2,"Guerrero Cedrón, Antonio Jorge",Masculino,20,108,187,Ciencias de la Computación,7,6,6,14.09,Tercio medio,6,Gimnasio / Levantamiento de pesas,En gimnasio,Individual,3,Alto: Me faltaba el aliento rápido y apenas podía decir unas pocas palabras sin parar a tomar aire.,Mañana,"Baja: Fui muy irregular, entrenando solo ocasionalmente.",22,8,"Medio: Logro concentrarme por períodos moderados, pero presento algunas distracciones.","Bebidas energéticas, Bebidas rehidratantes",5,Ninguna en especial,7,Mala,Alto,Moderado
28/4/2026 12:44:05,Grupo 8,"Villalobos Carlos, Daniel Davis",Femenino,25,80,167,Ciencia de Datos,Más de 10,4,4,16,Décimo,0,No realizo actividad fisica,,,,,,,12,10,"Medio: Logro concentrarme por períodos moderados, pero presento algunas distracciones.",Ninguno,6,Ninguna en especial,5,Mala,Muy alto,Alto
28/4/2026 12:56:41,Grupo 8,"Villalobos Carlos, Daniel Davis",Prefiero no decirlo / Otro,20,57,168,Ingeniería Electrónica,5,5,5,13.1,Tercio,3,"Deportes de equipo (Fútbol, Básquet, Vóley, etc.)",En instalaciones de la universidad,Colectiva,2,"Moderado: Podía hablar en frases cortas, pero me agitaba un poco y necesitaba respirar.",Tarde,"Media: Tuve constancia por algunas semanas, pero con interrupciones frecuentes.",7,3,Bajo: Me distraigo con facilidad y me cuesta mantener la atención durante el estudio.,"Bebidas energéticas, Bebidas rehidratantes",2,Ninguna en especial,6,Regular,Moderado,Alto
28/4/2026 12:56:55,Grupo 8,"Huertos Ochoa, Rodrigo Franco",Masculino,23,59,160,Ingeniería Mecatrónica,8,6,4,14,Tercio medio,6,"Deportes aeróbicos (Correr, Nadar, Ciclismo)","En espacios públicos (parques, canchas, piscinas, etc.)",Individual,6,Bajo: Podía mantener una conversación larga o cantar sin ningún esfuerzo,Noche,"Baja: Fui muy irregular, entrenando solo ocasionalmente.",13,9,"Medio: Logro concentrarme por períodos moderados, pero presento algunas distracciones.",Ninguno,3,Ninguna en especial,7,Regular,Alto,Alto
28/4/2026 13:00:51,Grupo 8,"Huertos Ochoa, Rodrigo Franco",Masculino,26,79,162,Ingeniería Mecatrónica,5,0,0,20,Décimo,2,"Entrenamiento en casa (Calistenia, Yoga, rutinas por video)",En casa,Individual,7,"Moderado: Podía hablar en frases cortas, pero me agitaba un poco y necesitaba respirar.",Mañana,Alta: Mantuve mi rutina de manera estricta y constante todo el ciclo.,0,2,"Medio: Logro concentrarme por períodos moderados, pero presento algunas distracciones.",Ninguno,3,Baja en carbohidratos,6.5,Buena,Bajo,Bajo
28/4/2026 13:11:09,Grupo 8,"Villalobos Carlos, Daniel Davis",Femenino,22,55,158,Bioingeniería,7,7,8,16.23,Tercio,4,Gimnasio / Levantamiento de pesas,En gimnasio,Colectiva,2,Bajo: Podía mantener una conversación larga o cantar sin ningún esfuerzo,Noche,"Baja: Fui muy irregular, entrenando solo ocasionalmente.",30,20,Alto: Mantengo la concentración durante la mayor parte del tiempo sin distracciones significativas.,Multivitamínicos y Minerales,4,,6,Regular,Moderado,Muy alto
28/4/2026 14:09:15,Grupo 5,"Cabanillas Ventocilla, Abigail Jaslin",Femenino,19,90,1.67,Ingeniería Mecatrónica,4,7,5,13.22,Tercio inferior,3,"Entrenamiento en casa (Calistenia, Yoga, rutinas por video)",En casa,Individual,3,Bajo: Podía mantener una conversación larga o cantar sin ningún esfuerzo,Tarde,"Baja: Fui muy irregular, entrenando solo ocasionalmente.",28,4,Bajo: Me distraigo con facilidad y me cuesta mantener la atención durante el estudio.,Ninguno,5,Ninguna en especial,5,Mala,Muy alto,Alto
28/4/2026 14:09:44,Grupo 5,"Cabanillas Ventocilla, Abigail Jaslin",Masculino,20,70,1.8,Ingeniería Mecánica,4,4,2,11,Tercio inferior,2,"Entrenamiento en casa (Calistenia, Yoga, rutinas por video)",En casa,Individual,3,"Moderado: Podía hablar en frases cortas, pero me agitaba un poco y necesitaba respirar.",Tarde,"Baja: Fui muy irregular, entrenando solo ocasionalmente.",24,6,"Medio: Logro concentrarme por períodos moderados, pero presento algunas distracciones.","Bebidas energéticas, Bebidas rehidratantes",3,Baja en carbohidratos,6,Buena,Muy alto,Muy alto
28/4/2026 14:11:06,Grupo 5,"Cabanillas Ventocilla, Abigail Jaslin",Femenino,19,56,1.63,Ingeniería Mecatrónica,5,6,2,9.7,Tercio inferior,10,Artes marciales / Deportes de contacto,En instalaciones de la universidad,Individual,5,Bajo: Podía mantener una conversación larga o cantar sin ningún esfuerzo,Mañana,Alta: Mantuve mi rutina de manera estricta y constante todo el ciclo.,24,2,"Medio: Logro concentrarme por períodos moderados, pero presento algunas distracciones.",Ninguno,5,Ninguna en especial,6,Regular,Alto,Moderado
28/4/2026 14:14:04,Grupo 5,"Reyes Neyra, Mariel Azucena",Masculino,19,90,165,Ingeniería Mecánica,3,8,6,13,Quinto,2,No realizo actividad fisica,,,,,,,24,3,Bajo: Me distraigo con facilidad y me cuesta mantener la atención durante el estudio.,Ninguno,2,Ninguna en especial,5,Regular,Bajo,Bajo
28/4/2026 14:14:19,Grupo 5,"Arica Reyes, Ady Gabriela",Femenino,19,60,162,Ingeniería Química,6,5,5,16.56,Décimo,5,Baile,"En espacios públicos (parques, canchas, piscinas, etc.)",Colectiva,2,"Moderado: Podía hablar en frases cortas, pero me agitaba un poco y necesitaba respirar.",Tarde,Alta: Mantuve mi rutina de manera estricta y constante todo el ciclo.,24,6,"Medio: Logro concentrarme por períodos moderados, pero presento algunas distracciones.",Ninguno,4,Ninguna en especial,6,Buena,Moderado,Bajo
28/4/2026 14:14:20,Grupo 5,"Arica Reyes, Ady Gabriela",Femenino,21,59,162,Ingeniería Química,6,5,5,16.5,Décimo,2,Baile,Otros,Colectiva,1,"Moderado: Podía hablar en frases cortas, pero me agitaba un poco y necesitaba respirar.",Noche,"Media: Tuve constancia por algunas semanas, pero con interrupciones frecuentes.",25,6,Alto: Mantengo la concentración durante la mayor parte del tiempo sin distracciones significativas.,Ninguno,4,Ninguna en especial,6,Buena,Moderado,Moderado
28/4/2026 14:14:27,Grupo 5,"Reyes Neyra, Mariel Azucena",Masculino,20,75,1.73,Ciencias de la Computación,4,6,6,13,Tercio medio,2,No realizo actividad fisica,,,,,,,24,12,"Medio: Logro concentrarme por períodos moderados, pero presento algunas distracciones.",Ninguno,2,Ninguna en especial,6,Mala,Moderado,Alto
28/4/2026 14:21:08,Grupo 5,"Cabanillas Ventocilla, Abigail Jaslin",Masculino,25,95,172,Ingeniería Mecánica,5,4,2,10.6,Quinto,1,"Deportes de equipo (Fútbol, Básquet, Vóley, etc.)","En espacios públicos (parques, canchas, piscinas, etc.)",Colectiva,1,"Moderado: Podía hablar en frases cortas, pero me agitaba un poco y necesitaba respirar.",Tarde,"Baja: Fui muy irregular, entrenando solo ocasionalmente.",16,5,Bajo: Me distraigo con facilidad y me cuesta mantener la atención durante el estudio.,Ninguno,4,Ninguna en especial,5,Mala,Alto,Alto
28/4/2026 14:23:39,Grupo 5,"Reyes Neyra, Mariel Azucena",Masculino,20,78,1.71,Bioingeniería,3,12,7,12,Tercio inferior,6,"Deportes de equipo (Fútbol, Básquet, Vóley, etc.)",Otros,Colectiva,4,"Moderado: Podía hablar en frases cortas, pero me agitaba un poco y necesitaba respirar.",Noche,"Media: Tuve constancia por algunas semanas, pero con interrupciones frecuentes.",20,6,"Medio: Logro concentrarme por períodos moderados, pero presento algunas distracciones.",Bebidas energéticas,4,Ninguna en especial,5,Regular,Moderado,Moderado
28/4/2026 14:29:12,Grupo 5,"Monsalve Caycho, Christopher Jordan",Masculino,17,60,1.64,Ciencias de la Computación,2,6,0,10.5,Tercio,1,Gimnasio / Levantamiento de pesas,En casa,Individual,3,"Moderado: Podía hablar en frases cortas, pero me agitaba un poco y necesitaba respirar.",Tarde,"Media: Tuve constancia por algunas semanas, pero con interrupciones frecuentes.",23,2,Alto: Mantengo la concentración durante la mayor parte del tiempo sin distracciones significativas.,Multivitamínicos y Minerales,3,Ninguna en especial,7,Buena,Moderado,Moderado
28/4/2026 14:33:24,Grupo 5,"Arica Reyes, Ady Gabriela",Masculino,20,65,1.68,Ciencias de la Computación,5,6,5,14,Tercio medio,4,"Deportes de equipo (Fútbol, Básquet, Vóley, etc.)",En instalaciones de la universidad,Colectiva,2,"Moderado: Podía hablar en frases cortas, pero me agitaba un poco y necesitaba respirar.",Tarde,"Media: Tuve constancia por algunas semanas, pero con interrupciones frecuentes.",15,10,"Medio: Logro concentrarme por períodos moderados, pero presento algunas distracciones.",Ninguno,3,Ninguna en especial,7,Regular,Moderado,Moderado
28/4/2026 14:36:18,Grupo 5,"Cabanillas Ventocilla, Abigail Jaslin",Masculino,19,73,1.75,Ingeniería Mecatrónica,3,3,3,16,Quinto,6,"Entrenamiento en casa (Calistenia, Yoga, rutinas por video)",En casa,Individual,5,"Moderado: Podía hablar en frases cortas, pero me agitaba un poco y necesitaba respirar.",Tarde,"Media: Tuve constancia por algunas semanas, pero con interrupciones frecuentes.",12,25,Alto: Mantengo la concentración durante la mayor parte del tiempo sin distracciones significativas.,Ninguno,4,Ninguna en especial,7,Muy buena,Bajo,Bajo
28/4/2026 14:36:24,Grupo 5,"Cabanillas Ventocilla, Abigail Jaslin",Masculino,19,84,183,Ciencias de la Computación,2,6,6,13,Tercio medio,6,"Deportes de equipo (Fútbol, Básquet, Vóley, etc.)","En espacios públicos (parques, canchas, piscinas, etc.)",Colectiva,3,"Moderado: Podía hablar en frases cortas, pero me agitaba un poco y necesitaba respirar.",Noche,"Baja: Fui muy irregular, entrenando solo ocasionalmente.",30,8,Bajo: Me distraigo con facilidad y me cuesta mantener la atención durante el estudio.,"Bebidas rehidratantes, Multivitamínicos y Minerales, Creatina",4,Alta en proteínas,6,Mala,Muy alto,Muy alto
28/4/2026 14:39:26,Grupo 4,"Cueva Loayza, Dayron Saiyuk",Masculino,19,74,176,Bioingeniería,4,6,6,15.5,Tercio medio,4,Artes marciales / Deportes de contacto,"En espacios públicos (parques, canchas, piscinas, etc.)",Individual,4,"Moderado: Podía hablar en frases cortas, pero me agitaba un poco y necesitaba respirar.",Tarde,Alta: Mantuve mi rutina de manera estricta y constante todo el ciclo.,8,3,"Medio: Logro concentrarme por períodos moderados, pero presento algunas distracciones.",Bebidas rehidratantes,3,Alta en proteínas,8,Regular,Moderado,Alto
28/4/2026 14:39:29,Grupo 5,"Arica Reyes, Ady Gabriela",Masculino,19,85,1.79,Ciencias de la Computación,2,6,3,11.5,Quinto,2,"Deportes de equipo (Fútbol, Básquet, Vóley, etc.)","En espacios públicos (parques, canchas, piscinas, etc.)",Colectiva,1,"Moderado: Podía hablar en frases cortas, pero me agitaba un poco y necesitaba respirar.",Tarde,"Baja: Fui muy irregular, entrenando solo ocasionalmente.",30,4,"Medio: Logro concentrarme por períodos moderados, pero presento algunas distracciones.",Ninguno,3,Ninguna en especial,9,Regular,Muy alto,Muy alto
28/4/2026 14:40:28,Grupo 4,"Timana Carmona, Jose Manuel",Masculino,18,60,1.7,Ingeniería Industrial,6,5,5,14.3,Tercio medio,5,Gimnasio / Levantamiento de pesas,En gimnasio,Individual,4,"Moderado: Podía hablar en frases cortas, pero me agitaba un poco y necesitaba respirar.",Noche,"Media: Tuve constancia por algunas semanas, pero con interrupciones frecuentes.",24,12,"Medio: Logro concentrarme por períodos moderados, pero presento algunas distracciones.","Proteína en polvo (Whey, Vegana, Caseína)",4,Ninguna en especial,6.5,Regular,Moderado,Moderado
28/4/2026 14:41:08,Grupo 5,"Portal Ruiz, Axel Roberth",Masculino,18,68,170,Ciencias de la Computación,3,6,6,16.8,Quinto,2,"Deportes aeróbicos (Correr, Nadar, Ciclismo)",En gimnasio,Individual,2,"Moderado: Podía hablar en frases cortas, pero me agitaba un poco y necesitaba respirar.",Noche,"Baja: Fui muy irregular, entrenando solo ocasionalmente.",16,45,"Medio: Logro concentrarme por períodos moderados, pero presento algunas distracciones.",Ninguno,4,Ninguna en especial,6,Mala,Alto,Muy alto
28/4/2026 14:42:55,Grupo 4,"Cueva Loayza, Dayron Saiyuk",Femenino,20,65,168,Ingeniería Industrial,7,6,5,14.3,Tercio,3,Gimnasio / Levantamiento de pesas,En gimnasio,Colectiva,5,"Moderado: Podía hablar en frases cortas, pero me agitaba un poco y necesitaba respirar.",Tarde,"Baja: Fui muy irregular, entrenando solo ocasionalmente.",6,4,"Medio: Logro concentrarme por períodos moderados, pero presento algunas distracciones.","Bebidas energéticas, ",4,Ninguna en especial,9,Buena,Alto,Alto
28/4/2026 14:43:30,Grupo 4,"Timana Carmona, Jose Manuel",Femenino,19,58,1620,Ciencia de Datos,6,6,6,17,Décimo,3,"Entrenamiento en casa (Calistenia, Yoga, rutinas por video)",En casa,Individual,3,Bajo: Podía mantener una conversación larga o cantar sin ningún esfuerzo,Tarde,Alta: Mantuve mi rutina de manera estricta y constante todo el ciclo.,22,14,Alto: Mantengo la concentración durante la mayor parte del tiempo sin distracciones significativas.,Ninguno,5,Ninguna en especial,7,Buena,Moderado,Bajo
28/4/2026 14:44:03,Grupo 5,"Portal Ruiz, Axel Roberth",Masculino,19,72,165,Ciencias de la Computación,3,6,6,17,Décimo,3,"Entrenamiento en casa (Calistenia, Yoga, rutinas por video)",En casa,Individual,2,"Moderado: Podía hablar en frases cortas, pero me agitaba un poco y necesitaba respirar.",Mañana,"Baja: Fui muy irregular, entrenando solo ocasionalmente.",27,3,Bajo: Me distraigo con facilidad y me cuesta mantener la atención durante el estudio.,Bebidas rehidratantes,4,Ninguna en especial,6.5,Mala,Alto,Alto
28/4/2026 14:45:29,Grupo 5,"Monsalve Caycho, Christopher Jordan",Masculino,21,60,176,Ciencias de la Computación,9,4,3,14.86,Tercio medio,1,"Deportes aeróbicos (Correr, Nadar, Ciclismo)","En espacios públicos (parques, canchas, piscinas, etc.)",Colectiva,1,"Moderado: Podía hablar en frases cortas, pero me agitaba un poco y necesitaba respirar.",Tarde,Alta: Mantuve mi rutina de manera estricta y constante todo el ciclo.,20,6,"Medio: Logro concentrarme por períodos moderados, pero presento algunas distracciones.",Ninguno,3,Antiinflamatoria,6,Regular,Moderado,Moderado
28/4/2026 14:45:33,Grupo 4,"Cueva Loayza, Dayron Saiyuk",Masculino,19,78,180,Ingeniería Mecatrónica,4,6,6,16.4,Tercio medio,3,"Deportes aeróbicos (Correr, Nadar, Ciclismo)","En espacios públicos (parques, canchas, piscinas, etc.)",Individual,4,"Moderado: Podía hablar en frases cortas, pero me agitaba un poco y necesitaba respirar.",Tarde,"Media: Tuve constancia por algunas semanas, pero con interrupciones frecuentes.",6,4,Alto: Mantengo la concentración durante la mayor parte del tiempo sin distracciones significativas.,Multivitamínicos y Minerales,5,Ninguna en especial,7.5,Regular,Moderado,Moderado
28/4/2026 14:47:53,Grupo 5,"Portal Ruiz, Axel Roberth",Femenino,18,50,171,Ingeniería Ambiental,3,6,6,17,Tercio inferior,8,Artes marciales / Deportes de contacto,En gimnasio,Colectiva,4,"Moderado: Podía hablar en frases cortas, pero me agitaba un poco y necesitaba respirar.",Mañana,Alta: Mantuve mi rutina de manera estricta y constante todo el ciclo.,12,2,"Medio: Logro concentrarme por períodos moderados, pero presento algunas distracciones.","Bebidas energéticas, Polvos Pre-Entreno, Proteína en polvo (Whey, Vegana, Caseína)",5,Alta en carbohidratos,4,Regular,Moderado,Alto
28/4/2026 14:48:27,Grupo 4,"Cueva Loayza, Dayron Saiyuk",Femenino,23,63,166,Ingeniería Química,5,7,7,17.2,Tercio,4,"Entrenamiento en casa (Calistenia, Yoga, rutinas por video)",En casa,Individual,3,"Moderado: Podía hablar en frases cortas, pero me agitaba un poco y necesitaba respirar.",Noche,"Media: Tuve constancia por algunas semanas, pero con interrupciones frecuentes.",4,2,Alto: Mantengo la concentración durante la mayor parte del tiempo sin distracciones significativas.,Bebidas rehidratantes,3,Ninguna en especial,8,Buena,Bajo,Moderado
28/4/2026 14:48:45,Grupo 5,"Portal Ruiz, Axel Roberth",Masculino,18,82.6,170,Ingeniería Mecatrónica,3,6,6,17.11,Décimo,0,No realizo actividad fisica,,,,,,,12,5,Alto: Mantengo la concentración durante la mayor parte del tiempo sin distracciones significativas.,Ninguno,4,Ninguna en especial,6,Mala,Muy alto,Muy alto
28/4/2026 14:48:46,Grupo 1,"FÉLIX MEDINA, ADRIÁN FERNANDO",Masculino,19,65,170,Ingeniería Mecatrónica,3,6,6,15,Quinto,4,"Deportes de equipo (Fútbol, Básquet, Vóley, etc.)","En espacios públicos (parques, canchas, piscinas, etc.)",Colectiva,2,"Moderado: Podía hablar en frases cortas, pero me agitaba un poco y necesitaba respirar.",Noche,Alta: Mantuve mi rutina de manera estricta y constante todo el ciclo.,24,7,"Medio: Logro concentrarme por períodos moderados, pero presento algunas distracciones.",Ninguno,5,Ninguna en especial,8.56,Buena,Moderado,Moderado
28/4/2026 14:49:55,Grupo 4,"Timana Carmona, Jose Manuel",Masculino,21,74,178,Sistemas de la Información,5,6,5,15.7,Quinto,4,"Deportes de equipo (Fútbol, Básquet, Vóley, etc.)",En gimnasio,Individual,4,"Moderado: Podía hablar en frases cortas, pero me agitaba un poco y necesitaba respirar.",Noche,"Media: Tuve constancia por algunas semanas, pero con interrupciones frecuentes.",24,12,"Medio: Logro concentrarme por períodos moderados, pero presento algunas distracciones.","Proteína en polvo (Whey, Vegana, Caseína)",4,Ninguna en especial,6.5,Regular,Moderado,Moderado
28/4/2026 14:52:02,Grupo 4,"Cueva Loayza, Dayron Saiyuk",Masculino,22,70,173,Ingeniería Ambiental,5,6,5,14.5,Quinto,5,"Deportes aeróbicos (Correr, Nadar, Ciclismo)","En espacios públicos (parques, canchas, piscinas, etc.)",Colectiva,5,Alto: Me faltaba el aliento rápido y apenas podía decir unas pocas palabras sin parar a tomar aire.,Tarde,Alta: Mantuve mi rutina de manera estricta y constante todo el ciclo.,5,2,"Medio: Logro concentrarme por períodos moderados, pero presento algunas distracciones.","Bebidas rehidratantes, Polvos Pre-Entreno",5,Alta en proteínas,8,Regular,Moderado,Alto
28/4/2026 14:52:06,Grupo 4,"Timana Carmona, Jose Manuel",Femenino,19,56,161,Ciencias de la Computación,3,6,6,16,Tercio,3,"Entrenamiento en casa (Calistenia, Yoga, rutinas por video)",En casa,Individual,3,Bajo: Podía mantener una conversación larga o cantar sin ningún esfuerzo,Tarde,Alta: Mantuve mi rutina de manera estricta y constante todo el ciclo.,22,14,Alto: Mantengo la concentración durante la mayor parte del tiempo sin distracciones significativas.,Ninguno,5,Ninguna en especial,5.5,Regular,Alto,Alto
28/4/2026 14:53:38,Grupo 5,"Reyes Neyra, Mariel Azucena",Masculino,18,68,170,Ciencia de Datos,3,8,8,18,Décimo,0,No realizo actividad fisica,,,,,,,32,3,"Medio: Logro concentrarme por períodos moderados, pero presento algunas distracciones.",Ninguno,5,Ninguna en especial,7,Buena,Bajo,Bajo
28/4/2026 14:54:18,Grupo 1,"FÉLIX MEDINA, ADRIÁN FERNANDO",Masculino,20,74,179,Ciencias de la Computación,3,5,4,13.34,Tercio,5,"Deportes aeróbicos (Correr, Nadar, Ciclismo)","En espacios públicos (parques, canchas, piscinas, etc.)",Individual,3,Alto: Me faltaba el aliento rápido y apenas podía decir unas pocas palabras sin parar a tomar aire.,Noche,"Media: Tuve constancia por algunas semanas, pero con interrupciones frecuentes.",22,10,Alto: Mantengo la concentración durante la mayor parte del tiempo sin distracciones significativas.,"Bebidas energéticas, Bebidas rehidratantes, Proteína en polvo (Whey, Vegana, Caseína)",5,Ninguna en especial,9.32,Regular,Bajo,Alto
28/4/2026 14:56:24,Grupo 4,"Cueva Loayza, Dayron Saiyuk",Femenino,21,63.5,168,Sistemas de la Información,4,6,5,15.4,Quinto,0,No realizo actividad fisica,,,,,,,5,3.5,Alto: Mantengo la concentración durante la mayor parte del tiempo sin distracciones significativas.,Ninguno,3,Ninguna en especial,7.5,Regular,Moderado,Moderado
28/4/2026 14:58:09,Grupo 5,"Reyes Neyra, Mariel Azucena",Femenino,18,56,153,Sistemas de la Información,3,7,6,17.5,Décimo,3,Caminar,"En espacios públicos (parques, canchas, piscinas, etc.)",Colectiva,1,Bajo: Podía mantener una conversación larga o cantar sin ningún esfuerzo,Tarde,Alta: Mantuve mi rutina de manera estricta y constante todo el ciclo.,30,10,"Medio: Logro concentrarme por períodos moderados, pero presento algunas distracciones.",Ninguno,4,Ninguna en especial,6,Mala,Muy alto,Alto
28/4/2026 14:59:04,Grupo 4,"Cueva Loayza, Dayron Saiyuk",Prefiero no decirlo / Otro,19,78,181,Ingeniería Química,4,6,6,16.7,Tercio,0,No realizo actividad fisica,,,,,,,6,4,"Medio: Logro concentrarme por períodos moderados, pero presento algunas distracciones.",Ninguno,4,Ninguna en especial,8,Regular,Moderado,Moderado
28/4/2026 14:59:10,Grupo 4,"Timana Carmona, Jose Manuel",Masculino,20,72,176,Ingeniría de la Energía,5,6,5,15.8,Tercio medio,4,"Deportes de equipo (Fútbol, Básquet, Vóley, etc.)","En espacios públicos (parques, canchas, piscinas, etc.)",Colectiva,4,"Moderado: Podía hablar en frases cortas, pero me agitaba un poco y necesitaba respirar.",Noche,"Media: Tuve constancia por algunas semanas, pero con interrupciones frecuentes.",24,12,"Medio: Logro concentrarme por períodos moderados, pero presento algunas distracciones.","Polvos Pre-Entreno, Proteína en polvo (Whey, Vegana, Caseína)",4,Ninguna en especial,6.5,Regular,Moderado,Alto
28/4/2026 15:01:23,Grupo 4,"Timana Carmona, Jose Manuel",Masculino,21,78,165,Ingeniería Química,7,5,4,14.6,Tercio,5,"Deportes de equipo (Fútbol, Básquet, Vóley, etc.)","En espacios públicos (parques, canchas, piscinas, etc.)",Colectiva,4,Alto: Me faltaba el aliento rápido y apenas podía decir unas pocas palabras sin parar a tomar aire.,Noche,"Media: Tuve constancia por algunas semanas, pero con interrupciones frecuentes.",22,18,"Medio: Logro concentrarme por períodos moderados, pero presento algunas distracciones.",Bebidas energéticas,4,Ninguna en especial,5.5,Regular,Alto,Alto
28/4/2026 15:01:58,Grupo 5,"Portal Ruiz, Axel Roberth",Femenino,23,56,160,Bioingeniería,9,7,7,16,Tercio,3,"Deportes de equipo (Fútbol, Básquet, Vóley, etc.)",En casa,Individual,4,"Moderado: Podía hablar en frases cortas, pero me agitaba un poco y necesitaba respirar.",Mañana,"Media: Tuve constancia por algunas semanas, pero con interrupciones frecuentes.",15,6,"Medio: Logro concentrarme por períodos moderados, pero presento algunas distracciones.",Ninguno,4,Baja en carbohidratos,7,Buena,Moderado,Bajo
28/4/2026 15:02:56,Grupo 4,"Cueva Loayza, Dayron Saiyuk",Femenino,24,63,165,Ingeniería Mecatrónica,7,6,6,17.2,Tercio medio,0,No realizo actividad fisica,,,,,,,6,4,Alto: Mantengo la concentración durante la mayor parte del tiempo sin distracciones significativas.,Bebidas rehidratantes,3,Ninguna en especial,8,Regular,Moderado,Moderado
28/4/2026 15:03:06,Grupo 5,"Cabanillas Ventocilla, Abigail Jaslin",Femenino,17,44,151,Ciencia de Datos,3,6,6,16.6,Quinto,0,"Deportes aeróbicos (Correr, Nadar, Ciclismo)","En espacios públicos (parques, canchas, piscinas, etc.)",Individual,4,Alto: Me faltaba el aliento rápido y apenas podía decir unas pocas palabras sin parar a tomar aire.,Mañana,Alta: Mantuve mi rutina de manera estricta y constante todo el ciclo.,22,15,Alto: Mantengo la concentración durante la mayor parte del tiempo sin distracciones significativas.,"Multivitamínicos y Minerales, Polvos Pre-Entreno",4,Baja en carbohidratos,5,Muy buena,Moderado,Bajo
28/4/2026 15:03:16,Grupo 4,"Timana Carmona, Jose Manuel",Femenino,19,57,162,Ingeniería Mecatrónica,3,6,6,17.4,Décimo,3,"Entrenamiento en casa (Calistenia, Yoga, rutinas por video)",En casa,Individual,3,Bajo: Podía mantener una conversación larga o cantar sin ningún esfuerzo,Tarde,Alta: Mantuve mi rutina de manera estricta y constante todo el ciclo.,20,14,Alto: Mantengo la concentración durante la mayor parte del tiempo sin distracciones significativas.,Ninguno,5,Ninguna en especial,7.5,Buena,Moderado,Moderado
28/4/2026 15:05:04,Grupo 4,"Timana Carmona, Jose Manuel",Masculino,22,83,183,Ciencias de la Computación,8,9,10,23,Décimo,9999,No realizo actividad fisica,,,,,,,4,4,Alto: Mantengo la concentración durante la mayor parte del tiempo sin distracciones significativas.,"Bebidas rehidratantes, Multivitamínicos y Minerales, Proteína en polvo (Whey, Vegana, Caseína), Creatina, Ninguno",4,Vegetariana,413,Muy buena,Muy alto,Muy alto
28/4/2026 15:05:38,Grupo 4,"Cueva Loayza, Dayron Saiyuk",Masculino,19,74,176,Ciencias de la Computación,3,7,7,16.8,Tercio,2,"Deportes de equipo (Fútbol, Básquet, Vóley, etc.)",En casa,Individual,2,"Moderado: Podía hablar en frases cortas, pero me agitaba un poco y necesitaba respirar.",Noche,"Media: Tuve constancia por algunas semanas, pero con interrupciones frecuentes.",5,4,"Medio: Logro concentrarme por períodos moderados, pero presento algunas distracciones.","Bebidas energéticas, Bebidas rehidratantes",4,Ninguna en especial,7,Regular,Moderado,Moderado
28/4/2026 15:05:42,Grupo 5,"Cabanillas Ventocilla, Abigail Jaslin",Prefiero no decirlo / Otro,20,50,160,Ingeniería Electrónica,7,4,4,17,Quinto,0,No realizo actividad fisica,,,,,,,20,10,"Medio: Logro concentrarme por períodos moderados, pero presento algunas distracciones.",Ninguno,3,Ninguna en especial,7,Buena,Bajo,Moderado
28/4/2026 15:06:57,Grupo 4,"Timana Carmona, Jose Manuel",Masculino,23,331,413242,Ciencias de la Computación,10,2,2,234,Tercio inferior,543,aea,En gimnasio,Individual,123,"Moderado: Podía hablar en frases cortas, pero me agitaba un poco y necesitaba respirar.",Noche,Alta: Mantuve mi rutina de manera estricta y constante todo el ciclo.,23,1214,Alto: Mantengo la concentración durante la mayor parte del tiempo sin distracciones significativas.,Ninguno,4,Ninguna en especial,542,Muy mala,Muy bajo,Muy alto
28/4/2026 15:07:43,Grupo 5,"Cabanillas Ventocilla, Abigail Jaslin",Masculino,18,66,167,Ingeniería Mecánica,5,5,5,16.9,Quinto,0,No realizo actividad fisica,,,,,,,20,7,"Medio: Logro concentrarme por períodos moderados, pero presento algunas distracciones.",Ninguno,5,Ninguna en especial,8,Buena,Bajo,Moderado
28/4/2026 15:07:51,Grupo 4,"Cueva Loayza, Dayron Saiyuk",Masculino,25,79,184,Ingeniería Civil,6,5,5,15.4,Tercio medio,2.5,"Entrenamiento en casa (Calistenia, Yoga, rutinas por video)",En casa,Individual,4,"Moderado: Podía hablar en frases cortas, pero me agitaba un poco y necesitaba respirar.",Tarde,"Media: Tuve constancia por algunas semanas, pero con interrupciones frecuentes.",5,1,"Medio: Logro concentrarme por períodos moderados, pero presento algunas distracciones.",Ninguno,3,Ninguna en especial,7.5,Regular,Moderado,Moderado
28/4/2026 15:09:08,Grupo 4,"Timana Carmona, Jose Manuel",Masculino,22,69,175,Ingeniería Mecatrónica,2,7,5,14.2,Tercio,2,"Deportes aeróbicos (Correr, Nadar, Ciclismo)","En espacios públicos (parques, canchas, piscinas, etc.)",Individual,2,Bajo: Podía mantener una conversación larga o cantar sin ningún esfuerzo,Mañana,"Baja: Fui muy irregular, entrenando solo ocasionalmente.",30,9,"Medio: Logro concentrarme por períodos moderados, pero presento algunas distracciones.",Ninguno,4,Ninguna en especial,6,Regular,Moderado,Moderado
28/4/2026 15:10:25,Grupo 5,"Cabanillas Ventocilla, Abigail Jaslin",Femenino,19,50,156,Ingeniería Industrial,4,5,5,17.3,Quinto,0,No realizo actividad fisica,,,,,,,22,12,"Medio: Logro concentrarme por períodos moderados, pero presento algunas distracciones.",Ninguno,3,Ninguna en especial,7,Regular,Moderado,Moderado
28/4/2026 15:10:33,Grupo 4,"Cueva Loayza, Dayron Saiyuk",Femenino,19,68,171,Ingeniería Química,4,6,5,16.4,Tercio medio,0,No realizo actividad fisica,,,,,,,6,2.5,"Medio: Logro concentrarme por períodos moderados, pero presento algunas distracciones.",Ninguno,3,Ninguna en especial,8,Regular,Alto,Alto
28/4/2026 15:11:22,Grupo 4,"Timana Carmona, Jose Manuel",Masculino,19,71,175,Ingeniería Civil,3,7,6,15.1,Tercio,3,"Deportes aeróbicos (Correr, Nadar, Ciclismo)","En espacios públicos (parques, canchas, piscinas, etc.)",Individual,3,"Moderado: Podía hablar en frases cortas, pero me agitaba un poco y necesitaba respirar.",Tarde,"Media: Tuve constancia por algunas semanas, pero con interrupciones frecuentes.",27,11,"Medio: Logro concentrarme por períodos moderados, pero presento algunas distracciones.",Ninguno,4,Ninguna en especial,6.5,Regular,Moderado,Alto
28/4/2026 15:12:37,Grupo 4,"Cueva Loayza, Dayron Saiyuk",Masculino,23,72,174,Ingeniría de la Energía,5,6,6,15.3,Tercio medio,0,No realizo actividad fisica,,,,,,,8,3,Alto: Mantengo la concentración durante la mayor parte del tiempo sin distracciones significativas.,Bebidas rehidratantes,5,Ninguna en especial,7,Mala,Alto,Moderado
28/4/2026 15:12:59,Grupo 5,"Cabanillas Ventocilla, Abigail Jaslin",Femenino,19,44,151,Ingeniería Mecánica,10,4,4,17,Quinto,0,No realizo actividad fisica,,,,,,,20,10,Alto: Mantengo la concentración durante la mayor parte del tiempo sin distracciones significativas.,Ninguno,2,Ninguna en especial,4,Muy mala,Alto,Alto
28/4/2026 15:13:37,Grupo 4,"Timana Carmona, Jose Manuel",Femenino,21,61,167,Ingeniería Industrial,6,6,6,17,Décimo,4,"Entrenamiento en casa (Calistenia, Yoga, rutinas por video)",En casa,Individual,4,"Moderado: Podía hablar en frases cortas, pero me agitaba un poco y necesitaba respirar.",Noche,Alta: Mantuve mi rutina de manera estricta y constante todo el ciclo.,26,15,Alto: Mantengo la concentración durante la mayor parte del tiempo sin distracciones significativas.,Multivitamínicos y Minerales,5,Ninguna en especial,7,Buena,Bajo,Moderado
28/4/2026 15:14:13,Grupo 5,"Portal Ruiz, Axel Roberth",Masculino,19,87,1.76,Ciencia de Datos,3,6,6,16.35,Tercio medio,2,Gimnasio / Levantamiento de pesas,En gimnasio,Individual,1,"Moderado: Podía hablar en frases cortas, pero me agitaba un poco y necesitaba respirar.",Noche,"Baja: Fui muy irregular, entrenando solo ocasionalmente.",15,7,"Medio: Logro concentrarme por períodos moderados, pero presento algunas distracciones.",Ninguno,4,Ninguna en especial,6,Muy mala,Muy alto,Alto
28/4/2026 15:14:28,Grupo 4,"Cueva Loayza, Dayron Saiyuk",Prefiero no decirlo / Otro,20,78,174,Ingeniería Civil,4,6,6,14,Tercio medio,0,No realizo actividad fisica,,,,,,,7,3,"Medio: Logro concentrarme por períodos moderados, pero presento algunas distracciones.",Bebidas energéticas,3,Ninguna en especial,7.5,Regular,Alto,Alto
28/4/2026 15:14:38,Grupo 5,"Reyes Neyra, Mariel Azucena",Masculino,19,70,170,Ingeniería Mecatrónica,5,6,6,15,Tercio,6,Gimnasio / Levantamiento de pesas,En gimnasio,Individual,3,"Moderado: Podía hablar en frases cortas, pero me agitaba un poco y necesitaba respirar.",Noche,"Media: Tuve constancia por algunas semanas, pero con interrupciones frecuentes.",28,10,"Medio: Logro concentrarme por períodos moderados, pero presento algunas distracciones.",Ninguno,5,Ninguna en especial,7,Buena,Moderado,Moderado
28/4/2026 15:14:58,Grupo 5,"Cabanillas Ventocilla, Abigail Jaslin",Masculino,18,52,160,Ingeniería Industrial,6,5,5,16.6,Quinto,0,No realizo actividad fisica,,,,,,,15,8,"Medio: Logro concentrarme por períodos moderados, pero presento algunas distracciones.","Bebidas energéticas, Ninguno",3,Ninguna en especial,7,Regular,Moderado,Alto
28/4/2026 15:15:48,Grupo 4,"Timana Carmona, Jose Manuel",Masculino,20,74,178,Ingeniería Industrial,5,6,5,15,Quinto,5,"Deportes de equipo (Fútbol, Básquet, Vóley, etc.)","En espacios públicos (parques, canchas, piscinas, etc.)",Colectiva,4,Alto: Me faltaba el aliento rápido y apenas podía decir unas pocas palabras sin parar a tomar aire.,Noche,"Media: Tuve constancia por algunas semanas, pero con interrupciones frecuentes.",24,12,"Medio: Logro concentrarme por períodos moderados, pero presento algunas distracciones.","Bebidas energéticas, Bebidas rehidratantes, Multivitamínicos y Minerales, Polvos Pre-Entreno",6,Ninguna en especial,6,Regular,Alto,Alto
28/4/2026 15:16:27,Grupo 5,"Cabanillas Ventocilla, Abigail Jaslin",Femenino,22,66,170,Ingeniería Civil,7,5,5,16.6,Quinto,0,No realizo actividad fisica,,,,,,,19,7,Alto: Mantengo la concentración durante la mayor parte del tiempo sin distracciones significativas.,Ninguno,4,Ninguna en especial,6,Regular,Muy bajo,Muy bajo
28/4/2026 15:17:08,Grupo 4,"Cueva Loayza, Dayron Saiyuk",Femenino,19,65,166,Ingeniería Mecatrónica,3,6,6,17.2,Tercio,0,No realizo actividad fisica,,,,,,,6,3,"Medio: Logro concentrarme por períodos moderados, pero presento algunas distracciones.",Ninguno,3,Ninguna en especial,9,Buena,Bajo,Moderado
28/4/2026 15:20:01,Grupo 4,"Cueva Loayza, Dayron Saiyuk",Masculino,20,65,167,Ingeniería Ambiental,5,6,6,17.3,Tercio,0,No realizo actividad fisica,,,,,,,5,1,"Medio: Logro concentrarme por períodos moderados, pero presento algunas distracciones.",Bebidas energéticas,3,Ninguna en especial,8,Regular,Moderado,Alto
28/4/2026 15:20:11,Grupo 4,"Timana Carmona, Jose Manuel",Masculino,21,76,180,Ciencias de la Computación,5,6,5,15.7,Quinto,4,Gimnasio / Levantamiento de pesas,En gimnasio,Individual,4,"Moderado: Podía hablar en frases cortas, pero me agitaba un poco y necesitaba respirar.",Noche,"Media: Tuve constancia por algunas semanas, pero con interrupciones frecuentes.",24,12,"Medio: Logro concentrarme por períodos moderados, pero presento algunas distracciones.","Proteína en polvo (Whey, Vegana, Caseína)",4,Ninguna en especial,6.5,Regular,Moderado,Alto
28/4/2026 15:21:57,Grupo 4,"Timana Carmona, Jose Manuel",Masculino,21,76,180,Ciencias de la Computación,6,6,5,15.4,Quinto,5,"Deportes de equipo (Fútbol, Básquet, Vóley, etc.)",En instalaciones de la universidad,Colectiva,4,Alto: Me faltaba el aliento rápido y apenas podía decir unas pocas palabras sin parar a tomar aire.,Noche,"Media: Tuve constancia por algunas semanas, pero con interrupciones frecuentes.",22,16,"Medio: Logro concentrarme por períodos moderados, pero presento algunas distracciones.","Bebidas energéticas, Bebidas rehidratantes",4,Ninguna en especial,5.5,Regular,Alto,Muy alto
28/4/2026 15:22:08,Grupo 4,"Cueva Loayza, Dayron Saiyuk",Masculino,22,65,168,Ingeniería Mecatrónica,5,6,6,15.6,Tercio medio,2,"Entrenamiento en casa (Calistenia, Yoga, rutinas por video)",En casa,Individual,3,"Moderado: Podía hablar en frases cortas, pero me agitaba un poco y necesitaba respirar.",Tarde,"Media: Tuve constancia por algunas semanas, pero con interrupciones frecuentes.",8,2,"Medio: Logro concentrarme por períodos moderados, pero presento algunas distracciones.",Bebidas energéticas,3,Ninguna en especial,8,Regular,Alto,Alto
28/4/2026 15:23:53,Grupo 5,"Cabanillas Ventocilla, Abigail Jaslin",Femenino,19,53,162,Ingeniería Industrial,6,7,7,15.7,Quinto,0,No realizo actividad fisica,,,,,,,25,8,Alto: Mantengo la concentración durante la mayor parte del tiempo sin distracciones significativas.,"Bebidas energéticas, Ninguno",3,Ninguna en especial,8,Buena,Bajo,Moderado
28/4/2026 15:24:45,Grupo 4,"Timana Carmona, Jose Manuel",Masculino,19,70,174,Ciencia de Datos,4,7,6,16.1,Tercio,3,"Entrenamiento en casa (Calistenia, Yoga, rutinas por video)",En casa,Individual,3,Bajo: Podía mantener una conversación larga o cantar sin ningún esfuerzo,Tarde,Alta: Mantuve mi rutina de manera estricta y constante todo el ciclo.,20,15,Alto: Mantengo la concentración durante la mayor parte del tiempo sin distracciones significativas.,Ninguno,5,Ninguna en especial,7.5,Buena,Bajo,Bajo
28/4/2026 15:25:18,Grupo 4,"Cueva Loayza, Dayron Saiyuk",Femenino,19,55,160,Ingeniería Electrónica,3,6,6,15.3,Tercio medio,0,No realizo actividad fisica,,,,,,,8,2,"Medio: Logro concentrarme por períodos moderados, pero presento algunas distracciones.",Bebidas energéticas,3,Ninguna en especial,7.5,Regular,Alto,Alto
28/4/2026 15:26:34,Grupo 4,"Timana Carmona, Jose Manuel",Masculino,22,82,184,Ingeniería Mecánica,8,5,4,14,Tercio medio,0,No realizo actividad fisica,,,,,,,28,8,Bajo: Me distraigo con facilidad y me cuesta mantener la atención durante el estudio.,Ninguno,3,Ninguna en especial,5.5,Mala,Alto,Alto
28/4/2026 15:26:59,Grupo 5,"Cabanillas Ventocilla, Abigail Jaslin",Femenino,23,60,168,Sistemas de la Información,7,4,4,16.8,Quinto,0,No realizo actividad fisica,,,,,,,20,10,Alto: Mantengo la concentración durante la mayor parte del tiempo sin distracciones significativas.,"Bebidas energéticas, Bebidas rehidratantes, Ninguno",2,Ninguna en especial,6,Regular,Moderado,Alto
28/4/2026 15:27:54,Grupo 4,"Cueva Loayza, Dayron Saiyuk",Femenino,22,65,164,Ingeniería Civil,4,5,5,16.4,Tercio medio,0,No realizo actividad fisica,,,,,,,7.5,4,"Medio: Logro concentrarme por períodos moderados, pero presento algunas distracciones.",Bebidas energéticas,3,Ninguna en especial,7.5,Mala,Muy alto,Muy alto
28/4/2026 15:28:51,Grupo 4,"Timana Carmona, Jose Manuel",Masculino,20,79,170,Ingeniería Electrónica,7,5,4,14.4,Tercio,5,"Deportes aeróbicos (Correr, Nadar, Ciclismo)","En espacios públicos (parques, canchas, piscinas, etc.)",Individual,4,Alto: Me faltaba el aliento rápido y apenas podía decir unas pocas palabras sin parar a tomar aire.,Mañana,"Media: Tuve constancia por algunas semanas, pero con interrupciones frecuentes.",21,17,"Medio: Logro concentrarme por períodos moderados, pero presento algunas distracciones.","Bebidas energéticas, Bebidas rehidratantes",4,Ninguna en especial,5.5,Regular,Alto,Alto
28/4/2026 17:14:41,Grupo 3,"Dos Anjos Lopes, María Eduarda",Femenino,18,60,1.73,Bioingeniería,3,7,6,16,Quinto,6,Gimnasio / Levantamiento de pesas,En gimnasio,Individual,3,"Moderado: Podía hablar en frases cortas, pero me agitaba un poco y necesitaba respirar.",Mañana,"Media: Tuve constancia por algunas semanas, pero con interrupciones frecuentes.",24,100,Alto: Mantengo la concentración durante la mayor parte del tiempo sin distracciones significativas.,Ninguno,2,Ninguna en especial,50,Mala,Moderado,Muy alto
28/4/2026 17:15:32,Grupo 3,"Dos Anjos Lopes, María Eduarda",Masculino,20,80,174,Ingeniería Electrónica,7,4,3,14.2,Tercio inferior,2,"Deportes aeróbicos (Correr, Nadar, Ciclismo)",En casa,Individual,2,Bajo: Podía mantener una conversación larga o cantar sin ningún esfuerzo,Noche,"Baja: Fui muy irregular, entrenando solo ocasionalmente.",20,2,"Medio: Logro concentrarme por períodos moderados, pero presento algunas distracciones.","Bebidas energéticas, Bebidas rehidratantes",4,Ninguna en especial,6,Regular,Bajo,Moderado
28/4/2026 17:16:10,Grupo 3,"Dos Anjos Lopes, María Eduarda",Femenino,18,53,1.63,Administración y Negocios Digitales,5,6,6,15.76,Tercio medio,5,Gimnasio / Levantamiento de pesas,En gimnasio,Colectiva,4,"Moderado: Podía hablar en frases cortas, pero me agitaba un poco y necesitaba respirar.",Noche,"Media: Tuve constancia por algunas semanas, pero con interrupciones frecuentes.",7,8,"Medio: Logro concentrarme por períodos moderados, pero presento algunas distracciones.","Bebidas energéticas, Proteína en polvo (Whey, Vegana, Caseína)",3,Alta en proteínas,6,Regular,Moderado,Alto
28/4/2026 17:16:16,Grupo 3,"Dos Anjos Lopes, María Eduarda",Masculino,27,84,183,Ingeniería Electrónica,6,5,5,16.5,Tercio medio,6,Gimnasio / Levantamiento de pesas,En gimnasio,Individual,3,Alto: Me faltaba el aliento rápido y apenas podía decir unas pocas palabras sin parar a tomar aire.,Noche,"Media: Tuve constancia por algunas semanas, pero con interrupciones frecuentes.",12,6,"Medio: Logro concentrarme por períodos moderados, pero presento algunas distracciones.",Ninguno,4,Baja en carbohidratos,4,Mala,Moderado,Moderado
28/4/2026 17:17:01,Grupo 3,"Dos Anjos Lopes, María Eduarda",Masculino,22,68,170,Ingeniería Electrónica,7,6,6,15,Décimo,3,Gimnasio / Levantamiento de pesas,En casa,Individual,2,"Moderado: Podía hablar en frases cortas, pero me agitaba un poco y necesitaba respirar.",Tarde,"Media: Tuve constancia por algunas semanas, pero con interrupciones frecuentes.",2,3,"Medio: Logro concentrarme por períodos moderados, pero presento algunas distracciones.","Bebidas energéticas, Multivitamínicos y Minerales, Polvos Pre-Entreno",2,Alta en proteínas,5,Regular,Moderado,Bajo
28/4/2026 17:19:27,Grupo 3,"Dos Anjos Lopes, María Eduarda",Masculino,19,72,181,Ingeniería Electrónica,7,5,0,14,Quinto,10,"Deportes aeróbicos (Correr, Nadar, Ciclismo)","En espacios públicos (parques, canchas, piscinas, etc.)",Individual,3,Bajo: Podía mantener una conversación larga o cantar sin ningún esfuerzo,Mañana,"Media: Tuve constancia por algunas semanas, pero con interrupciones frecuentes.",16,3,Bajo: Me distraigo con facilidad y me cuesta mantener la atención durante el estudio.,"Multivitamínicos y Minerales, Proteína en polvo (Whey, Vegana, Caseína)",4,Ninguna en especial,6,Mala,Muy alto,Muy alto
28/4/2026 17:21:09,Grupo 3,"Dos Anjos Lopes, María Eduarda",Femenino,18,57,163,Bioingeniería,3,7,5,16,Tercio medio,4,"Deportes de equipo (Fútbol, Básquet, Vóley, etc.)","En espacios públicos (parques, canchas, piscinas, etc.)",Colectiva,2,Alto: Me faltaba el aliento rápido y apenas podía decir unas pocas palabras sin parar a tomar aire.,Noche,"Media: Tuve constancia por algunas semanas, pero con interrupciones frecuentes.",20,10,"Medio: Logro concentrarme por períodos moderados, pero presento algunas distracciones.",Ninguno,3,Ninguna en especial,6,Mala,Muy alto,Muy alto
28/4/2026 17:21:37,Grupo 3,"Dos Anjos Lopes, María Eduarda",Femenino,22,57,1.41,Ingeniería Industrial,10,5,5,15.6,Quinto,40,"Entrenamiento en casa (Calistenia, Yoga, rutinas por video)",En casa,Individual,3,"Moderado: Podía hablar en frases cortas, pero me agitaba un poco y necesitaba respirar.",Mañana,"Media: Tuve constancia por algunas semanas, pero con interrupciones frecuentes.",18,10,"Medio: Logro concentrarme por períodos moderados, pero presento algunas distracciones.",Bebidas rehidratantes,3,Ninguna en especial,7,Buena,Muy alto,Muy alto
28/4/2026 17:22:13,Grupo 3,"Dos Anjos Lopes, María Eduarda",Masculino,19,66,176,Ingeniería Mecatrónica,5,5,5,15.75,Tercio medio,1,Gimnasio / Levantamiento de pesas,En gimnasio,Individual,4,Bajo: Podía mantener una conversación larga o cantar sin ningún esfuerzo,Tarde,"Media: Tuve constancia por algunas semanas, pero con interrupciones frecuentes.",20,6,"Medio: Logro concentrarme por períodos moderados, pero presento algunas distracciones.","Bebidas energéticas, Bebidas rehidratantes, Multivitamínicos y Minerales",4,Ninguna en especial,6,Regular,Alto,Moderado
28/4/2026 17:26:52,Grupo 5,"Reyes Neyra, Mariel Azucena",Femenino,21,75,170,Bioingeniería,8,5,5,13.53,Tercio medio,3,"Entrenamiento en casa (Calistenia, Yoga, rutinas por video)",En casa,Individual,3,"Moderado: Podía hablar en frases cortas, pero me agitaba un poco y necesitaba respirar.",Mañana,"Baja: Fui muy irregular, entrenando solo ocasionalmente.",30,20,"Medio: Logro concentrarme por períodos moderados, pero presento algunas distracciones.",Bebidas rehidratantes,4,Alta en proteínas,7,Buena,Moderado,Moderado
28/4/2026 17:27:29,Grupo 3,"Dos Anjos Lopes, María Eduarda",Masculino,19,60,170,Ciencias de la Computación,5,5,5,17,Décimo,0,No realizo actividad fisica,,,,,,,26,10,Alto: Mantengo la concentración durante la mayor parte del tiempo sin distracciones significativas.,Ninguno,3,Ninguna en especial,5,Regular,Muy alto,Muy alto
28/4/2026 17:28:22,Grupo 3,"Dos Anjos Lopes, María Eduarda",Femenino,20,58,167,Ingeniería Industrial,7,7,6,18.08,Décimo,5,"Entrenamiento en casa (Calistenia, Yoga, rutinas por video)","En espacios públicos (parques, canchas, piscinas, etc.)",Individual,5,"Moderado: Podía hablar en frases cortas, pero me agitaba un poco y necesitaba respirar.",Mañana,"Baja: Fui muy irregular, entrenando solo ocasionalmente.",26,10,Alto: Mantengo la concentración durante la mayor parte del tiempo sin distracciones significativas.,Ninguno,3,Ninguna en especial,6.5,Regular,Moderado,Moderado
28/4/2026 17:30:04,Grupo 3,"Dos Anjos Lopes, María Eduarda",Femenino,19,60,163,Ciencias de la Computación,5,5,5,16.9,Tercio,4,"Deportes de equipo (Fútbol, Básquet, Vóley, etc.)","En espacios públicos (parques, canchas, piscinas, etc.)",Colectiva,2,"Moderado: Podía hablar en frases cortas, pero me agitaba un poco y necesitaba respirar.",Tarde,"Media: Tuve constancia por algunas semanas, pero con interrupciones frecuentes.",24,26,"Medio: Logro concentrarme por períodos moderados, pero presento algunas distracciones.",Ninguno,3,Baja en carbohidratos,5,Mala,Muy alto,Muy alto
28/4/2026 17:33:06,Grupo 3,"Dos Anjos Lopes, María Eduarda",Femenino,22,52,159,Bioingeniería,6,8,8,14.95,Tercio,0,No realizo actividad fisica,,,,,,,40,20,Bajo: Me distraigo con facilidad y me cuesta mantener la atención durante el estudio.,Ninguno,5,Ninguna en especial,6,Mala,Alto,Muy alto
28/4/2026 17:57:50,Grupo 3,"Dos Anjos Lopes, María Eduarda",Femenino,21,60,163,Administración y Negocios Digitales,8,4,4,14.25,Tercio medio,40,Baile,En casa,Individual,2,"Moderado: Podía hablar en frases cortas, pero me agitaba un poco y necesitaba respirar.",Tarde,"Baja: Fui muy irregular, entrenando solo ocasionalmente.",8,6,"Medio: Logro concentrarme por períodos moderados, pero presento algunas distracciones.",Ninguno,4,Ninguna en especial,7,Regular,Alto,Muy alto
28/4/2026 18:52:31,Grupo 9,"Chipana Ybañez, Josué Manuel",Masculino,20,80,172,Ingeniería Electrónica,7,5,5,14,Tercio,1,"Deportes de equipo (Fútbol, Básquet, Vóley, etc.)","En espacios públicos (parques, canchas, piscinas, etc.)",Colectiva,2,"Moderado: Podía hablar en frases cortas, pero me agitaba un poco y necesitaba respirar.",Tarde,"Media: Tuve constancia por algunas semanas, pero con interrupciones frecuentes.",30,4,"Medio: Logro concentrarme por períodos moderados, pero presento algunas distracciones.","Bebidas energéticas, Bebidas rehidratantes, ",4,Ninguna en especial,5,Regular,Alto,Alto
28/4/2026 20:08:15,Grupo 1,"Ormachea Mamani, Gabriel",Masculino,21,70,1.68,Ciencias de la Computación,3,5,5,13,Décimo,10,Gimnasio / Levantamiento de pesas,En casa,Individual,7,"Moderado: Podía hablar en frases cortas, pero me agitaba un poco y necesitaba respirar.",Noche,Alta: Mantuve mi rutina de manera estricta y constante todo el ciclo.,80,25,Alto: Mantengo la concentración durante la mayor parte del tiempo sin distracciones significativas.,Bebidas energéticas,4,Ninguna en especial,4,Muy buena,Muy alto,Muy alto
28/4/2026 20:37:01,Grupo 1,"Ormachea Mamani, Gabriel",Masculino,19,66,173,Ciencias de la Computación,5,4,1,10,Tercio,0,No realizo actividad fisica,,,,,,,17,8,Bajo: Me distraigo con facilidad y me cuesta mantener la atención durante el estudio.,Ninguno,4,Ninguna en especial,7,Regular,Moderado,Alto
28/4/2026 21:08:48,Grupo 7,"Rosales Esteban, Antony Yonel",Masculino,21,90,170,Ciencias de la Computación,9,4,4,17.5,Décimo,3,Gimnasio / Levantamiento de pesas,En gimnasio,Individual,3,"Moderado: Podía hablar en frases cortas, pero me agitaba un poco y necesitaba respirar.",Tarde,"Media: Tuve constancia por algunas semanas, pero con interrupciones frecuentes.",22,5,"Medio: Logro concentrarme por períodos moderados, pero presento algunas distracciones.","Multivitamínicos y Minerales, Creatina",3,Ninguna en especial,8,Regular,Muy alto,Bajo
28/4/2026 23:28:23,Grupo 3,"Arriarán Panez, Sebastián André",Masculino,20,77,166,Ciencias de la Computación,5,5,5,15.54,Tercio,2,"Entrenamiento en casa (Calistenia, Yoga, rutinas por video)",En casa,Individual,4,Bajo: Podía mantener una conversación larga o cantar sin ningún esfuerzo,Noche,"Baja: Fui muy irregular, entrenando solo ocasionalmente.",23,18,"Medio: Logro concentrarme por períodos moderados, pero presento algunas distracciones.",Ninguno,4,Ninguna en especial,5,Mala,Moderado,Alto
29/4/2026 1:28:17,Grupo 5,"Cabanillas Ventocilla, Abigail Jaslin",Femenino,18,56,168,Ingeniería Mecánica,7,5,5,16.7,Quinto,0,No realizo actividad fisica,,,,,,,17,9,"Medio: Logro concentrarme por períodos moderados, pero presento algunas distracciones.",Ninguno,4,Ninguna en especial,7,Regular,Moderado,Moderado
29/4/2026 1:29:41,Grupo 5,"Cabanillas Ventocilla, Abigail Jaslin",Femenino,17,67,168,Ingeniería Electrónica,8,4,4,16.6,Quinto,0,No realizo actividad fisica,,,,,,,15,6,Bajo: Me distraigo con facilidad y me cuesta mantener la atención durante el estudio.,Ninguno,4,Ninguna en especial,6,Regular,Moderado,Moderado
29/4/2026 1:30:58,Grupo 5,"Cabanillas Ventocilla, Abigail Jaslin",Femenino,18,50,157,Ingeniría de la Energía,5,5,5,17.1,Quinto,0,No realizo actividad fisica,,,,,,,20,7,"Medio: Logro concentrarme por períodos moderados, pero presento algunas distracciones.",Ninguno,4,Ninguna en especial,7,Regular,Moderado,Moderado
29/4/2026 1:32:11,Grupo 5,"Reyes Neyra, Mariel Azucena",Masculino,19,76,178,Ciencias de la Computación,5,6,5,16.2,Tercio,4,"Deportes de equipo (Fútbol, Básquet, Vóley, etc.)","En espacios públicos (parques, canchas, piscinas, etc.)",Colectiva,2,Alto: Me faltaba el aliento rápido y apenas podía decir unas pocas palabras sin parar a tomar aire.,Noche,Alta: Mantuve mi rutina de manera estricta y constante todo el ciclo.,18,10,"Medio: Logro concentrarme por períodos moderados, pero presento algunas distracciones.",Bebidas rehidratantes,4,Alta en proteínas,8,Buena,Moderado,Moderado
29/4/2026 1:32:14,Grupo 5,"Cabanillas Ventocilla, Abigail Jaslin",Masculino,18,49,159,Ingeniría de la Energía,9,4,4,16.7,Quinto,0,No realizo actividad fisica,,,,,,,16,7,"Medio: Logro concentrarme por períodos moderados, pero presento algunas distracciones.",Ninguno,4,Ninguna en especial,6,Regular,Moderado,Moderado
29/4/2026 1:33:54,Grupo 5,"Cabanillas Ventocilla, Abigail Jaslin",Prefiero no decirlo / Otro,22,68,163,Sistemas de la Información,7,5,5,16.7,Quinto,0,No realizo actividad fisica,,,,,,,17,7,"Medio: Logro concentrarme por períodos moderados, pero presento algunas distracciones.",Ninguno,4,Ninguna en especial,6,Regular,Moderado,Moderado
29/4/2026 12:08:51,Grupo 1,"Canepa Noya, Doménico",Masculino,17,50,1.72,Ingeniería Mecatrónica,3,6,5,13.93,Tercio medio,3,Gimnasio / Levantamiento de pesas,En gimnasio,Individual,3,"Moderado: Podía hablar en frases cortas, pero me agitaba un poco y necesitaba respirar.",Mañana,"Media: Tuve constancia por algunas semanas, pero con interrupciones frecuentes.",23,3,"Medio: Logro concentrarme por períodos moderados, pero presento algunas distracciones.",Creatina,4,Ninguna en especial,6,Regular,Moderado,Moderado
29/4/2026 12:58:06,Grupo 1,"FÉLIX MEDINA, ADRIÁN FERNANDO",Masculino,21,64,1.65,Administración y Negocios Digitales,7,5,5,17.01,Quinto,12,"Entrenamiento en casa (Calistenia, Yoga, rutinas por video)",En casa,Individual,7,Alto: Me faltaba el aliento rápido y apenas podía decir unas pocas palabras sin parar a tomar aire.,Tarde,Alta: Mantuve mi rutina de manera estricta y constante todo el ciclo.,20,6,"Medio: Logro concentrarme por períodos moderados, pero presento algunas distracciones.",Ninguno,3,Ninguna en especial,6,Regular,Moderado,Bajo
29/4/2026 13:01:11,Grupo 1,"Momiy Nakama, Akio andres",Femenino,20,54,159,Administración y Negocios Digitales,5,7,7,16.4,Tercio,10,Gimnasio / Levantamiento de pesas,En gimnasio,Individual,5,"Moderado: Podía hablar en frases cortas, pero me agitaba un poco y necesitaba respirar.",Mañana,"Media: Tuve constancia por algunas semanas, pero con interrupciones frecuentes.",28,14,"Medio: Logro concentrarme por períodos moderados, pero presento algunas distracciones.",Bebidas energéticas,3,Ninguna en especial,6,Regular,Moderado,Alto
29/4/2026 13:06:23,Grupo 1,"FÉLIX MEDINA, ADRIÁN FERNANDO",Masculino,20,80,172,Ingeniería Mecánica,2,7,7,15.8,Tercio,4,Gimnasio / Levantamiento de pesas,En gimnasio,Individual,2,"Moderado: Podía hablar en frases cortas, pero me agitaba un poco y necesitaba respirar.",Tarde,"Baja: Fui muy irregular, entrenando solo ocasionalmente.",14,6,"Medio: Logro concentrarme por períodos moderados, pero presento algunas distracciones.",Ninguno,3,Ninguna en especial,6,Mala,Muy alto,Muy alto
29/4/2026 13:08:54,Grupo 1,"Momiy Nakama, Akio andres",Masculino,20,80,1.68,Ingeniería Industrial,4,5,5,14,Tercio,0,No realizo actividad fisica,,,,,,,30,6,"Medio: Logro concentrarme por períodos moderados, pero presento algunas distracciones.",Ninguno,3,Ninguna en especial,8,Regular,Muy alto,Muy alto
29/4/2026 13:24:15,Grupo 1,"FÉLIX MEDINA, ADRIÁN FERNANDO",Masculino,22,90,1.72,Ingeniería Civil,3,3,3,14,Quinto,3,"Entrenamiento en casa (Calistenia, Yoga, rutinas por video)",En casa,Individual,3,Bajo: Podía mantener una conversación larga o cantar sin ningún esfuerzo,Mañana,"Media: Tuve constancia por algunas semanas, pero con interrupciones frecuentes.",4,4,Bajo: Me distraigo con facilidad y me cuesta mantener la atención durante el estudio.,Ninguno,3,Ninguna en especial,7,Buena,Moderado,Moderado
29/4/2026 13:28:54,Grupo 1,"FÉLIX MEDINA, ADRIÁN FERNANDO",Masculino,22,70,170,Ingeniería Mecatrónica,4,5,5,16,Tercio medio,4,"Deportes de equipo (Fútbol, Básquet, Vóley, etc.)",En instalaciones de la universidad,Colectiva,2,"Moderado: Podía hablar en frases cortas, pero me agitaba un poco y necesitaba respirar.",Mañana,"Media: Tuve constancia por algunas semanas, pero con interrupciones frecuentes.",10,6,"Medio: Logro concentrarme por períodos moderados, pero presento algunas distracciones.",Creatina,2,Ninguna en especial,6,Buena,Moderado,Alto
29/4/2026 13:33:07,Grupo 1,"FÉLIX MEDINA, ADRIÁN FERNANDO",Masculino,22,72,170,Ingeniería Mecatrónica,4,5,5,17.5,Tercio,1,"Entrenamiento en casa (Calistenia, Yoga, rutinas por video)","En espacios públicos (parques, canchas, piscinas, etc.)",Individual,10,"Moderado: Podía hablar en frases cortas, pero me agitaba un poco y necesitaba respirar.",Mañana,"Media: Tuve constancia por algunas semanas, pero con interrupciones frecuentes.",2,3,"Medio: Logro concentrarme por períodos moderados, pero presento algunas distracciones.",Ninguno,4,Ninguna en especial,6,Regular,Moderado,Moderado
29/4/2026 13:35:33,Grupo 1,"Momiy Nakama, Akio andres",Masculino,18,62,182,Ingeniería Mecánica,2,6,6,15,Tercio,10,Artes marciales / Deportes de contacto,En instalaciones de la universidad,Individual,5,"Moderado: Podía hablar en frases cortas, pero me agitaba un poco y necesitaba respirar.",Tarde,"Media: Tuve constancia por algunas semanas, pero con interrupciones frecuentes.",20,4,"Medio: Logro concentrarme por períodos moderados, pero presento algunas distracciones.","Bebidas energéticas, Multivitamínicos y Minerales, Polvos Pre-Entreno, Proteína en polvo (Whey, Vegana, Caseína), Mass gainers, Creatina",4,Ninguna en especial,5,Mala,Alto,Muy alto
29/4/2026 13:50:09,Grupo 1,"Momiy Nakama, Akio andres",Masculino,17,43,152,Ingeniería Electrónica,2,6,6,1,Tercio,0,No realizo actividad fisica,,,,,,,6,100,"Medio: Logro concentrarme por períodos moderados, pero presento algunas distracciones.",Bebidas energéticas,3,Ninguna en especial,8,Muy buena,Moderado,Moderado
29/4/2026 13:51:45,Grupo 1,"FÉLIX MEDINA, ADRIÁN FERNANDO",Femenino,22,58,1.5,Bioingeniería,7,4,3,13,Tercio medio,2,"Entrenamiento en casa (Calistenia, Yoga, rutinas por video)",En casa,Individual,1,Bajo: Podía mantener una conversación larga o cantar sin ningún esfuerzo,Noche,"Baja: Fui muy irregular, entrenando solo ocasionalmente.",15,5,"Medio: Logro concentrarme por períodos moderados, pero presento algunas distracciones.",Bebidas energéticas,2,Ninguna en especial,6,Mala,Alto,Alto
29/4/2026 13:57:18,Grupo 1,"FÉLIX MEDINA, ADRIÁN FERNANDO",Masculino,17,64,160,Ingeniería Química,2,6,6,16,Tercio,6,Gimnasio / Levantamiento de pesas,En instalaciones de la universidad,Individual,6,Bajo: Podía mantener una conversación larga o cantar sin ningún esfuerzo,Mañana,Alta: Mantuve mi rutina de manera estricta y constante todo el ciclo.,24,48,"Medio: Logro concentrarme por períodos moderados, pero presento algunas distracciones.",Bebidas rehidratantes,4,Ninguna en especial,7,Buena,Bajo,Moderado
29/4/2026 14:37:05,Grupo 5,"Portal Ruiz, Axel Roberth",Masculino,20,60,170,Ingeniería Ambiental,3,8,7,14,Tercio medio,3.5,"Entrenamiento en casa (Calistenia, Yoga, rutinas por video)",En casa,Individual,6,"Moderado: Podía hablar en frases cortas, pero me agitaba un poco y necesitaba respirar.",Tarde,"Media: Tuve constancia por algunas semanas, pero con interrupciones frecuentes.",30,14,"Medio: Logro concentrarme por períodos moderados, pero presento algunas distracciones.",Ninguno,3,Ninguna en especial,7,Regular,Alto,Muy alto
29/4/2026 14:38:53,Grupo 1,"FÉLIX MEDINA, ADRIÁN FERNANDO",Masculino,20,66,179,Ciencias de la Computación,5,4,4,18.73,Décimo,1.5,Tenis de mesa,Otros,Colectiva,1,"Moderado: Podía hablar en frases cortas, pero me agitaba un poco y necesitaba respirar.",Mañana,"Baja: Fui muy irregular, entrenando solo ocasionalmente.",23,35,"Medio: Logro concentrarme por períodos moderados, pero presento algunas distracciones.",Ninguno,4,Ninguna en especial,7,Regular,Alto,Alto
29/4/2026 14:47:16,Grupo 1,"FÉLIX MEDINA, ADRIÁN FERNANDO",Femenino,17,69,170,Bioingeniería,2,2,3,4,Tercio,10,Artes marciales / Deportes de contacto,En casa,Colectiva,20,"Moderado: Podía hablar en frases cortas, pero me agitaba un poco y necesitaba respirar.",Noche,"Media: Tuve constancia por algunas semanas, pero con interrupciones frecuentes.",10,6,"Medio: Logro concentrarme por períodos moderados, pero presento algunas distracciones.","Proteína en polvo (Whey, Vegana, Caseína)",4,Ninguna en especial,1,Muy buena,Muy alto,Muy alto
29/4/2026 17:03:55,Grupo 1,"Lopez Cueto, Camila Alejandra",Masculino,22,30,1.6,Ciencias de la Computación,2,6,6,13.5,Tercio medio,0,No realizo actividad fisica,,,,,,,30,17,"Medio: Logro concentrarme por períodos moderados, pero presento algunas distracciones.",Bebidas energéticas,3,Ninguna en especial,6,Regular,Alto,Alto
29/4/2026 17:16:46,Grupo 1,"Lopez Cueto, Camila Alejandra",Femenino,19,76,1.7,Ciencias de la Computación,2,6,6,14.5,Décimo,7,"Entrenamiento en casa (Calistenia, Yoga, rutinas por video)",En casa,Individual,4,"Moderado: Podía hablar en frases cortas, pero me agitaba un poco y necesitaba respirar.",Noche,"Media: Tuve constancia por algunas semanas, pero con interrupciones frecuentes.",27,15,"Medio: Logro concentrarme por períodos moderados, pero presento algunas distracciones.",Ninguno,4,Ninguna en especial,4,Mala,Alto,Alto
29/4/2026 17:17:22,Grupo 1,"Lopez Cueto, Camila Alejandra",Femenino,20,50,149,Ingeniería Mecatrónica,6,5,5,20,Tercio,5,"Deportes de equipo (Fútbol, Básquet, Vóley, etc.)",En instalaciones de la universidad,Colectiva,5,"Moderado: Podía hablar en frases cortas, pero me agitaba un poco y necesitaba respirar.",Noche,"Media: Tuve constancia por algunas semanas, pero con interrupciones frecuentes.",16,10,"Medio: Logro concentrarme por períodos moderados, pero presento algunas distracciones.",Ninguno,1,Ninguna en especial,7,Mala,Muy alto,Muy alto
29/4/2026 17:21:13,Grupo 1,"Lopez Cueto, Camila Alejandra",Masculino,19,87,175,Ingeniería Mecatrónica,6,5,5,13,Tercio medio,8,Gimnasio / Levantamiento de pesas,En gimnasio,Individual,4,"Moderado: Podía hablar en frases cortas, pero me agitaba un poco y necesitaba respirar.",Noche,"Media: Tuve constancia por algunas semanas, pero con interrupciones frecuentes.",20,10,"Medio: Logro concentrarme por períodos moderados, pero presento algunas distracciones.",Ninguno,3,Ninguna en especial,5,Mala,Muy alto,Muy alto
29/4/2026 17:22:08,Grupo 5,"Reyes Neyra, Mariel Azucena",Femenino,18,57,159,Ciencia de Datos,3,7,6,16.9,Tercio medio,2,"Deportes aeróbicos (Correr, Nadar, Ciclismo)","En espacios públicos (parques, canchas, piscinas, etc.)",Individual,2,Bajo: Podía mantener una conversación larga o cantar sin ningún esfuerzo,Mañana,"Media: Tuve constancia por algunas semanas, pero con interrupciones frecuentes.",22,8,Alto: Mantengo la concentración durante la mayor parte del tiempo sin distracciones significativas.,Ninguno,4,Ninguna en especial,7,Regular,Moderado,Moderado
29/4/2026 17:30:50,Grupo 1,"Lopez Cueto, Camila Alejandra",Masculino,19,56,178,Ciencias de la Computación,5,4,3,12.56,Tercio inferior,0,No realizo actividad fisica,,,,,,,12,4,Bajo: Me distraigo con facilidad y me cuesta mantener la atención durante el estudio.,Ninguno,4,Ninguna en especial,5,Mala,Bajo,Moderado
29/4/2026 19:10:01,Grupo 1,"Momiy Nakama, Akio andres",Femenino,18,61,159,Ciencias de la Computación,3,5,5,16,Décimo,5,Gimnasio / Levantamiento de pesas,En gimnasio,Individual,4,"Moderado: Podía hablar en frases cortas, pero me agitaba un poco y necesitaba respirar.",Mañana,"Media: Tuve constancia por algunas semanas, pero con interrupciones frecuentes.",36,5,"Medio: Logro concentrarme por períodos moderados, pero presento algunas distracciones.",Ninguno,4,Ninguna en especial,6,Mala,Alto,Alto
30/4/2026 9:02:06,Grupo 3,"Dos Anjos Lopes, María Eduarda",Femenino,18,59,1.66,Ingeniería Química,3,6,6,15,Décimo,12,"Deportes aeróbicos (Correr, Nadar, Ciclismo)","En espacios públicos (parques, canchas, piscinas, etc.)",Colectiva,2,"Moderado: Podía hablar en frases cortas, pero me agitaba un poco y necesitaba respirar.",Tarde,"Media: Tuve constancia por algunas semanas, pero con interrupciones frecuentes.",10,10,"Medio: Logro concentrarme por períodos moderados, pero presento algunas distracciones.",Ninguno,4,Ninguna en especial,9,Regular,Alto,Alto
30/4/2026 9:05:41,Grupo 3,"Dos Anjos Lopes, María Eduarda",Femenino,17,50,152,Ingeniería Química,3,6,5,14.3,Tercio medio,0,No realizo actividad fisica,,,,,,,26,5,"Medio: Logro concentrarme por períodos moderados, pero presento algunas distracciones.",café ,4,Ninguna en especial,6,Regular,Moderado,Muy alto
30/4/2026 10:44:46,Grupo 3,"Neciosup Abanto, Edwin Jeremy",Masculino,18,63,180,Ingeniería Mecatrónica,3,7,7,16,Tercio,6,Gimnasio / Levantamiento de pesas,En gimnasio,Individual,2,"Moderado: Podía hablar en frases cortas, pero me agitaba un poco y necesitaba respirar.",Noche,"Baja: Fui muy irregular, entrenando solo ocasionalmente.",18,6,"Medio: Logro concentrarme por períodos moderados, pero presento algunas distracciones.",Ninguno,3,Ninguna en especial,7,Buena,Moderado,Moderado
30/4/2026 10:53:08,Grupo 1,"Canepa Noya, Doménico",Masculino,18,80.3,191,Ingeniería Mecatrónica,3,6,6,15.3,Tercio,7.8,Gimnasio / Levantamiento de pesas,En gimnasio,Individual,5,"Moderado: Podía hablar en frases cortas, pero me agitaba un poco y necesitaba respirar.",Tarde,"Media: Tuve constancia por algunas semanas, pero con interrupciones frecuentes.",23,6,Alto: Mantengo la concentración durante la mayor parte del tiempo sin distracciones significativas.,Ninguno,3,Alta en proteínas,8,Regular,Moderado,Moderado
30/4/2026 10:53:18,Grupo 3,"Aguilar Neciosup, Santiago",Masculino,26,63,170,Ingeniería Mecánica,10,2,2,14,Tercio medio,4,"Deportes de equipo (Fútbol, Básquet, Vóley, etc.)","En espacios públicos (parques, canchas, piscinas, etc.)",Individual,3,Bajo: Podía mantener una conversación larga o cantar sin ningún esfuerzo,Noche,"Baja: Fui muy irregular, entrenando solo ocasionalmente.",10,8,"Medio: Logro concentrarme por períodos moderados, pero presento algunas distracciones.",Ninguno,4,Ninguna en especial,8,Buena,Alto,Alto
30/4/2026 10:54:30,Grupo 3,"Aguilar Neciosup, Santiago",Masculino,17,72,167,Bioingeniería,2,7,7,15,Tercio medio,2,"Deportes aeróbicos (Correr, Nadar, Ciclismo)","En espacios públicos (parques, canchas, piscinas, etc.)",Individual,2,Bajo: Podía mantener una conversación larga o cantar sin ningún esfuerzo,Tarde,"Media: Tuve constancia por algunas semanas, pero con interrupciones frecuentes.",67,5,"Medio: Logro concentrarme por períodos moderados, pero presento algunas distracciones.",Bebidas energéticas,2,Vegana,6,Mala,Moderado,Muy alto
30/4/2026 11:00:26,Grupo 3,"Aguilar Neciosup, Santiago",Masculino,19,56,176,Ciencia de Datos,7,6,6,16.95,Quinto,50,Gimnasio / Levantamiento de pesas,En gimnasio,Individual,2,"Moderado: Podía hablar en frases cortas, pero me agitaba un poco y necesitaba respirar.",Noche,"Media: Tuve constancia por algunas semanas, pero con interrupciones frecuentes.",29,24,"Medio: Logro concentrarme por períodos moderados, pero presento algunas distracciones.",Ninguno,3,Ninguna en especial,5,Mala,Alto,Alto
30/4/2026 11:01:22,Grupo 3,"Aguilar Neciosup, Santiago",Masculino,24,59,180,Bioingeniería,9,6,6,14,Tercio,1,"Entrenamiento en casa (Calistenia, Yoga, rutinas por video)",En casa,Individual,3,"Moderado: Podía hablar en frases cortas, pero me agitaba un poco y necesitaba respirar.",Noche,"Baja: Fui muy irregular, entrenando solo ocasionalmente.",20,10,"Medio: Logro concentrarme por períodos moderados, pero presento algunas distracciones.",Bebidas energéticas,5,Ninguna en especial,4,Mala,Alto,Alto
30/4/2026 11:07:02,Grupo 3,"Aguilar Neciosup, Santiago",Masculino,18,65,178,Ingeniería Química,3,6,5,12.2,Tercio medio,5,"Deportes de equipo (Fútbol, Básquet, Vóley, etc.)",En instalaciones de la universidad,Colectiva,4,"Moderado: Podía hablar en frases cortas, pero me agitaba un poco y necesitaba respirar.",Mañana,"Media: Tuve constancia por algunas semanas, pero con interrupciones frecuentes.",22,6,Bajo: Me distraigo con facilidad y me cuesta mantener la atención durante el estudio.,Ninguno,4,Ninguna en especial,8,Buena,Alto,Alto
30/4/2026 11:07:11,Grupo 3,"Aguilar Neciosup, Santiago",Femenino,21,57,160,Ingeniería Química,4,4,4,13,Décimo,0,No realizo actividad fisica,,,,,,,12,6,Bajo: Me distraigo con facilidad y me cuesta mantener la atención durante el estudio.,Ninguno,5,Baja en carbohidratos,8,Muy mala,Moderado,Muy alto
30/4/2026 11:11:22,Grupo 3,"Aguilar Neciosup, Santiago",Masculino,18,74,176,Ingeniería Industrial,5,6,6,15,Tercio inferior,7,"Entrenamiento en casa (Calistenia, Yoga, rutinas por video)",En casa,Individual,7,"Moderado: Podía hablar en frases cortas, pero me agitaba un poco y necesitaba respirar.",Tarde,"Media: Tuve constancia por algunas semanas, pero con interrupciones frecuentes.",22,7,"Medio: Logro concentrarme por períodos moderados, pero presento algunas distracciones.",Ninguno,4,Ninguna en especial,6,Mala,Bajo,Moderado
30/4/2026 11:11:37,Grupo 3,"Aguilar Neciosup, Santiago",Masculino,19,72,170,Ingeniería Industrial,5,5,5,16.12,Tercio,4,Gimnasio / Levantamiento de pesas,En casa,Colectiva,3,"Moderado: Podía hablar en frases cortas, pero me agitaba un poco y necesitaba respirar.",Mañana,"Media: Tuve constancia por algunas semanas, pero con interrupciones frecuentes.",18,4,"Medio: Logro concentrarme por períodos moderados, pero presento algunas distracciones.",Bebidas rehidratantes,3,Ninguna en especial,6,Regular,Moderado,Moderado
30/4/2026 11:11:49,Grupo 1,"Canepa Noya, Doménico",Masculino,18,60,164,Ciencia de Datos,3,5,4,14,Tercio,7,"Entrenamiento en casa (Calistenia, Yoga, rutinas por video)",En casa,Individual,4,"Moderado: Podía hablar en frases cortas, pero me agitaba un poco y necesitaba respirar.",Tarde,"Media: Tuve constancia por algunas semanas, pero con interrupciones frecuentes.",17,8,"Medio: Logro concentrarme por períodos moderados, pero presento algunas distracciones.",Bebidas energéticas,4,Ninguna en especial,8,Regular,Alto,Alto
30/4/2026 11:20:56,Grupo 3,"Aguilar Neciosup, Santiago",Masculino,24,81,170,Ingeniería Civil,7,4,3,15.6,Tercio medio,7,Gimnasio / Levantamiento de pesas,En gimnasio,Individual,5,Bajo: Podía mantener una conversación larga o cantar sin ningún esfuerzo,Noche,"Media: Tuve constancia por algunas semanas, pero con interrupciones frecuentes.",20,10,Bajo: Me distraigo con facilidad y me cuesta mantener la atención durante el estudio.,Creatina,5,Alta en proteínas,6,Mala,Moderado,Alto
30/4/2026 11:22:51,Grupo 3,"Aguilar Neciosup, Santiago",Masculino,18,70,1.75,Ciencias de la Computación,3,6,7,15,Tercio medio,5,"Deportes de equipo (Fútbol, Básquet, Vóley, etc.)",En instalaciones de la universidad,Colectiva,3,"Moderado: Podía hablar en frases cortas, pero me agitaba un poco y necesitaba respirar.",Mañana,Alta: Mantuve mi rutina de manera estricta y constante todo el ciclo.,4,5,Alto: Mantengo la concentración durante la mayor parte del tiempo sin distracciones significativas.,"Bebidas energéticas, Bebidas rehidratantes",5,Ninguna en especial,8,Buena,Moderado,Moderado
30/4/2026 11:26:25,Grupo 1,"Canepa Noya, Doménico",Masculino,19,70,73,Ingeniería Civil,5,6,6,13,Tercio inferior,6,"Deportes de equipo (Fútbol, Básquet, Vóley, etc.)","En espacios públicos (parques, canchas, piscinas, etc.)",Colectiva,5,"Moderado: Podía hablar en frases cortas, pero me agitaba un poco y necesitaba respirar.",Mañana,"Media: Tuve constancia por algunas semanas, pero con interrupciones frecuentes.",10,8,"Medio: Logro concentrarme por períodos moderados, pero presento algunas distracciones.","Bebidas rehidratantes, Multivitamínicos y Minerales",3,Alta en proteínas,5,Mala,Moderado,Alto
30/4/2026 11:27:27,Grupo 3,"Neciosup Abanto, Edwin Jeremy",Masculino,18,68,1.67,Ciencia de Datos,2,6,6,17,Tercio medio,5,Gimnasio / Levantamiento de pesas,En instalaciones de la universidad,Individual,3,"Moderado: Podía hablar en frases cortas, pero me agitaba un poco y necesitaba respirar.",Mañana,"Media: Tuve constancia por algunas semanas, pero con interrupciones frecuentes.",27,5,Bajo: Me distraigo con facilidad y me cuesta mantener la atención durante el estudio.,Ninguno,4,Ninguna en especial,7,Regular,Moderado,Moderado
30/4/2026 11:27:28,Grupo 3,"Neciosup Abanto, Edwin Jeremy",Masculino,18,70,173,Ciencias de la Computación,2,6,6,17,Décimo,5,Gimnasio / Levantamiento de pesas,En gimnasio,Colectiva,4,"Moderado: Podía hablar en frases cortas, pero me agitaba un poco y necesitaba respirar.",Tarde,Alta: Mantuve mi rutina de manera estricta y constante todo el ciclo.,27,8,Alto: Mantengo la concentración durante la mayor parte del tiempo sin distracciones significativas.,"Proteína en polvo (Whey, Vegana, Caseína), Creatina",4,Ninguna en especial,7,Muy buena,Moderado,Moderado
30/4/2026 11:27:29,Grupo 3,"Neciosup Abanto, Edwin Jeremy",Masculino,18,65,182,Ciencias de la Computación,2,5,5,18.25,Décimo,5,Gimnasio / Levantamiento de pesas,En gimnasio,Colectiva,3,"Moderado: Podía hablar en frases cortas, pero me agitaba un poco y necesitaba respirar.",Tarde,"Media: Tuve constancia por algunas semanas, pero con interrupciones frecuentes.",27,5,"Medio: Logro concentrarme por períodos moderados, pero presento algunas distracciones.",Ninguno,4,Ninguna en especial,7,Regular,Moderado,Moderado
30/4/2026 11:31:12,Grupo 3,"Aguilar Neciosup, Santiago",Masculino,18,78,172,Sistemas de la Información,3,6,6,15,Décimo,6,"Deportes de equipo (Fútbol, Básquet, Vóley, etc.)","En espacios públicos (parques, canchas, piscinas, etc.)",Colectiva,3,"Moderado: Podía hablar en frases cortas, pero me agitaba un poco y necesitaba respirar.",Mañana,"Media: Tuve constancia por algunas semanas, pero con interrupciones frecuentes.",0,10,"Medio: Logro concentrarme por períodos moderados, pero presento algunas distracciones.",Ninguno,0,Alta en proteínas,1,Muy mala,Muy alto,Muy alto
30/4/2026 11:32:51,Grupo 3,"Neciosup Abanto, Edwin Jeremy",Masculino,20,72,170,Ingeniería Electrónica,5,6,6,15.5,Tercio,3,"Entrenamiento en casa (Calistenia, Yoga, rutinas por video)",En casa,Individual,3,"Moderado: Podía hablar en frases cortas, pero me agitaba un poco y necesitaba respirar.",Noche,"Media: Tuve constancia por algunas semanas, pero con interrupciones frecuentes.",20,5,"Medio: Logro concentrarme por períodos moderados, pero presento algunas distracciones.","Proteína en polvo (Whey, Vegana, Caseína), Creatina",3,Alta en proteínas,6,Buena,Muy alto,Muy alto
30/4/2026 11:33:36,Grupo 1,"Canepa Noya, Doménico",Masculino,26,75,180,Ingeniería Electrónica,9,4,2,14,Tercio medio,3,Gimnasio / Levantamiento de pesas,En gimnasio,Individual,3,"Moderado: Podía hablar en frases cortas, pero me agitaba un poco y necesitaba respirar.",Noche,"Media: Tuve constancia por algunas semanas, pero con interrupciones frecuentes.",12,2,"Medio: Logro concentrarme por períodos moderados, pero presento algunas distracciones.",Creatina,4,Alta en proteínas,5,Regular,Moderado,Moderado
30/4/2026 11:39:34,Grupo 3,"Aguilar Neciosup, Santiago",Masculino,22,75,179,Bioingeniería,Más de 10,4,4,16.93,Tercio,8,"Deportes de equipo (Fútbol, Básquet, Vóley, etc.)",En instalaciones de la universidad,Colectiva,4,"Moderado: Podía hablar en frases cortas, pero me agitaba un poco y necesitaba respirar.",Mañana,"Media: Tuve constancia por algunas semanas, pero con interrupciones frecuentes.",17,8,"Medio: Logro concentrarme por períodos moderados, pero presento algunas distracciones.","Bebidas rehidratantes, Proteína en polvo (Whey, Vegana, Caseína), Creatina",4,Ninguna en especial,7,Regular,Moderado,Moderado
30/4/2026 11:40:05,Grupo 1,"Canepa Noya, Doménico",Masculino,20,78,174,Ciencias de la Computación,7,5,3,14,Tercio medio,6,Gimnasio / Levantamiento de pesas,En gimnasio,Individual,3,"Moderado: Podía hablar en frases cortas, pero me agitaba un poco y necesitaba respirar.",Tarde,"Media: Tuve constancia por algunas semanas, pero con interrupciones frecuentes.",20,10,Bajo: Me distraigo con facilidad y me cuesta mantener la atención durante el estudio.,Ninguno,4,Ninguna en especial,6,Regular,Bajo,Moderado
30/4/2026 11:42:43,Grupo 1,"Canepa Noya, Doménico",Masculino,20,68,173,Ciencias de la Computación,6,2,2,16,Tercio,5,Gimnasio / Levantamiento de pesas,En gimnasio,Individual,5,"Moderado: Podía hablar en frases cortas, pero me agitaba un poco y necesitaba respirar.",Noche,"Media: Tuve constancia por algunas semanas, pero con interrupciones frecuentes.",10,5,"Medio: Logro concentrarme por períodos moderados, pero presento algunas distracciones.",Ninguno,4,Ninguna en especial,7,Buena,Bajo,Moderado
30/4/2026 11:46:26,Grupo 3,"Neciosup Abanto, Edwin Jeremy",Masculino,18,68,170,Ciencias de la Computación,3,6,6,16.8,Quinto,2,"Deportes aeróbicos (Correr, Nadar, Ciclismo)","En espacios públicos (parques, canchas, piscinas, etc.)",Individual,1,Bajo: Podía mantener una conversación larga o cantar sin ningún esfuerzo,Tarde,"Media: Tuve constancia por algunas semanas, pero con interrupciones frecuentes.",16,45,"Medio: Logro concentrarme por períodos moderados, pero presento algunas distracciones.",Ninguno,4,Ninguna en especial,6,Regular,Muy alto,Muy alto
30/4/2026 11:48:35,Grupo 1,"Canepa Noya, Doménico",Masculino,17,74,184,Ingeniería Mecatrónica,2,1,0,1,Tercio inferior,76,Artes marciales / Deportes de contacto,En casa,Colectiva,2,"Moderado: Podía hablar en frases cortas, pero me agitaba un poco y necesitaba respirar.",Mañana,"Media: Tuve constancia por algunas semanas, pero con interrupciones frecuentes.",30,24,Bajo: Me distraigo con facilidad y me cuesta mantener la atención durante el estudio.,Bebidas energéticas,4,Ninguna en especial,5,Mala,Bajo,Alto
30/4/2026 11:52:55,Grupo 1,"Canepa Noya, Doménico",Masculino,17,70,175,Ciencia de Datos,2,5,4,16,Tercio medio,2,Gimnasio / Levantamiento de pesas,En instalaciones de la universidad,Individual,2,"Moderado: Podía hablar en frases cortas, pero me agitaba un poco y necesitaba respirar.",Tarde,"Media: Tuve constancia por algunas semanas, pero con interrupciones frecuentes.",27,5,"Medio: Logro concentrarme por períodos moderados, pero presento algunas distracciones.",Ninguno,3,Ninguna en especial,8,Regular,Alto,Moderado
30/4/2026 11:53:10,Grupo 3,"Neciosup Abanto, Edwin Jeremy",Masculino,19,100,175,Ingeniería Mecatrónica,5,6,6,100,Tercio,1,Gimnasio / Levantamiento de pesas,En gimnasio,Individual,6,"Moderado: Podía hablar en frases cortas, pero me agitaba un poco y necesitaba respirar.",Tarde,"Media: Tuve constancia por algunas semanas, pero con interrupciones frecuentes.",30,7,"Medio: Logro concentrarme por períodos moderados, pero presento algunas distracciones.",Ninguno,3,Ninguna en especial,6,Mala,Moderado,Moderado
30/4/2026 11:53:33,Grupo 3,"Neciosup Abanto, Edwin Jeremy",Masculino,17,81,174,Ciencia de Datos,2,6,6,16,Tercio inferior,110,Gimnasio / Levantamiento de pesas,En gimnasio,Individual,4,"Moderado: Podía hablar en frases cortas, pero me agitaba un poco y necesitaba respirar.",Tarde,Alta: Mantuve mi rutina de manera estricta y constante todo el ciclo.,30,50,"Medio: Logro concentrarme por períodos moderados, pero presento algunas distracciones.",Ninguno,4,Registro calorias,6,Regular,Moderado,Moderado
30/4/2026 12:05:43,Grupo 1,"Canepa Noya, Doménico",Masculino,23,60,1.62,Ingeniería Mecánica,6,5,5,14,Tercio,3,"Deportes de equipo (Fútbol, Básquet, Vóley, etc.)","En espacios públicos (parques, canchas, piscinas, etc.)",Colectiva,3,"Moderado: Podía hablar en frases cortas, pero me agitaba un poco y necesitaba respirar.",Tarde,"Media: Tuve constancia por algunas semanas, pero con interrupciones frecuentes.",20,18,"Medio: Logro concentrarme por períodos moderados, pero presento algunas distracciones.",Ninguno,3,Ninguna en especial,8,Buena,Moderado,Alto
30/4/2026 12:05:48,Grupo 1,"Canepa Noya, Doménico",Masculino,21,100,172,Ingeniería Mecatrónica,6,5,5,13.7,Tercio medio,1,"Entrenamiento en casa (Calistenia, Yoga, rutinas por video)",En casa,Individual,1,Bajo: Podía mantener una conversación larga o cantar sin ningún esfuerzo,Mañana,"Media: Tuve constancia por algunas semanas, pero con interrupciones frecuentes.",1,20,Bajo: Me distraigo con facilidad y me cuesta mantener la atención durante el estudio.,Ninguno,3,Ninguna en especial,4,Muy mala,Alto,Alto
30/4/2026 12:07:55,Grupo 3,"Dos Anjos Lopes, María Eduarda",Femenino,18,62,155,Ingeniería Química,3,6,5,14.3,Tercio medio,3,No realizo actividad fisica,,,,,,,26,10,"Medio: Logro concentrarme por períodos moderados, pero presento algunas distracciones.",Ninguno,3,Ninguna en especial,4,Muy mala,Alto,Muy alto
30/4/2026 12:08:58,Grupo 5,"Portal Ruiz, Axel Roberth",Masculino,18,55,1.71,Ingeniería Mecánica,3,6,4,10.24,Décimo,0,No realizo actividad fisica,,,,,,,8,4,"Medio: Logro concentrarme por períodos moderados, pero presento algunas distracciones.",Bebidas energéticas,2,Ninguna en especial,6,Regular,Alto,Alto
30/4/2026 12:11:05,Grupo 5,"Portal Ruiz, Axel Roberth",Masculino,22,47,160,Ciencias de la Computación,8,5,5,13,Tercio medio,0,No realizo actividad fisica,,,,,,,25,8,"Medio: Logro concentrarme por períodos moderados, pero presento algunas distracciones.",Ninguno,3,Vegana,6,Regular,Bajo,Moderado
30/4/2026 12:11:35,Grupo 1,"Canepa Noya, Doménico",Masculino,22,65,1.66,Ingeniería Civil,10,4,3,10,Tercio inferior,4,No realizo actividad fisica,,,,,,,20,14,"Medio: Logro concentrarme por períodos moderados, pero presento algunas distracciones.","Bebidas energéticas, Bebidas rehidratantes",2,Ninguna en especial,5,Regular,Moderado,Moderado
30/4/2026 12:12:24,Grupo 1,"Canepa Noya, Doménico",Femenino,19,66,1.62,Ingeniería Mecatrónica,5,6,3,12,Tercio,0,No realizo actividad fisica,,,,,,,20,8,Bajo: Me distraigo con facilidad y me cuesta mantener la atención durante el estudio.,Ninguno,2,Ninguna en especial,7.5,Regular,Alto,Muy alto
30/4/2026 12:14:03,Grupo 1,"Canepa Noya, Doménico",Masculino,19,70,174,Bioingeniería,5,6,6,15.5,Tercio medio,8,Gimnasio / Levantamiento de pesas,En gimnasio,Individual,4,"Moderado: Podía hablar en frases cortas, pero me agitaba un poco y necesitaba respirar.",Noche,"Media: Tuve constancia por algunas semanas, pero con interrupciones frecuentes.",27,12,"Medio: Logro concentrarme por períodos moderados, pero presento algunas distracciones.","Bebidas energéticas, Bebidas rehidratantes, Proteína en polvo (Whey, Vegana, Caseína)",5,Ninguna en especial,6,Regular,Alto,Alto
30/4/2026 12:28:38,Grupo 3,"Neciosup Abanto, Edwin Jeremy",Masculino,23,120,170,Ingeniería Mecánica,8,6,5,14,Quinto,5,Gimnasio / Levantamiento de pesas,En gimnasio,Individual,4,"Moderado: Podía hablar en frases cortas, pero me agitaba un poco y necesitaba respirar.",Noche,"Media: Tuve constancia por algunas semanas, pero con interrupciones frecuentes.",15,8,"Medio: Logro concentrarme por períodos moderados, pero presento algunas distracciones.",Ninguno,3,Ninguna en especial,7,Buena,Alto,Moderado
30/4/2026 12:29:37,Grupo 3,"Neciosup Abanto, Edwin Jeremy",Masculino,22,70,170,Ingeniería Civil,8,3,3,17,Quinto,5,"Deportes de equipo (Fútbol, Básquet, Vóley, etc.)",En gimnasio,Individual,6,"Moderado: Podía hablar en frases cortas, pero me agitaba un poco y necesitaba respirar.",Tarde,"Media: Tuve constancia por algunas semanas, pero con interrupciones frecuentes.",12,5,"Medio: Logro concentrarme por períodos moderados, pero presento algunas distracciones.",Polvos Pre-Entreno,4,Alta en proteínas,6,Regular,Bajo,Bajo
30/4/2026 12:35:26,Grupo 3,"Neciosup Abanto, Edwin Jeremy",Femenino,19,65,1.65,Bioingeniería,3,5,4,13.85,Tercio medio,0,No realizo actividad fisica,,,,,,,13,8,"Medio: Logro concentrarme por períodos moderados, pero presento algunas distracciones.","Bebidas energéticas, Bebidas rehidratantes",3,Ninguna en especial,6,Buena,Alto,Alto
30/4/2026 13:04:26,Grupo 3,"Arriarán Panez, Sebastián André",Masculino,19,67,1.68,Ingeniería Civil,5,5,5,14.53,Tercio medio,12,Gimnasio / Levantamiento de pesas,En gimnasio,Individual,5,"Moderado: Podía hablar en frases cortas, pero me agitaba un poco y necesitaba respirar.",Tarde,"Media: Tuve constancia por algunas semanas, pero con interrupciones frecuentes.",25,18,"Medio: Logro concentrarme por períodos moderados, pero presento algunas distracciones.",Ninguno,5,Ninguna en especial,7,Regular,Bajo,Moderado
30/4/2026 13:07:53,Grupo 3,"Arriarán Panez, Sebastián André",Masculino,23,68,1.72,Ciencias de la Computación,10,3,3,16,Tercio,5,Gimnasio / Levantamiento de pesas,En gimnasio,Individual,3,"Moderado: Podía hablar en frases cortas, pero me agitaba un poco y necesitaba respirar.",Mañana,Alta: Mantuve mi rutina de manera estricta y constante todo el ciclo.,16,8,"Medio: Logro concentrarme por períodos moderados, pero presento algunas distracciones.","Bebidas energéticas, Proteína en polvo (Whey, Vegana, Caseína), Creatina",3,Ninguna en especial,7,Buena,Moderado,Bajo
30/4/2026 13:08:54,Grupo 3,"Arriarán Panez, Sebastián André",Femenino,20,47,1.56,Ingeniería Industrial,6,5,4,15.3,Quinto,14,"Entrenamiento en casa (Calistenia, Yoga, rutinas por video)",En casa,Individual,7,Bajo: Podía mantener una conversación larga o cantar sin ningún esfuerzo,Noche,Alta: Mantuve mi rutina de manera estricta y constante todo el ciclo.,25,20,Alto: Mantengo la concentración durante la mayor parte del tiempo sin distracciones significativas.,Creatina,4,Ninguna en especial,8,Regular,Moderado,Moderado
30/4/2026 14:14:44,Grupo 3,"Dos Anjos Lopes, María Eduarda",Femenino,18,50,158,Ingeniería Ambiental,3,6,5,12.47,Tercio medio,6,"Deportes aeróbicos (Correr, Nadar, Ciclismo)","En espacios públicos (parques, canchas, piscinas, etc.)",Colectiva,3,"Moderado: Podía hablar en frases cortas, pero me agitaba un poco y necesitaba respirar.",Tarde,"Media: Tuve constancia por algunas semanas, pero con interrupciones frecuentes.",21,19,"Medio: Logro concentrarme por períodos moderados, pero presento algunas distracciones.","Bebidas energéticas, Bebidas rehidratantes",4,Ninguna en especial,5,Mala,Alto,Alto
30/4/2026 14:31:59,Grupo 4,"Obregon Carhuavilca, Alondra Solange",Masculino,17,61,168,Ciencia de Datos,3,6,6,18.6,Décimo,10,Gimnasio / Levantamiento de pesas,En gimnasio,Individual,6,"Moderado: Podía hablar en frases cortas, pero me agitaba un poco y necesitaba respirar.",Mañana,Alta: Mantuve mi rutina de manera estricta y constante todo el ciclo.,40,20,Alto: Mantengo la concentración durante la mayor parte del tiempo sin distracciones significativas.,"Proteína en polvo (Whey, Vegana, Caseína)",3,Ninguna en especial,7,Buena,Moderado,Moderado
30/4/2026 14:36:37,Grupo 4,"Obregon Carhuavilca, Alondra Solange",Femenino,21,56,160,Ingeniería Civil,5,5,5,14.56,Tercio,0,No realizo actividad fisica,,,,,,,36,15,"Medio: Logro concentrarme por períodos moderados, pero presento algunas distracciones.",Ninguno,3,Ninguna en especial,8,Buena,Bajo,Bajo
30/4/2026 14:52:46,Grupo 4,"Obregon Carhuavilca, Alondra Solange",Femenino,20,75,170,Ciencia de Datos,7,5,5,16.76,Quinto,5,Baile,En gimnasio,Colectiva,5,"Moderado: Podía hablar en frases cortas, pero me agitaba un poco y necesitaba respirar.",Mañana,"Media: Tuve constancia por algunas semanas, pero con interrupciones frecuentes.",30,10,"Medio: Logro concentrarme por períodos moderados, pero presento algunas distracciones.",Ninguno,4,Vegana,5,Mala,Alto,Alto
30/4/2026 14:56:28,Grupo 4,"Obregon Carhuavilca, Alondra Solange",Masculino,18,185,75,Ciencia de Datos,5,6,5,15.48,Tercio,2,"Entrenamiento en casa (Calistenia, Yoga, rutinas por video)",En casa,Individual,2,Bajo: Podía mantener una conversación larga o cantar sin ningún esfuerzo,Noche,"Baja: Fui muy irregular, entrenando solo ocasionalmente.",40,14,Bajo: Me distraigo con facilidad y me cuesta mantener la atención durante el estudio.,Bebidas energéticas,3,Ninguna en especial,6,Regular,Alto,Moderado
30/4/2026 14:59:30,Grupo 4,"Obregon Carhuavilca, Alondra Solange",Masculino,19,65,170,Ciencias de la Computación,3,7,7,17.2,Quinto,0,No realizo actividad fisica,,,,,,,40,20,"Medio: Logro concentrarme por períodos moderados, pero presento algunas distracciones.",Bebidas energéticas,4,Ninguna en especial,6.5,Regular,Moderado,Moderado
30/4/2026 15:47:12,Grupo 4,"Obregon Carhuavilca, Alondra Solange",Masculino,18,76,180,Ingeniería Mecánica,3,6,6,15.76,Tercio,5,"Deportes de equipo (Fútbol, Básquet, Vóley, etc.)","En espacios públicos (parques, canchas, piscinas, etc.)",Colectiva,2,"Moderado: Podía hablar en frases cortas, pero me agitaba un poco y necesitaba respirar.",Tarde,"Baja: Fui muy irregular, entrenando solo ocasionalmente.",48,20,"Medio: Logro concentrarme por períodos moderados, pero presento algunas distracciones.","Bebidas energéticas, Bebidas rehidratantes",3,Alta en proteínas,7.5,Regular,Bajo,Bajo
30/4/2026 17:27:31,Grupo 3,"Dos Anjos Lopes, María Eduarda",Masculino,18,75,169,Ingeniería Química,3,6,6,13.95,Tercio medio,2,"Deportes de equipo (Fútbol, Básquet, Vóley, etc.)","En espacios públicos (parques, canchas, piscinas, etc.)",Colectiva,1,"Moderado: Podía hablar en frases cortas, pero me agitaba un poco y necesitaba respirar.",Tarde,"Media: Tuve constancia por algunas semanas, pero con interrupciones frecuentes.",25,5,"Medio: Logro concentrarme por períodos moderados, pero presento algunas distracciones.",Ninguno,4,Ninguna en especial,6,Regular,Alto,Alto
30/4/2026 17:28:44,Grupo 3,"Dos Anjos Lopes, María Eduarda",Masculino,18,87,1.77,Ingeniería Química,3,6,6,14.8,Décimo,8,Gimnasio / Levantamiento de pesas,En gimnasio,Individual,5,Alto: Me faltaba el aliento rápido y apenas podía decir unas pocas palabras sin parar a tomar aire.,Tarde,Alta: Mantuve mi rutina de manera estricta y constante todo el ciclo.,26,5,"Medio: Logro concentrarme por períodos moderados, pero presento algunas distracciones.",Ninguno,5,Alta en proteínas,6,Regular,Bajo,Moderado
30/4/2026 17:38:21,Grupo 7,"Díaz Carrión, Gabriel Marcelo",Masculino,23,70,170,Bioingeniería,6,6,6,13.45,Tercio inferior,1,No realizo actividad fisica,,,,,,,20,1,Alto: Mantengo la concentración durante la mayor parte del tiempo sin distracciones significativas.,Ninguno,4,Ninguna en especial,10,Muy buena,Muy bajo,Bajo
30/4/2026 17:38:56,Grupo 7,"Díaz Carrión, Gabriel Marcelo",Masculino,25,79,165,Bioingeniería,5,6,5,13.04,Tercio inferior,3,Gimnasio / Levantamiento de pesas,En gimnasio,Individual,3,"Moderado: Podía hablar en frases cortas, pero me agitaba un poco y necesitaba respirar.",Mañana,"Baja: Fui muy irregular, entrenando solo ocasionalmente.",4,4,"Medio: Logro concentrarme por períodos moderados, pero presento algunas distracciones.","Bebidas energéticas, Bebidas rehidratantes",3,Alta en proteínas,4,Muy mala,Moderado,Moderado
30/4/2026 17:41:14,Grupo 7,"Díaz Carrión, Gabriel Marcelo",Masculino,22,73,1.66,Ingeniería Civil,5,5,4,12.65,Tercio inferior,2,Artes marciales / Deportes de contacto,En instalaciones de la universidad,Colectiva,4,Alto: Me faltaba el aliento rápido y apenas podía decir unas pocas palabras sin parar a tomar aire.,Tarde,Alta: Mantuve mi rutina de manera estricta y constante todo el ciclo.,9,3,"Medio: Logro concentrarme por períodos moderados, pero presento algunas distracciones.",Bebidas rehidratantes,1,Ninguna en especial,8,Buena,Moderado,Moderado
30/4/2026 17:44:54,Grupo 7,"Díaz Carrión, Gabriel Marcelo",Masculino,18,75,170,Ciencias de la Computación,3,6,6,17.03,Quinto,4,"Deportes aeróbicos (Correr, Nadar, Ciclismo)","En espacios públicos (parques, canchas, piscinas, etc.)",Individual,5,"Moderado: Podía hablar en frases cortas, pero me agitaba un poco y necesitaba respirar.",Mañana,Alta: Mantuve mi rutina de manera estricta y constante todo el ciclo.,12,8,"Medio: Logro concentrarme por períodos moderados, pero presento algunas distracciones.",Ninguno,2,Ninguna en especial,6,Buena,Moderado,Alto
30/4/2026 18:18:56,Grupo 7,"Rosales Esteban, Antony Yonel",Masculino,20,65,170,Ciencias de la Computación,3,5,5,14,Quinto,8,"Deportes de equipo (Fútbol, Básquet, Vóley, etc.)","En espacios públicos (parques, canchas, piscinas, etc.)",Individual,3,"Moderado: Podía hablar en frases cortas, pero me agitaba un poco y necesitaba respirar.",Noche,"Media: Tuve constancia por algunas semanas, pero con interrupciones frecuentes.",16,10,"Medio: Logro concentrarme por períodos moderados, pero presento algunas distracciones.","Bebidas energéticas, Bebidas rehidratantes",4,Ninguna en especial,6,Mala,Moderado,Moderado
30/4/2026 18:20:33,Grupo 7,"Rosales Esteban, Antony Yonel",Masculino,18,67.5,1.64,Ciencias de la Computación,3,8,4,13.7,Tercio inferior,3,Gimnasio / Levantamiento de pesas,En gimnasio,Individual,2,"Moderado: Podía hablar en frases cortas, pero me agitaba un poco y necesitaba respirar.",Tarde,"Media: Tuve constancia por algunas semanas, pero con interrupciones frecuentes.",7,17,"Medio: Logro concentrarme por períodos moderados, pero presento algunas distracciones.",Ninguno,6,Ninguna en especial,5,Mala,Moderado,Alto
30/4/2026 18:33:37,Grupo 7,"Rosales Esteban, Antony Yonel",Masculino,18,68,166,Ciencia de Datos,3,6,5,15,Tercio medio,0,Artes marciales / Deportes de contacto,En casa,Individual,7,Alto: Me faltaba el aliento rápido y apenas podía decir unas pocas palabras sin parar a tomar aire.,Tarde,"Baja: Fui muy irregular, entrenando solo ocasionalmente.",49,52,Alto: Mantengo la concentración durante la mayor parte del tiempo sin distracciones significativas.,"Ninguno, ",3,Ninguna en especial,4,Muy mala,Muy alto,Muy alto
30/4/2026 20:05:14,Grupo 7,"Rosales Esteban, Antony Yonel",Femenino,21,60,164,Ciencias de la Computación,10,5,5,15.4,Tercio,6,Gimnasio / Levantamiento de pesas,En gimnasio,Colectiva,4,"Moderado: Podía hablar en frases cortas, pero me agitaba un poco y necesitaba respirar.",Mañana,"Media: Tuve constancia por algunas semanas, pero con interrupciones frecuentes.",4,3,"Medio: Logro concentrarme por períodos moderados, pero presento algunas distracciones.","Bebidas rehidratantes, Polvos Pre-Entreno, Proteína en polvo (Whey, Vegana, Caseína)",3,Alta en proteínas,8,Buena,Moderado,Moderado
30/4/2026 20:05:33,Grupo 7,"Rosales Esteban, Antony Yonel",Masculino,23,93,172,Ingeniería Mecánica,8,4,3,12.3,Tercio inferior,12,"Deportes de equipo (Fútbol, Básquet, Vóley, etc.)","En espacios públicos (parques, canchas, piscinas, etc.)",Colectiva,2,"Moderado: Podía hablar en frases cortas, pero me agitaba un poco y necesitaba respirar.",Noche,"Media: Tuve constancia por algunas semanas, pero con interrupciones frecuentes.",30,3,"Medio: Logro concentrarme por períodos moderados, pero presento algunas distracciones.",Ninguno,3,Alta en proteínas,6,Regular,Moderado,Moderado
30/4/2026 20:14:34,Grupo 7,"Rosales Esteban, Antony Yonel",Masculino,22,70,160,Ciencias de la Computación,10,5,4,17.5,Décimo,8,"Entrenamiento en casa (Calistenia, Yoga, rutinas por video)",En casa,Individual,4,"Moderado: Podía hablar en frases cortas, pero me agitaba un poco y necesitaba respirar.",Mañana,"Media: Tuve constancia por algunas semanas, pero con interrupciones frecuentes.",20,15,"Medio: Logro concentrarme por períodos moderados, pero presento algunas distracciones.",Bebidas rehidratantes,3,Ninguna en especial,7,Regular,Moderado,Moderado
30/4/2026 20:26:45,Grupo 7,"Rosales Esteban, Antony Yonel",Masculino,22,76,170,Ingeniería Mecatrónica,10,6,4,12,Tercio inferior,15,Gimnasio / Levantamiento de pesas,En gimnasio,Individual,6,Alto: Me faltaba el aliento rápido y apenas podía decir unas pocas palabras sin parar a tomar aire.,Noche,Alta: Mantuve mi rutina de manera estricta y constante todo el ciclo.,24,2,Alto: Mantengo la concentración durante la mayor parte del tiempo sin distracciones significativas.,"Bebidas energéticas, Bebidas rehidratantes, Polvos Pre-Entreno, Proteína en polvo (Whey, Vegana, Caseína), Creatina",3,Ninguna en especial,5,Mala,Moderado,Alto
30/4/2026 20:29:06,Grupo 7,"Rosales Esteban, Antony Yonel",Femenino,21,67,161,Bioingeniería,7,5,4,12.3,Tercio inferior,2,"Deportes aeróbicos (Correr, Nadar, Ciclismo)","En espacios públicos (parques, canchas, piscinas, etc.)",Colectiva,1,"Moderado: Podía hablar en frases cortas, pero me agitaba un poco y necesitaba respirar.",Noche,"Media: Tuve constancia por algunas semanas, pero con interrupciones frecuentes.",12,4,Bajo: Me distraigo con facilidad y me cuesta mantener la atención durante el estudio.,Bebidas energéticas,2,Ninguna en especial,5,Regular,Moderado,Alto
30/4/2026 20:29:22,Grupo 7,"Rosales Esteban, Antony Yonel",Masculino,21,74,186,Bioingeniería,7,5,4,13,Tercio inferior,3,Gimnasio / Levantamiento de pesas,En gimnasio,Colectiva,3,"Moderado: Podía hablar en frases cortas, pero me agitaba un poco y necesitaba respirar.",Noche,Alta: Mantuve mi rutina de manera estricta y constante todo el ciclo.,10,2,Bajo: Me distraigo con facilidad y me cuesta mantener la atención durante el estudio.,"Bebidas energéticas, Multivitamínicos y Minerales, Polvos Pre-Entreno, Proteína en polvo (Whey, Vegana, Caseína), Creatina",4,Ninguna en especial,6,Mala,Muy alto,Muy alto
30/4/2026 20:42:46,Grupo 7,"Rosales Esteban, Antony Yonel",Femenino,19,70,1.7,Ciencias de la Computación,3,6,6,17.65,Décimo,5,Gimnasio / Levantamiento de pesas,En instalaciones de la universidad,Individual,5,"Moderado: Podía hablar en frases cortas, pero me agitaba un poco y necesitaba respirar.",Tarde,Alta: Mantuve mi rutina de manera estricta y constante todo el ciclo.,80,60,"Medio: Logro concentrarme por períodos moderados, pero presento algunas distracciones.",Ninguno,4,Ninguna en especial,5,Regular,Moderado,Alto
30/4/2026 21:24:57,Grupo 8,"Ferrante Quino, Francesco Aroldo",Masculino,18,70,165,Ingeniería Mecatrónica,3,5,5,16.04,Tercio,4,"Deportes de equipo (Fútbol, Básquet, Vóley, etc.)",En casa,Colectiva,3,Bajo: Podía mantener una conversación larga o cantar sin ningún esfuerzo,Noche,"Media: Tuve constancia por algunas semanas, pero con interrupciones frecuentes.",15,4,Bajo: Me distraigo con facilidad y me cuesta mantener la atención durante el estudio.,Ninguno,4,Ninguna en especial,7,Regular,Moderado,Moderado
30/4/2026 21:28:23,Grupo 8,"Ferrante Quino, Francesco Aroldo",Masculino,18,70,183,Ingeniería Mecatrónica,3,6,5,12.47,Tercio inferior,25,"Deportes de equipo (Fútbol, Básquet, Vóley, etc.)",En instalaciones de la universidad,Colectiva,5,"Moderado: Podía hablar en frases cortas, pero me agitaba un poco y necesitaba respirar.",Tarde,Alta: Mantuve mi rutina de manera estricta y constante todo el ciclo.,24,4,"Medio: Logro concentrarme por períodos moderados, pero presento algunas distracciones.","Proteína en polvo (Whey, Vegana, Caseína), Creatina",4,Ninguna en especial,6,Regular,Muy bajo,Moderado
30/4/2026 21:31:08,Grupo 5,"Arica Reyes, Ady Gabriela",Masculino,22,74,181,Ingeniería Civil,10,6,6,16.55,Quinto,6,"Deportes de equipo (Fútbol, Básquet, Vóley, etc.)",En instalaciones de la universidad,Colectiva,3,Bajo: Podía mantener una conversación larga o cantar sin ningún esfuerzo,Noche,"Media: Tuve constancia por algunas semanas, pero con interrupciones frecuentes.",15,8,"Medio: Logro concentrarme por períodos moderados, pero presento algunas distracciones.","Bebidas rehidratantes, Proteína en polvo (Whey, Vegana, Caseína)",5,Alta en proteínas,6,Regular,Alto,Muy alto
30/4/2026 21:37:09,Grupo 7,"Rosales Esteban, Antony Yonel",Masculino,18,91,175,Ciencias de la Computación,3,6,5,15.75,Tercio,2,Batería (instrumento musical) ,En casa,Individual,2,"Moderado: Podía hablar en frases cortas, pero me agitaba un poco y necesitaba respirar.",Tarde,"Media: Tuve constancia por algunas semanas, pero con interrupciones frecuentes.",22,24,"Medio: Logro concentrarme por períodos moderados, pero presento algunas distracciones.",Ninguno,5,Ninguna en especial,7,Regular,Moderado,Muy alto
30/4/2026 21:37:29,Grupo 5,"Arica Reyes, Ady Gabriela",Femenino,23,65,155,Ingeniería Ambiental,9,6,6,17,Décimo,6,"Deportes aeróbicos (Correr, Nadar, Ciclismo)",En casa,Individual,7,Bajo: Podía mantener una conversación larga o cantar sin ningún esfuerzo,Mañana,Alta: Mantuve mi rutina de manera estricta y constante todo el ciclo.,24,24,Alto: Mantengo la concentración durante la mayor parte del tiempo sin distracciones significativas.,Ninguno,4,Ninguna en especial,8,Regular,Moderado,Moderado
30/4/2026 21:40:55,Grupo 5,"Arica Reyes, Ady Gabriela",Femenino,21,65,160,Ingeniería Civil,8,6,6,15,Tercio,2,"Deportes aeróbicos (Correr, Nadar, Ciclismo)","En espacios públicos (parques, canchas, piscinas, etc.)",Colectiva,1,"Moderado: Podía hablar en frases cortas, pero me agitaba un poco y necesitaba respirar.",Noche,"Media: Tuve constancia por algunas semanas, pero con interrupciones frecuentes.",16,10,"Medio: Logro concentrarme por períodos moderados, pero presento algunas distracciones.",Ninguno,4,Ninguna en especial,6,Regular,Moderado,Moderado
30/4/2026 21:51:03,Grupo 8,"Villalobos Carlos, Daniel Davis",Masculino,19,99,1.8,Ciencias de la Computación,5,6,6,14.345,Tercio medio,10,"Deportes de equipo (Fútbol, Básquet, Vóley, etc.)","En espacios públicos (parques, canchas, piscinas, etc.)",Individual,3,"Moderado: Podía hablar en frases cortas, pero me agitaba un poco y necesitaba respirar.",Tarde,"Media: Tuve constancia por algunas semanas, pero con interrupciones frecuentes.",20,10,"Medio: Logro concentrarme por períodos moderados, pero presento algunas distracciones.","Bebidas energéticas, Bebidas rehidratantes",3,Ninguna en especial,6.5,Mala,Alto,Alto
30/4/2026 22:32:39,Grupo 8,"Villalobos Carlos, Daniel Davis",Masculino,17,62,173,Ciencias de la Computación,3,5,5,16.47,Quinto,3.5,"Deportes de equipo (Fútbol, Básquet, Vóley, etc.)",En instalaciones de la universidad,Colectiva,3,"Moderado: Podía hablar en frases cortas, pero me agitaba un poco y necesitaba respirar.",Tarde,"Media: Tuve constancia por algunas semanas, pero con interrupciones frecuentes.",23,6,Bajo: Me distraigo con facilidad y me cuesta mantener la atención durante el estudio.,Ninguno,4,Ninguna en especial,6,Mala,Moderado,Alto
30/4/2026 22:36:19,Grupo 5,"Arica Reyes, Ady Gabriela",Femenino,19,65,153,Ingeniería Mecatrónica,5,4,4,13,Décimo,0,No realizo actividad fisica,,,,,,,14,30,"Medio: Logro concentrarme por períodos moderados, pero presento algunas distracciones.",Bebidas energéticas,4,Ninguna en especial,4,Mala,Moderado,Muy alto
30/4/2026 22:56:39,Grupo 8,"Villalobos Carlos, Daniel Davis",Masculino,19,65,168,Ciencias de la Computación,5,6,6,14.6,Tercio medio,1,"Deportes de equipo (Fútbol, Básquet, Vóley, etc.)","En espacios públicos (parques, canchas, piscinas, etc.)",Colectiva,1,Bajo: Podía mantener una conversación larga o cantar sin ningún esfuerzo,Noche,"Baja: Fui muy irregular, entrenando solo ocasionalmente.",26,10,"Medio: Logro concentrarme por períodos moderados, pero presento algunas distracciones.","Bebidas energéticas, Bebidas rehidratantes",3,Ninguna en especial,9,Buena,Bajo,Moderado
30/4/2026 23:20:13,Grupo 5,"Arica Reyes, Ady Gabriela",Femenino,22,60,160,Bioingeniería,10,4,4,16.5,Tercio medio,3,Gimnasio / Levantamiento de pesas,En gimnasio,Individual,3,"Moderado: Podía hablar en frases cortas, pero me agitaba un poco y necesitaba respirar.",Tarde,"Media: Tuve constancia por algunas semanas, pero con interrupciones frecuentes.",4,5,"Medio: Logro concentrarme por períodos moderados, pero presento algunas distracciones.",Ninguno,4,Ninguna en especial,8,Regular,Moderado,Moderado
1/5/2026 9:11:42,Grupo 8,"Villalobos Carlos, Daniel Davis",Masculino,18,89,1.78,Ingeniería Industrial,3,6,6,16.4,Tercio,10,Gimnasio / Levantamiento de pesas,En gimnasio,Individual,5,Alto: Me faltaba el aliento rápido y apenas podía decir unas pocas palabras sin parar a tomar aire.,Tarde,Alta: Mantuve mi rutina de manera estricta y constante todo el ciclo.,21,14,"Medio: Logro concentrarme por períodos moderados, pero presento algunas distracciones.",Ninguno,4,Alta en proteínas,7.5,Muy buena,Alto,Alto
1/5/2026 9:36:32,Grupo 5,"Arica Reyes, Ady Gabriela",Femenino,19,65,1.58,Ingeniería Civil,3,5,4,13,Décimo,2,No realizo actividad fisica,,,,,,,5,5,"Medio: Logro concentrarme por períodos moderados, pero presento algunas distracciones.",Bebidas energéticas,1,Ninguna en especial,5,Regular,Moderado,Moderado
1/5/2026 10:37:27,Grupo 8,"Bances Núñez, Nadia Estefanía",Masculino,20,60,1.65,Bioingeniería,7,7,7,16.76,Tercio,10,"Deportes aeróbicos (Correr, Nadar, Ciclismo)","En espacios públicos (parques, canchas, piscinas, etc.)",Individual,6,"Moderado: Podía hablar en frases cortas, pero me agitaba un poco y necesitaba respirar.",Mañana,Alta: Mantuve mi rutina de manera estricta y constante todo el ciclo.,27,35,"Medio: Logro concentrarme por períodos moderados, pero presento algunas distracciones.","Bebidas energéticas, Bebidas rehidratantes",3,Ninguna en especial,6,Buena,Moderado,Moderado
1/5/2026 10:47:10,Grupo 2,"Arica Reyes, Ady Gabriela",Masculino,24,58,166,Ingeniería Industrial,8,3,1,10,Tercio inferior,1,"Deportes aeróbicos (Correr, Nadar, Ciclismo)",En casa,Individual,2,Bajo: Podía mantener una conversación larga o cantar sin ningún esfuerzo,Mañana,"Baja: Fui muy irregular, entrenando solo ocasionalmente.",7,3,Bajo: Me distraigo con facilidad y me cuesta mantener la atención durante el estudio.,Ninguno,4,Ninguna en especial,6,Regular,Moderado,Alto
1/5/2026 23:37:31,Grupo 9,"Heredia Quispe, Gianella Alessandra",Masculino,19,69,180,Ingeniería Electrónica,5,6,6,15,Tercio,9,Gimnasio / Levantamiento de pesas,En gimnasio,Individual,5,"Moderado: Podía hablar en frases cortas, pero me agitaba un poco y necesitaba respirar.",Tarde,"Media: Tuve constancia por algunas semanas, pero con interrupciones frecuentes.",26,7,"Medio: Logro concentrarme por períodos moderados, pero presento algunas distracciones.","Proteína en polvo (Whey, Vegana, Caseína), Mass gainers",6,Ninguna en especial,5,Regular,Moderado,Moderado
2/5/2026 17:32:17,Grupo 8,"Villalobos Carlos, Daniel Davis",Masculino,23,80,1.73,Ciencias de la Computación,5,4,3,15,Décimo,1,"Entrenamiento en casa (Calistenia, Yoga, rutinas por video)",En casa,Individual,2,Bajo: Podía mantener una conversación larga o cantar sin ningún esfuerzo,Mañana,"Baja: Fui muy irregular, entrenando solo ocasionalmente.",19,6,"Medio: Logro concentrarme por períodos moderados, pero presento algunas distracciones.",Bebidas energéticas,3,Ninguna en especial,7,Regular,Moderado,Alto
4/5/2026 11:30:28,Grupo 7,"Rosales Esteban, Antony Yonel",Femenino,20,60,165,Ingeniería Electrónica,7,5,5,15.51,Quinto,6,"Entrenamiento en casa (Calistenia, Yoga, rutinas por video)",En casa,Individual,5,"Moderado: Podía hablar en frases cortas, pero me agitaba un poco y necesitaba respirar.",Tarde,"Media: Tuve constancia por algunas semanas, pero con interrupciones frecuentes.",20,25,Alto: Mantengo la concentración durante la mayor parte del tiempo sin distracciones significativas.,Ninguno,4,Baja en carbohidratos,6,Buena,Alto,Moderado
4/5/2026 20:37:43,Grupo 4,"Obregon Carhuavilca, Alondra Solange",Femenino,19,59,167,Ciencia de Datos,3,6,5,15,Tercio,6,"Entrenamiento en casa (Calistenia, Yoga, rutinas por video)",En casa,Individual,6,Bajo: Podía mantener una conversación larga o cantar sin ningún esfuerzo,Noche,"Media: Tuve constancia por algunas semanas, pero con interrupciones frecuentes.",32,5,Bajo: Me distraigo con facilidad y me cuesta mantener la atención durante el estudio.,Ninguno,1,Baja en carbohidratos,7,Muy buena,Muy alto,Muy alto
5/5/2026 11:36:08,Grupo 6,"Ruiz Lam, José Enrique Hilario",Prefiero no decirlo / Otro,17,67,176,Bioingeniería,2,4,4,16,Tercio,14,Artes marciales / Deportes de contacto,En gimnasio,Colectiva,7,"Moderado: Podía hablar en frases cortas, pero me agitaba un poco y necesitaba respirar.",Tarde,"Media: Tuve constancia por algunas semanas, pero con interrupciones frecuentes.",6,10,"Medio: Logro concentrarme por períodos moderados, pero presento algunas distracciones.",Bebidas energéticas,2,Alta en proteínas,7,Mala,Moderado,Moderado
5/5/2026 11:36:47,Grupo 6,"Ruiz Lam, José Enrique Hilario",Masculino,17,66,1.7,Administración y Negocios Digitales,2,10,10,20,Tercio inferior,8,"Deportes de equipo (Fútbol, Básquet, Vóley, etc.)",En gimnasio,Colectiva,4,Bajo: Podía mantener una conversación larga o cantar sin ningún esfuerzo,Mañana,Alta: Mantuve mi rutina de manera estricta y constante todo el ciclo.,3,2,Alto: Mantengo la concentración durante la mayor parte del tiempo sin distracciones significativas.,"Bebidas energéticas, Ninguno",4,Vegetariana,8,Regular,Moderado,Alto
5/5/2026 11:41:59,Grupo 6,"Portal Ruiz, Axel Roberth",Masculino,18,62,166,Ingeniería Mecatrónica,3,6,5,13.6,Tercio medio,4,"Deportes de equipo (Fútbol, Básquet, Vóley, etc.)","En espacios públicos (parques, canchas, piscinas, etc.)",Individual,2,"Moderado: Podía hablar en frases cortas, pero me agitaba un poco y necesitaba respirar.",Mañana,"Media: Tuve constancia por algunas semanas, pero con interrupciones frecuentes.",24,24,"Medio: Logro concentrarme por períodos moderados, pero presento algunas distracciones.",Bebidas rehidratantes,4,Ninguna en especial,6,Regular,Moderado,Moderado
5/5/2026 11:44:19,Grupo 6,"Ruiz Lam, José Enrique Hilario",Femenino,18,50,1.63,Ingeniería Mecatrónica,2,8,7,15,Tercio medio,0,No realizo actividad fisica,,,,,,,40,4,Bajo: Me distraigo con facilidad y me cuesta mantener la atención durante el estudio.,Ninguno,3,Ninguna en especial,5,Muy mala,Muy alto,Muy alto
5/5/2026 11:44:57,Grupo 6,"Ruiz Lam, José Enrique Hilario",Femenino,19,60,1.63,Ingeniería Mecatrónica,5,8,8,19.5,Tercio medio,1,"Deportes de equipo (Fútbol, Básquet, Vóley, etc.)",En instalaciones de la universidad,Individual,3,Bajo: Podía mantener una conversación larga o cantar sin ningún esfuerzo,Tarde,"Baja: Fui muy irregular, entrenando solo ocasionalmente.",40,3,"Medio: Logro concentrarme por períodos moderados, pero presento algunas distracciones.",Ninguno,1,Ninguna en especial,4,Muy mala,Muy alto,Alto
5/5/2026 14:59:26,Grupo 7,"Momiy Nakama, Akio andres",Masculino,20,77,180,Bioingeniería,7,6,6,17.7,Quinto,2,"Deportes aeróbicos (Correr, Nadar, Ciclismo)",En casa,Individual,1,"Moderado: Podía hablar en frases cortas, pero me agitaba un poco y necesitaba respirar.",Tarde,"Baja: Fui muy irregular, entrenando solo ocasionalmente.",20,5,Bajo: Me distraigo con facilidad y me cuesta mantener la atención durante el estudio.,Bebidas energéticas,3,Ninguna en especial,8,Regular,Moderado,Alto
6/5/2026 12:31:58,Grupo 9,"Baca Herrera, Valentino Alejandro",Masculino,17,76,1.7,Ingeniería Civil,2,6,4,12,Tercio,5,Gimnasio / Levantamiento de pesas,En gimnasio,Individual,4,"Moderado: Podía hablar en frases cortas, pero me agitaba un poco y necesitaba respirar.",Tarde,Alta: Mantuve mi rutina de manera estricta y constante todo el ciclo.,14,8,"Medio: Logro concentrarme por períodos moderados, pero presento algunas distracciones.","Bebidas energéticas, Polvos Pre-Entreno, Proteína en polvo (Whey, Vegana, Caseína), Mass gainers, Creatina",4,Alta en proteínas,8,Regular,Moderado,Moderado
6/5/2026 19:00:58,Grupo 7,"Morales Portella, Santiago Cesar",Masculino,22,98,1.68,Ingeniería Mecatrónica,9,6,6,16,Tercio,9,Gimnasio / Levantamiento de pesas,En gimnasio,Individual,7,"Moderado: Podía hablar en frases cortas, pero me agitaba un poco y necesitaba respirar.",Tarde,"Media: Tuve constancia por algunas semanas, pero con interrupciones frecuentes.",20,21,"Medio: Logro concentrarme por períodos moderados, pero presento algunas distracciones.","Multivitamínicos y Minerales, Proteína en polvo (Whey, Vegana, Caseína)",7,Ninguna en especial,7,Regular,Alto,Moderado
6/5/2026 19:12:35,Grupo 7,"Aguilar Neciosup, Santiago",Femenino,18,58,1.67,Administración y Negocios Digitales,2,7,7,18,Décimo,4,Gimnasio / Levantamiento de pesas,En gimnasio,Individual,20,Bajo: Podía mantener una conversación larga o cantar sin ningún esfuerzo,Tarde,"Media: Tuve constancia por algunas semanas, pero con interrupciones frecuentes.",6,8,"Medio: Logro concentrarme por períodos moderados, pero presento algunas distracciones.","Bebidas energéticas, Bebidas rehidratantes, Multivitamínicos y Minerales, Polvos Pre-Entreno, Proteína en polvo (Whey, Vegana, Caseína), Mass gainers, Creatina, Ninguno",5,Ninguna en especial,3,Mala,Muy bajo,Bajo
6/5/2026 19:13:02,Grupo 7,"Morales Portella, Santiago Cesar",Femenino,21,60,164,Ingeniería Química,4,4,2,10,Tercio inferior,0,No realizo actividad fisica,,,,,,,8,15,Bajo: Me distraigo con facilidad y me cuesta mantener la atención durante el estudio.,Ninguno,3,Ninguna en especial,6,Mala,Moderado,Muy alto
6/5/2026 19:13:51,Grupo 7,"Morales Portella, Santiago Cesar",Masculino,22,100,184,Ingeniería Industrial,8,5,2,15,Tercio,4,"Deportes de equipo (Fútbol, Básquet, Vóley, etc.)",En instalaciones de la universidad,Individual,2,"Moderado: Podía hablar en frases cortas, pero me agitaba un poco y necesitaba respirar.",Tarde,"Media: Tuve constancia por algunas semanas, pero con interrupciones frecuentes.",12,8,"Medio: Logro concentrarme por períodos moderados, pero presento algunas distracciones.","Bebidas rehidratantes, Creatina",4,Ninguna en especial,5,Regular,Moderado,Moderado
6/5/2026 19:23:34,Grupo 7,"Morales Portella, Santiago Cesar",Masculino,18,70,1.7,Ingeniería Mecatrónica,3,5,4,13,Tercio medio,5,"Deportes de equipo (Fútbol, Básquet, Vóley, etc.)",En instalaciones de la universidad,Colectiva,3,Alto: Me faltaba el aliento rápido y apenas podía decir unas pocas palabras sin parar a tomar aire.,Tarde,"Media: Tuve constancia por algunas semanas, pero con interrupciones frecuentes.",8,10,"Medio: Logro concentrarme por períodos moderados, pero presento algunas distracciones.",Bebidas rehidratantes,3,Baja en carbohidratos,6,Regular,Bajo,Bajo
6/5/2026 19:27:52,Grupo 7,"Díaz Carrión, Gabriel Marcelo",Masculino,19,86,172,Ciencia de Datos,4,5,5,15.72,Tercio medio,5,Artes marciales / Deportes de contacto,"En espacios públicos (parques, canchas, piscinas, etc.)",Colectiva,4,"Moderado: Podía hablar en frases cortas, pero me agitaba un poco y necesitaba respirar.",Noche,"Media: Tuve constancia por algunas semanas, pero con interrupciones frecuentes.",16,10,"Medio: Logro concentrarme por períodos moderados, pero presento algunas distracciones.","Bebidas energéticas, Bebidas rehidratantes",4,Ninguna en especial,5,Mala,Moderado,Bajo
6/5/2026 19:37:23,Grupo 7,"Morales Portella, Santiago Cesar",Masculino,20,70,1.71,Administración y Negocios Digitales,6,4,5,16,Tercio,2,"Deportes de equipo (Fútbol, Básquet, Vóley, etc.)",En gimnasio,Colectiva,5,"Moderado: Podía hablar en frases cortas, pero me agitaba un poco y necesitaba respirar.",Tarde,"Media: Tuve constancia por algunas semanas, pero con interrupciones frecuentes.",7,5,"Medio: Logro concentrarme por períodos moderados, pero presento algunas distracciones.",Bebidas rehidratantes,3,Alta en proteínas,8,Buena,Moderado,Moderado
6/5/2026 19:41:11,Grupo 5,"Díaz Carrión, Gabriel Marcelo",Femenino,21,70,166,Ingeniería Mecatrónica,5,6,6,14.32,Tercio medio,10,"Deportes de equipo (Fútbol, Básquet, Vóley, etc.)",En gimnasio,Colectiva,5,"Moderado: Podía hablar en frases cortas, pero me agitaba un poco y necesitaba respirar.",Tarde,Alta: Mantuve mi rutina de manera estricta y constante todo el ciclo.,12,14,Alto: Mantengo la concentración durante la mayor parte del tiempo sin distracciones significativas.,"Bebidas rehidratantes, Multivitamínicos y Minerales",5,Baja en carbohidratos,6,Buena,Moderado,Bajo
6/5/2026 19:45:57,Grupo 7,"Burgos Ochoa, Jeseph Imanol",Masculino,17,65,1.69,Ingeniería Mecatrónica,2,6,6,17,Décimo,3,Correr por las mañanas ,"En espacios públicos (parques, canchas, piscinas, etc.)",Individual,3,"Moderado: Podía hablar en frases cortas, pero me agitaba un poco y necesitaba respirar.",Mañana,"Baja: Fui muy irregular, entrenando solo ocasionalmente.",31,6,Bajo: Me distraigo con facilidad y me cuesta mantener la atención durante el estudio.,Multivitamínicos y Minerales,4,Ninguna en especial,7,Regular,Moderado,Moderado
6/5/2026 19:47:54,Grupo 7,"Morales Portella, Santiago Cesar",Masculino,22,83,170,Bioingeniería,Más de 10,3,3,18.5,Décimo,2,Gimnasio / Levantamiento de pesas,En gimnasio,Individual,2,Bajo: Podía mantener una conversación larga o cantar sin ningún esfuerzo,Tarde,"Baja: Fui muy irregular, entrenando solo ocasionalmente.",18,8,"Medio: Logro concentrarme por períodos moderados, pero presento algunas distracciones.","Bebidas energéticas, Bebidas rehidratantes",4,Ninguna en especial,6,Regular,Moderado,Moderado
6/5/2026 19:51:09,Grupo 7,"Díaz Carrión, Gabriel Marcelo",Masculino,24,114,178,Sistemas de la Información,7,6,5,14.12,Tercio medio,4,"Entrenamiento en casa (Calistenia, Yoga, rutinas por video)",En casa,Individual,2,Alto: Me faltaba el aliento rápido y apenas podía decir unas pocas palabras sin parar a tomar aire.,Noche,"Media: Tuve constancia por algunas semanas, pero con interrupciones frecuentes.",16,5,Bajo: Me distraigo con facilidad y me cuesta mantener la atención durante el estudio.,Ninguno,4,Ninguna en especial,6,Regular,Bajo,Alto
6/5/2026 19:51:53,Grupo 7,"Burgos Ochoa, Jeseph Imanol",Masculino,22,58,170,Ciencias de la Computación,10,5,5,15.3,Tercio,4,Gimnasio / Levantamiento de pesas,En gimnasio,Individual,3,"Moderado: Podía hablar en frases cortas, pero me agitaba un poco y necesitaba respirar.",Noche,"Media: Tuve constancia por algunas semanas, pero con interrupciones frecuentes.",19,12,"Medio: Logro concentrarme por períodos moderados, pero presento algunas distracciones.",Ninguno,2,Ninguna en especial,7,Regular,Alto,Moderado
7/5/2026 12:04:19,Grupo 3,"Arriarán Panez, Sebastián André",Masculino,19,90,175,Ingeniería Electrónica,4,4,1,10.53,Décimo,0,No realizo actividad fisica,,,,,,,16,3,"Medio: Logro concentrarme por períodos moderados, pero presento algunas distracciones.",Bebidas energéticas,4,Ninguna en especial,7,Regular,Bajo,Bajo
8/5/2026 12:52:29,Grupo 2,"Manrique Romero, Oriana Manuela Fe",Femenino,18,52,157,Ingeniería Ambiental,3,6,6,17.4,Quinto,0,No realizo actividad fisica,,,,,,,24,15,"Medio: Logro concentrarme por períodos moderados, pero presento algunas distracciones.",Ninguno,5,Ninguna en especial,5,Mala,Moderado,Moderado
8/5/2026 13:53:36,Grupo 9,"Heredia Quispe, Gianella Alessandra",Masculino,22,105,170,Ingeniería Electrónica,3,5,5,13,Tercio inferior,0,No realizo actividad fisica,,,,,,,6,4,Bajo: Me distraigo con facilidad y me cuesta mantener la atención durante el estudio.,Ninguno,2,,5,Muy mala,Bajo,Muy alto
8/5/2026 13:53:42,Grupo 9,"Heredia Quispe, Gianella Alessandra",Masculino,19,78,175,Ingeniería Electrónica,3,7,5,13.5,Tercio medio,2,"Deportes de equipo (Fútbol, Básquet, Vóley, etc.)","En espacios públicos (parques, canchas, piscinas, etc.)",Colectiva,2,Bajo: Podía mantener una conversación larga o cantar sin ningún esfuerzo,Tarde,"Media: Tuve constancia por algunas semanas, pero con interrupciones frecuentes.",25,0.1,"Medio: Logro concentrarme por períodos moderados, pero presento algunas distracciones.",Agua ,4,Ninguna en especial,3,Regular,Moderado,Moderado
8/5/2026 13:56:15,Grupo 9,"Heredia Quispe, Gianella Alessandra",Masculino,19,60,1.6,Ingeniería Electrónica,3,5,5,15,Tercio,0,"Entrenamiento en casa (Calistenia, Yoga, rutinas por video)",En casa,Individual,3,"Moderado: Podía hablar en frases cortas, pero me agitaba un poco y necesitaba respirar.",Tarde,"Media: Tuve constancia por algunas semanas, pero con interrupciones frecuentes.",5,5,"Medio: Logro concentrarme por períodos moderados, pero presento algunas distracciones.",Bebidas energéticas,3,,6,Regular,Moderado,Bajo
8/5/2026 14:06:25,Grupo 8,"Villalobos Carlos, Daniel Davis",Masculino,18,60,164,Ingeniería Química,2,6,6,17,Décimo,6,Gimnasio / Levantamiento de pesas,En gimnasio,Colectiva,4,"Moderado: Podía hablar en frases cortas, pero me agitaba un poco y necesitaba respirar.",Tarde,Alta: Mantuve mi rutina de manera estricta y constante todo el ciclo.,18,3,"Medio: Logro concentrarme por períodos moderados, pero presento algunas distracciones.",Ninguno,3,Ninguna en especial,12,Muy buena,Muy bajo,Moderado
8/5/2026 15:32:04,Grupo 2,"Terrones Paredes, Alvaro Emilio",Masculino,21,61,174,Ingeniería Industrial,8,5,4,13.4,Tercio medio,20,"Deportes de equipo (Fútbol, Básquet, Vóley, etc.)","En espacios públicos (parques, canchas, piscinas, etc.)",Colectiva,5,Bajo: Podía mantener una conversación larga o cantar sin ningún esfuerzo,Mañana,"Media: Tuve constancia por algunas semanas, pero con interrupciones frecuentes.",20,10,"Medio: Logro concentrarme por períodos moderados, pero presento algunas distracciones.",Bebidas rehidratantes,4,Ninguna en especial,6,Regular,Alto,Alto
8/5/2026 17:35:31,Grupo 7,"Rosales Esteban, Antony Yonel",Masculino,18,70,175,Ingeniería Mecatrónica,3,6,6,14.54,Tercio medio,2,"Entrenamiento en casa (Calistenia, Yoga, rutinas por video)",En casa,Individual,3,"Moderado: Podía hablar en frases cortas, pero me agitaba un poco y necesitaba respirar.",Noche,"Baja: Fui muy irregular, entrenando solo ocasionalmente.",18,5,Bajo: Me distraigo con facilidad y me cuesta mantener la atención durante el estudio.,Ninguno,4,Ninguna en especial,4,Muy mala,Muy alto,Muy alto
8/5/2026 17:38:39,Grupo 7,"Rosales Esteban, Antony Yonel",Masculino,19,72,1.72,Ingeniería Mecatrónica,2,6,6,17,Tercio,2,"Deportes de equipo (Fútbol, Básquet, Vóley, etc.)",En gimnasio,Individual,2,"Moderado: Podía hablar en frases cortas, pero me agitaba un poco y necesitaba respirar.",Mañana,Alta: Mantuve mi rutina de manera estricta y constante todo el ciclo.,2,2,"Medio: Logro concentrarme por períodos moderados, pero presento algunas distracciones.",Polvos Pre-Entreno,2,Alta en proteínas,6,Regular,Moderado,Moderado
8/5/2026 17:47:55,Grupo 7,"Rosales Esteban, Antony Yonel",Femenino,17,58,159,Ingeniería Industrial,2,6,6,16,Tercio,3,"Deportes aeróbicos (Correr, Nadar, Ciclismo)","En espacios públicos (parques, canchas, piscinas, etc.)",Individual,3,"Moderado: Podía hablar en frases cortas, pero me agitaba un poco y necesitaba respirar.",Tarde,Alta: Mantuve mi rutina de manera estricta y constante todo el ciclo.,23,7,"Medio: Logro concentrarme por períodos moderados, pero presento algunas distracciones.",Ninguno,4,Ninguna en especial,7,Regular,Muy alto,Alto
8/5/2026 17:48:03,Grupo 7,"Rosales Esteban, Antony Yonel",Masculino,18,94,1.78,Ingeniería Industrial,2,7,6,17.5,Tercio,50,Gimnasio / Levantamiento de pesas,En gimnasio,Individual,4,"Moderado: Podía hablar en frases cortas, pero me agitaba un poco y necesitaba respirar.",Tarde,"Media: Tuve constancia por algunas semanas, pero con interrupciones frecuentes.",23,7,"Medio: Logro concentrarme por períodos moderados, pero presento algunas distracciones.",Ninguno,3,Ninguna en especial,5,Regular,Alto,Alto
8/5/2026 17:48:52,Grupo 7,"Rosales Esteban, Antony Yonel",Masculino,18,70,1.68,Ingeniería Industrial,2,6,5,15.5,Tercio,25,"Deportes de equipo (Fútbol, Básquet, Vóley, etc.)",En instalaciones de la universidad,Colectiva,30,"Moderado: Podía hablar en frases cortas, pero me agitaba un poco y necesitaba respirar.",Tarde,"Media: Tuve constancia por algunas semanas, pero con interrupciones frecuentes.",23,30,Alto: Mantengo la concentración durante la mayor parte del tiempo sin distracciones significativas.,"Proteína en polvo (Whey, Vegana, Caseína)",5,Alta en proteínas,7,Regular,Moderado,Alto
8/5/2026 17:49:07,Grupo 7,"Rosales Esteban, Antony Yonel",Masculino,17,82,1.75,Ingeniería Industrial,2,6,6,14,Tercio medio,5,Gimnasio / Levantamiento de pesas,En instalaciones de la universidad,Individual,4,"Moderado: Podía hablar en frases cortas, pero me agitaba un poco y necesitaba respirar.",Tarde,"Media: Tuve constancia por algunas semanas, pero con interrupciones frecuentes.",23,6,"Medio: Logro concentrarme por períodos moderados, pero presento algunas distracciones.",Bebidas rehidratantes,5,Ninguna en especial,6,Regular,Alto,Alto
8/5/2026 17:49:12,Grupo 7,"Rosales Esteban, Antony Yonel",Femenino,18,61,160,Ingeniería Industrial,2,6,6,17,Tercio,5,"Entrenamiento en casa (Calistenia, Yoga, rutinas por video)",En casa,Individual,4,"Moderado: Podía hablar en frases cortas, pero me agitaba un poco y necesitaba respirar.",Noche,"Media: Tuve constancia por algunas semanas, pero con interrupciones frecuentes.",23,12,"Medio: Logro concentrarme por períodos moderados, pero presento algunas distracciones.",Multivitamínicos y Minerales,4,Baja en carbohidratos,7,Buena,Bajo,Bajo
8/5/2026 17:54:04,Grupo 7,"Rosales Esteban, Antony Yonel",Femenino,19,67,148,Ingeniería Industrial,5,5,5,14.25,Tercio,0,No realizo actividad fisica,,,,,,,26,8,Alto: Mantengo la concentración durante la mayor parte del tiempo sin distracciones significativas.,Ninguno,3,Ninguna en especial,5,Regular,Alto,Alto
8/5/2026 18:17:25,Grupo 2,"Terrones Paredes, Alvaro Emilio",Masculino,18,77,65,Ingeniería Mecatrónica,2,6,6,18.5,Décimo,4,"Entrenamiento en casa (Calistenia, Yoga, rutinas por video)",En casa,Individual,4,"Moderado: Podía hablar en frases cortas, pero me agitaba un poco y necesitaba respirar.",Noche,"Media: Tuve constancia por algunas semanas, pero con interrupciones frecuentes.",22,20,Alto: Mantengo la concentración durante la mayor parte del tiempo sin distracciones significativas.,Ninguno,3,Ninguna en especial,6,Buena,Moderado,Moderado
8/5/2026 20:03:58,Grupo 2,"Guerrero Cedrón, Antonio Jorge",Prefiero no decirlo / Otro,20,75,1.8,Ingeniería Mecánica,5,5,3,11.7,Tercio medio,6,Gimnasio / Levantamiento de pesas,En gimnasio,Individual,5,"Moderado: Podía hablar en frases cortas, pero me agitaba un poco y necesitaba respirar.",Tarde,"Media: Tuve constancia por algunas semanas, pero con interrupciones frecuentes.",12,10,"Medio: Logro concentrarme por períodos moderados, pero presento algunas distracciones.","Bebidas energéticas, Bebidas rehidratantes, Proteína en polvo (Whey, Vegana, Caseína), Creatina",8,Alta en proteínas,4,Muy mala,Moderado,Moderado
8/5/2026 20:04:46,Grupo 2,"Guerrero Cedrón, Antonio Jorge",Femenino,21,52,1.53,Ingeniería Industrial,6,6,6,16.7,Quinto,2,Tenis ,Otros,Colectiva,1,"Moderado: Podía hablar en frases cortas, pero me agitaba un poco y necesitaba respirar.",Mañana,"Media: Tuve constancia por algunas semanas, pero con interrupciones frecuentes.",26,20,"Medio: Logro concentrarme por períodos moderados, pero presento algunas distracciones.",Bebidas rehidratantes,4,Ninguna en especial,7,Regular,Moderado,Moderado
8/5/2026 20:07:31,Grupo 2,"Guerrero Cedrón, Antonio Jorge",Masculino,19,85,183,Ingeniería Mecánica,5,5,5,13,Tercio,4,"Deportes de equipo (Fútbol, Básquet, Vóley, etc.)","En espacios públicos (parques, canchas, piscinas, etc.)",Individual,2,"Moderado: Podía hablar en frases cortas, pero me agitaba un poco y necesitaba respirar.",Noche,"Media: Tuve constancia por algunas semanas, pero con interrupciones frecuentes.",10,8,"Medio: Logro concentrarme por períodos moderados, pero presento algunas distracciones.",Bebidas rehidratantes,4,Vegetariana,6,Regular,Moderado,Moderado
8/5/2026 20:09:03,Grupo 2,"Guerrero Cedrón, Antonio Jorge",Masculino,18,65,1.63,Ingeniería Industrial,3,6,5,13,Tercio inferior,2,"Deportes de equipo (Fútbol, Básquet, Vóley, etc.)","En espacios públicos (parques, canchas, piscinas, etc.)",Colectiva,2,"Moderado: Podía hablar en frases cortas, pero me agitaba un poco y necesitaba respirar.",Noche,"Media: Tuve constancia por algunas semanas, pero con interrupciones frecuentes.",15,2,"Medio: Logro concentrarme por períodos moderados, pero presento algunas distracciones.",Bebidas rehidratantes,3,Ninguna en especial,5,Regular,Moderado,Moderado
8/5/2026 20:15:03,Grupo 2,"Guerrero Cedrón, Antonio Jorge",Femenino,22,62,159,Bioingeniería,Más de 10,5,5,18,Tercio,5,Gimnasio / Levantamiento de pesas,En gimnasio,Individual,5,"Moderado: Podía hablar en frases cortas, pero me agitaba un poco y necesitaba respirar.",Noche,Alta: Mantuve mi rutina de manera estricta y constante todo el ciclo.,10,6,"Medio: Logro concentrarme por períodos moderados, pero presento algunas distracciones.","Proteína en polvo (Whey, Vegana, Caseína)",3,Ninguna en especial,8,Regular,Muy alto,Muy alto
8/5/2026 20:22:37,Grupo 2,"Guerrero Cedrón, Antonio Jorge",Masculino,19,64,175,Ingeniería Civil,6,7,7,15.65,Tercio medio,4,"Deportes de equipo (Fútbol, Básquet, Vóley, etc.)",En gimnasio,Colectiva,3,"Moderado: Podía hablar en frases cortas, pero me agitaba un poco y necesitaba respirar.",Tarde,"Media: Tuve constancia por algunas semanas, pero con interrupciones frecuentes.",7,10,"Medio: Logro concentrarme por períodos moderados, pero presento algunas distracciones.","Bebidas energéticas, Bebidas rehidratantes",4,Ninguna en especial,6,Regular,Alto,Moderado
8/5/2026 20:23:27,Grupo 2,"Guerrero Cedrón, Antonio Jorge",Femenino,21,52,1.58,Ingeniería Química,10,5,5,15.37,Quinto,2,"Entrenamiento en casa (Calistenia, Yoga, rutinas por video)",En casa,Individual,1,"Moderado: Podía hablar en frases cortas, pero me agitaba un poco y necesitaba respirar.",Noche,"Media: Tuve constancia por algunas semanas, pero con interrupciones frecuentes.",28,2,"Medio: Logro concentrarme por períodos moderados, pero presento algunas distracciones.","Bebidas energéticas, Ninguno",4,Ninguna en especial,6,Regular,Moderado,Alto
8/5/2026 20:31:38,Grupo 2,"Guerrero Cedrón, Antonio Jorge",Femenino,18,50,154,Ingeniería Electrónica,2,6,6,17,Décimo,4,"Entrenamiento en casa (Calistenia, Yoga, rutinas por video)",En casa,Individual,3,"Moderado: Podía hablar en frases cortas, pero me agitaba un poco y necesitaba respirar.",Noche,"Media: Tuve constancia por algunas semanas, pero con interrupciones frecuentes.",5,15,"Medio: Logro concentrarme por períodos moderados, pero presento algunas distracciones.",Ninguno,4,Ninguna en especial,5,Regular,Alto,Moderado
8/5/2026 20:33:30,Grupo 2,"Guerrero Cedrón, Antonio Jorge",Prefiero no decirlo / Otro,18,71,1.71,Ingeniería Electrónica,2,4,1,6,Quinto,2,Skate,"En espacios públicos (parques, canchas, piscinas, etc.)",Individual,4,"Moderado: Podía hablar en frases cortas, pero me agitaba un poco y necesitaba respirar.",Noche,"Media: Tuve constancia por algunas semanas, pero con interrupciones frecuentes.",10,20,"Medio: Logro concentrarme por períodos moderados, pero presento algunas distracciones.",Bebidas energéticas,2,Baja en carbohidratos,6,Regular,Alto,Muy alto
8/5/2026 20:34:28,Grupo 2,"Guerrero Cedrón, Antonio Jorge",Masculino,17,75,1.68,Ingeniería Electrónica,2,6,5,15.4,Tercio,4,Gimnasio / Levantamiento de pesas,En gimnasio,Colectiva,2,"Moderado: Podía hablar en frases cortas, pero me agitaba un poco y necesitaba respirar.",Tarde,"Media: Tuve constancia por algunas semanas, pero con interrupciones frecuentes.",10,7,"Medio: Logro concentrarme por períodos moderados, pero presento algunas distracciones.",Bebidas energéticas,5,Ninguna en especial,6,Regular,Alto,Moderado
8/5/2026 20:37:47,Grupo 2,"Guerrero Cedrón, Antonio Jorge",Femenino,17,55,1.69,Ingeniería Mecatrónica,2,6,6,16.69,Quinto,5,Natacion,En casa,Individual,2,"Moderado: Podía hablar en frases cortas, pero me agitaba un poco y necesitaba respirar.",Tarde,"Media: Tuve constancia por algunas semanas, pero con interrupciones frecuentes.",24,8,"Medio: Logro concentrarme por períodos moderados, pero presento algunas distracciones.","Bebidas energéticas, Multivitamínicos y Minerales",3,Alta en proteínas,6,Regular,Moderado,Moderado
8/5/2026 20:38:12,Grupo 2,"Guerrero Cedrón, Antonio Jorge",Masculino,20,70,1.7,Ingeniería Mecatrónica,7,6,5,12.75,Quinto,2,Gimnasio / Levantamiento de pesas,En gimnasio,Individual,1,"Moderado: Podía hablar en frases cortas, pero me agitaba un poco y necesitaba respirar.",Tarde,"Media: Tuve constancia por algunas semanas, pero con interrupciones frecuentes.",3,6,Bajo: Me distraigo con facilidad y me cuesta mantener la atención durante el estudio.,Creatina,4,Ninguna en especial,7,Regular,Moderado,Moderado
8/5/2026 20:43:49,Grupo 2,"Guerrero Cedrón, Antonio Jorge",Masculino,22,62,172,Ingeniería Civil,10,4,4,15,Tercio,6,"Deportes de equipo (Fútbol, Básquet, Vóley, etc.)",En instalaciones de la universidad,Colectiva,2,Bajo: Podía mantener una conversación larga o cantar sin ningún esfuerzo,Tarde,"Media: Tuve constancia por algunas semanas, pero con interrupciones frecuentes.",14,10,"Medio: Logro concentrarme por períodos moderados, pero presento algunas distracciones.",Ninguno,4,Ninguna en especial,7,Regular,Moderado,Moderado
8/5/2026 20:48:30,Grupo 2,"Guerrero Cedrón, Antonio Jorge",Femenino,22,58,1.55,Bioingeniería,9,7,7,16.2,Tercio,2,"Deportes aeróbicos (Correr, Nadar, Ciclismo)",En casa,Individual,1,Bajo: Podía mantener una conversación larga o cantar sin ningún esfuerzo,Mañana,"Baja: Fui muy irregular, entrenando solo ocasionalmente.",16,10,"Medio: Logro concentrarme por períodos moderados, pero presento algunas distracciones.",Bebidas energéticas,5,Ninguna en especial,6,Regular,Alto,Muy alto
8/5/2026 20:56:41,Grupo 2,"Guerrero Cedrón, Antonio Jorge",Masculino,23,85,173,Ingeniería Civil,10,3,3,15.7,Tercio,6,Gimnasio / Levantamiento de pesas,En gimnasio,Individual,3,Bajo: Podía mantener una conversación larga o cantar sin ningún esfuerzo,Noche,"Media: Tuve constancia por algunas semanas, pero con interrupciones frecuentes.",12,6,"Medio: Logro concentrarme por períodos moderados, pero presento algunas distracciones.",Ninguno,4,Ninguna en especial,6,Mala,Alto,Muy alto
8/5/2026 20:59:14,Grupo 2,"Guerrero Cedrón, Antonio Jorge",Masculino,22,76,180,Ingeniería Industrial,8,5,5,14.17,Tercio medio,12,"Deportes aeróbicos (Correr, Nadar, Ciclismo)","En espacios públicos (parques, canchas, piscinas, etc.)",Individual,5,Bajo: Podía mantener una conversación larga o cantar sin ningún esfuerzo,Noche,Alta: Mantuve mi rutina de manera estricta y constante todo el ciclo.,12,4,"Medio: Logro concentrarme por períodos moderados, pero presento algunas distracciones.","Multivitamínicos y Minerales, Proteína en polvo (Whey, Vegana, Caseína), Creatina",3,Ninguna en especial,6,Regular,Moderado,Muy alto
8/5/2026 21:02:39,Grupo 2,"Guerrero Cedrón, Antonio Jorge",Femenino,19,56,1.57,Ingeniería Mecánica,3,6,2,13,Tercio,2,"Deportes de equipo (Fútbol, Básquet, Vóley, etc.)","En espacios públicos (parques, canchas, piscinas, etc.)",Colectiva,1,"Moderado: Podía hablar en frases cortas, pero me agitaba un poco y necesitaba respirar.",Mañana,"Baja: Fui muy irregular, entrenando solo ocasionalmente.",40,20,"Medio: Logro concentrarme por períodos moderados, pero presento algunas distracciones.",Ninguno,3,Ninguna en especial,4,Muy mala,Bajo,Moderado
8/5/2026 21:16:41,Grupo 2,"Guerrero Cedrón, Antonio Jorge",Masculino,19,70,1.74,Ingeniería Mecatrónica,7,5,5,14.52,Tercio,0,No realizo actividad fisica,,,,,,,22,20,"Medio: Logro concentrarme por períodos moderados, pero presento algunas distracciones.",Ninguno,2,Ninguna en especial,5,Muy mala,Alto,Alto
8/5/2026 21:19:56,Grupo 2,"Guerrero Cedrón, Antonio Jorge",Femenino,22,46,154,Ciencias de la Computación,9,6,6,19,Décimo,6,"Deportes aeróbicos (Correr, Nadar, Ciclismo)","En espacios públicos (parques, canchas, piscinas, etc.)",Individual,6,"Moderado: Podía hablar en frases cortas, pero me agitaba un poco y necesitaba respirar.",Mañana,"Media: Tuve constancia por algunas semanas, pero con interrupciones frecuentes.",18,15,Alto: Mantengo la concentración durante la mayor parte del tiempo sin distracciones significativas.,Ninguno,5,Ninguna en especial,4,Regular,Moderado,Moderado
8/5/2026 21:25:22,Grupo 2,"Guerrero Cedrón, Antonio Jorge",Masculino,22,65,169,Ciencias de la Computación,6,7,7,13.5,Tercio inferior,0,No realizo actividad fisica,,,,,,,24,14,"Medio: Logro concentrarme por períodos moderados, pero presento algunas distracciones.",Bebidas energéticas,4,Ninguna en especial,6,Regular,Moderado,Alto
8/5/2026 21:30:56,Grupo 2,"Guerrero Cedrón, Antonio Jorge",Femenino,22,60,160,Ingeniería Industrial,9,5,4,15,Quinto,2,Gimnasio / Levantamiento de pesas,En gimnasio,Individual,2,"Moderado: Podía hablar en frases cortas, pero me agitaba un poco y necesitaba respirar.",Mañana,Alta: Mantuve mi rutina de manera estricta y constante todo el ciclo.,11,10,Alto: Mantengo la concentración durante la mayor parte del tiempo sin distracciones significativas.,"Proteína en polvo (Whey, Vegana, Caseína)",3,Alta en proteínas,5,Mala,Muy alto,Alto
8/5/2026 21:36:49,Grupo 2,"Guerrero Cedrón, Antonio Jorge",Masculino,20,100,180,Ciencias de la Computación,9,6,5,15,Tercio,4,Gimnasio / Levantamiento de pesas,En gimnasio,Individual,3,Bajo: Podía mantener una conversación larga o cantar sin ningún esfuerzo,Mañana,"Baja: Fui muy irregular, entrenando solo ocasionalmente.",36,3,"Medio: Logro concentrarme por períodos moderados, pero presento algunas distracciones.",Creatina,3,Ninguna en especial,4,Buena,Alto,Muy alto
8/5/2026 21:37:44,Grupo 2,"Guerrero Cedrón, Antonio Jorge",Masculino,21,66,164,Ciencias de la Computación,7,5,5,13.59,Tercio medio,9,"Deportes de equipo (Fútbol, Básquet, Vóley, etc.)",En instalaciones de la universidad,Colectiva,3,"Moderado: Podía hablar en frases cortas, pero me agitaba un poco y necesitaba respirar.",Tarde,"Media: Tuve constancia por algunas semanas, pero con interrupciones frecuentes.",36,13,"Medio: Logro concentrarme por períodos moderados, pero presento algunas distracciones.",Ninguno,4,Ninguna en especial,5,Regular,Moderado,Moderado
8/5/2026 21:38:01,Grupo 2,"Guerrero Cedrón, Antonio Jorge",Masculino,22,76,173,Ciencias de la Computación,8,5,5,17,Décimo,3,"Deportes de equipo (Fútbol, Básquet, Vóley, etc.)",En gimnasio,Individual,3,"Moderado: Podía hablar en frases cortas, pero me agitaba un poco y necesitaba respirar.",Noche,Alta: Mantuve mi rutina de manera estricta y constante todo el ciclo.,25,8,Alto: Mantengo la concentración durante la mayor parte del tiempo sin distracciones significativas.,"Bebidas energéticas, Bebidas rehidratantes",3,Ninguna en especial,5,Regular,Moderado,Moderado
8/5/2026 21:53:49,Grupo 2,"Guerrero Cedrón, Antonio Jorge",Masculino,22,71,182,Ciencias de la Computación,10,2,2,18,Quinto,4,"Deportes de equipo (Fútbol, Básquet, Vóley, etc.)",En gimnasio,Individual,5,"Moderado: Podía hablar en frases cortas, pero me agitaba un poco y necesitaba respirar.",Tarde,"Media: Tuve constancia por algunas semanas, pero con interrupciones frecuentes.",5,4,"Medio: Logro concentrarme por períodos moderados, pero presento algunas distracciones.",Bebidas rehidratantes,3,Alta en proteínas,7,Regular,Moderado,Moderado
8/5/2026 21:59:33,Grupo 2,"Guerrero Cedrón, Antonio Jorge",Masculino,20,62,1.66,Ingeniería Civil,6,7,2,13,Tercio medio,8,Gimnasio / Levantamiento de pesas,En gimnasio,Individual,5,"Moderado: Podía hablar en frases cortas, pero me agitaba un poco y necesitaba respirar.",Noche,"Media: Tuve constancia por algunas semanas, pero con interrupciones frecuentes.",19,4,"Medio: Logro concentrarme por períodos moderados, pero presento algunas distracciones.",Bebidas rehidratantes,4,Alta en proteínas,7,Regular,Moderado,Moderado
8/5/2026 22:01:01,Grupo 2,"Guerrero Cedrón, Antonio Jorge",Masculino,20,60,170,Ingeniería Mecatrónica,7,5,5,16.1,Quinto,2,"Deportes aeróbicos (Correr, Nadar, Ciclismo)","En espacios públicos (parques, canchas, piscinas, etc.)",Colectiva,1,Alto: Me faltaba el aliento rápido y apenas podía decir unas pocas palabras sin parar a tomar aire.,Mañana,Alta: Mantuve mi rutina de manera estricta y constante todo el ciclo.,28,50,Alto: Mantengo la concentración durante la mayor parte del tiempo sin distracciones significativas.,Ninguno,4,Alta en proteínas,6,Buena,Alto,Muy alto
8/5/2026 22:02:03,Grupo 2,"Guerrero Cedrón, Antonio Jorge",Masculino,24,80,172,Bioingeniería,10,4,4,18.2,Tercio,12,"Deportes de equipo (Fútbol, Básquet, Vóley, etc.)","En espacios públicos (parques, canchas, piscinas, etc.)",Individual,6,"Moderado: Podía hablar en frases cortas, pero me agitaba un poco y necesitaba respirar.",Tarde,"Media: Tuve constancia por algunas semanas, pero con interrupciones frecuentes.",13,4,"Medio: Logro concentrarme por períodos moderados, pero presento algunas distracciones.","Bebidas energéticas, Bebidas rehidratantes, Polvos Pre-Entreno, Creatina",5,Alta en proteínas,9,Buena,Moderado,Bajo
8/5/2026 22:11:15,Grupo 2,"Terrones Paredes, Alvaro Emilio",Femenino,22,62,164,Bioingeniería,Más de 10,5,5,16,Tercio medio,1,Artes marciales / Deportes de contacto,En instalaciones de la universidad,Colectiva,1,"Moderado: Podía hablar en frases cortas, pero me agitaba un poco y necesitaba respirar.",Mañana,"Baja: Fui muy irregular, entrenando solo ocasionalmente.",17,20,Bajo: Me distraigo con facilidad y me cuesta mantener la atención durante el estudio.,Café ,4,Ninguna en especial,6,Regular,Alto,Alto
8/5/2026 22:11:29,Grupo 2,"Guerrero Cedrón, Antonio Jorge",Prefiero no decirlo / Otro,21,57,174,Ciencias de la Computación,9,4,4,15.5,Tercio medio,0,No realizo actividad fisica,,,,,,,18,6,Bajo: Me distraigo con facilidad y me cuesta mantener la atención durante el estudio.,Ninguno,4,Ninguna en especial,6,Regular,Moderado,Moderado
8/5/2026 22:16:32,Grupo 2,"Terrones Paredes, Alvaro Emilio",Femenino,22,68,1.64,Bioingeniería,9,3,3,16.67,Tercio,0,No realizo actividad fisica,,,,,,,18,60,"Medio: Logro concentrarme por períodos moderados, pero presento algunas distracciones.",Ninguno,4,Ninguna en especial,6,Mala,Alto,Muy alto
8/5/2026 22:16:54,Grupo 2,"Guerrero Cedrón, Antonio Jorge",Femenino,22,49,150,Ingeniería Industrial,10,4,4,16,Tercio,0,No realizo actividad fisica,,,,,,,14,8,"Medio: Logro concentrarme por períodos moderados, pero presento algunas distracciones.",Bebidas rehidratantes,3,Ninguna en especial,6,Mala,Alto,Muy alto
8/5/2026 22:21:06,Grupo 2,"Guerrero Cedrón, Antonio Jorge",Masculino,22,64,163,Ingeniería Mecatrónica,5,6,5,16,Tercio,2,"Deportes de equipo (Fútbol, Básquet, Vóley, etc.)","En espacios públicos (parques, canchas, piscinas, etc.)",Colectiva,1,"Moderado: Podía hablar en frases cortas, pero me agitaba un poco y necesitaba respirar.",Mañana,"Media: Tuve constancia por algunas semanas, pero con interrupciones frecuentes.",24,24,"Medio: Logro concentrarme por períodos moderados, pero presento algunas distracciones.",Ninguno,3,Ninguna en especial,6,Mala,Moderado,Moderado
8/5/2026 22:27:12,Grupo 2,"Terrones Paredes, Alvaro Emilio",Masculino,23,80,172,Ingeniería Industrial,10,6,0,15.93,Décimo,4,Gimnasio / Levantamiento de pesas,En gimnasio,Individual,3,"Moderado: Podía hablar en frases cortas, pero me agitaba un poco y necesitaba respirar.",Noche,"Media: Tuve constancia por algunas semanas, pero con interrupciones frecuentes.",21,15,Alto: Mantengo la concentración durante la mayor parte del tiempo sin distracciones significativas.,Ninguno,2,Ninguna en especial,7,Buena,Moderado,Moderado
8/5/2026 22:27:29,Grupo 2,"Guerrero Cedrón, Antonio Jorge",Masculino,19,60,165,Sistemas de la Información,5,6,5,14.19,Tercio medio,7,Gimnasio / Levantamiento de pesas,En gimnasio,Colectiva,4,"Moderado: Podía hablar en frases cortas, pero me agitaba un poco y necesitaba respirar.",Noche,"Media: Tuve constancia por algunas semanas, pero con interrupciones frecuentes.",29,2,"Medio: Logro concentrarme por períodos moderados, pero presento algunas distracciones.",Bebidas rehidratantes,4,Ninguna en especial,6,Mala,Alto,Alto
8/5/2026 22:35:15,Grupo 2,"Guerrero Cedrón, Antonio Jorge",Masculino,20,70,174,Ciencias de la Computación,7,6,6,15,Tercio,12,"Deportes de equipo (Fútbol, Básquet, Vóley, etc.)",En instalaciones de la universidad,Colectiva,5,"Moderado: Podía hablar en frases cortas, pero me agitaba un poco y necesitaba respirar.",Mañana,Alta: Mantuve mi rutina de manera estricta y constante todo el ciclo.,30,10,Alto: Mantengo la concentración durante la mayor parte del tiempo sin distracciones significativas.,Bebidas rehidratantes,4,Ninguna en especial,5,Regular,Moderado,Moderado
8/5/2026 22:38:00,Grupo 2,"Guerrero Cedrón, Antonio Jorge",Masculino,20,70,1.78,Ciencia de Datos,7,6,6,17.24,Quinto,1,Caminar,"En espacios públicos (parques, canchas, piscinas, etc.)",Individual,0,Bajo: Podía mantener una conversación larga o cantar sin ningún esfuerzo,Noche,"Baja: Fui muy irregular, entrenando solo ocasionalmente.",36,8,Alto: Mantengo la concentración durante la mayor parte del tiempo sin distracciones significativas.,Ninguno,2,Ninguna en especial,6,Regular,Moderado,Alto
8/5/2026 22:41:56,Grupo 2,"Guerrero Cedrón, Antonio Jorge",Masculino,19,76,1.7,Ciencias de la Computación,2,6,6,13,Tercio medio,0,No realizo actividad fisica,,,,,,,25,12,Bajo: Me distraigo con facilidad y me cuesta mantener la atención durante el estudio.,Multivitamínicos y Minerales,3,Ninguna en especial,7,Regular,Moderado,Moderado
8/5/2026 22:42:27,Grupo 2,"Terrones Paredes, Alvaro Emilio",Femenino,18,62,165,Ingeniería Civil,2,5,7,18,Tercio,9,"Deportes de equipo (Fútbol, Básquet, Vóley, etc.)",En gimnasio,Colectiva,6,Alto: Me faltaba el aliento rápido y apenas podía decir unas pocas palabras sin parar a tomar aire.,Mañana,Alta: Mantuve mi rutina de manera estricta y constante todo el ciclo.,21,12,"Medio: Logro concentrarme por períodos moderados, pero presento algunas distracciones.",Ninguno,6,Ninguna en especial,7,Buena,Bajo,Moderado
8/5/2026 22:43:25,Grupo 7,"Rosales Esteban, Antony Yonel",Masculino,21,54,175,Ingeniería Mecatrónica,5,7,7,17.05,Tercio medio,5,"Deportes de equipo (Fútbol, Básquet, Vóley, etc.)","En espacios públicos (parques, canchas, piscinas, etc.)",Colectiva,3,"Moderado: Podía hablar en frases cortas, pero me agitaba un poco y necesitaba respirar.",Mañana,"Media: Tuve constancia por algunas semanas, pero con interrupciones frecuentes.",42,8,"Medio: Logro concentrarme por períodos moderados, pero presento algunas distracciones.",Bebidas rehidratantes,3,Alta en proteínas,7,Regular,Moderado,Moderado
8/5/2026 22:45:56,Grupo 7,"Rosales Esteban, Antony Yonel",Femenino,19,54,168,Ingeniería Química,4,5,5,16.98,Tercio medio,3,"Entrenamiento en casa (Calistenia, Yoga, rutinas por video)",En casa,Individual,2,Bajo: Podía mantener una conversación larga o cantar sin ningún esfuerzo,Tarde,"Media: Tuve constancia por algunas semanas, pero con interrupciones frecuentes.",24,7,Alto: Mantengo la concentración durante la mayor parte del tiempo sin distracciones significativas.,Ninguno,3,Baja en carbohidratos,8,Buena,Moderado,Moderado
8/5/2026 22:50:32,Grupo 2,"Cabanillas Ventocilla, Abigail Jaslin",Femenino,21,50,154,Ciencias de la Computación,2,6,5,12,Tercio inferior,0,No realizo actividad fisica,,,,,,,24,28,"Medio: Logro concentrarme por períodos moderados, pero presento algunas distracciones.",Ninguno,3,Ninguna en especial,5,Mala,Muy alto,Alto
8/5/2026 22:50:50,Grupo 7,"Rosales Esteban, Antony Yonel",Femenino,18,56,165,Ingeniería Civil,3,6,6,15.5,Tercio,0,No realizo actividad fisica,,,,,,,23,5,Alto: Mantengo la concentración durante la mayor parte del tiempo sin distracciones significativas.,Ninguno,5,Ninguna en especial,7.5,Regular,Moderado,Alto
9/5/2026 0:21:41,Grupo 7,"Rosales Esteban, Antony Yonel",Masculino,20,80,171,Ingeniería Civil,5,6,4,11,Tercio inferior,3,No realizo actividad fisica,,,,,,,17,5,Bajo: Me distraigo con facilidad y me cuesta mantener la atención durante el estudio.,Ninguno,3,Ninguna en especial,5,Regular,Alto,Alto
9/5/2026 2:50:13,Grupo 5,"Arica Reyes, Ady Gabriela",Masculino,21,61,159,Ingeniería Civil,10,7,7,16.7,Décimo,2,"Deportes de equipo (Fútbol, Básquet, Vóley, etc.)","En espacios públicos (parques, canchas, piscinas, etc.)",Colectiva,1,"Moderado: Podía hablar en frases cortas, pero me agitaba un poco y necesitaba respirar.",Tarde,"Media: Tuve constancia por algunas semanas, pero con interrupciones frecuentes.",21,4,"Medio: Logro concentrarme por períodos moderados, pero presento algunas distracciones.",Ninguno,2,Alta en proteínas,6,Regular,Bajo,Moderado
9/5/2026 7:08:36,Grupo 4,"Cabanillas Ventocilla, Abigail Jaslin",Masculino,23,85,1.75,Ingeniería Civil,8,6,6,15,Tercio,4,"Deportes de equipo (Fútbol, Básquet, Vóley, etc.)",En instalaciones de la universidad,Colectiva,3,"Moderado: Podía hablar en frases cortas, pero me agitaba un poco y necesitaba respirar.",Tarde,"Media: Tuve constancia por algunas semanas, pero con interrupciones frecuentes.",12,6,"Medio: Logro concentrarme por períodos moderados, pero presento algunas distracciones.",Ninguno,3,Ninguna en especial,5,Mala,Muy bajo,Bajo
9/5/2026 8:07:06,Grupo 7,"Rosales Esteban, Antony Yonel",Masculino,17,70,180,Ingeniería Mecánica,4,6,6,16.89,Tercio inferior,5,"Deportes de equipo (Fútbol, Básquet, Vóley, etc.)","En espacios públicos (parques, canchas, piscinas, etc.)",Colectiva,4,"Moderado: Podía hablar en frases cortas, pero me agitaba un poco y necesitaba respirar.",Noche,Alta: Mantuve mi rutina de manera estricta y constante todo el ciclo.,25,8,Alto: Mantengo la concentración durante la mayor parte del tiempo sin distracciones significativas.,"Bebidas energéticas, Bebidas rehidratantes, Polvos Pre-Entreno",5,Alta en proteínas,7,Regular,Bajo,Moderado
9/5/2026 11:55:12,Grupo 2,"Guerrero Cedrón, Antonio Jorge",Masculino,21,115,193,Ingeniería Mecánica,Más de 10,3,3,15,Tercio medio,6,Gimnasio / Levantamiento de pesas,En gimnasio,Individual,3,"Moderado: Podía hablar en frases cortas, pero me agitaba un poco y necesitaba respirar.",Noche,"Media: Tuve constancia por algunas semanas, pero con interrupciones frecuentes.",6,3,"Medio: Logro concentrarme por períodos moderados, pero presento algunas distracciones.",Ninguno,3,Ninguna en especial,6,Mala,Alto,Muy alto
9/5/2026 12:07:07,Grupo 2,"Guerrero Cedrón, Antonio Jorge",Femenino,18,51,160,Bioingeniería,2,7,7,18.5,Décimo,4,"Entrenamiento en casa (Calistenia, Yoga, rutinas por video)",En casa,Individual,3,"Moderado: Podía hablar en frases cortas, pero me agitaba un poco y necesitaba respirar.",Noche,"Media: Tuve constancia por algunas semanas, pero con interrupciones frecuentes.",27,12,"Medio: Logro concentrarme por períodos moderados, pero presento algunas distracciones.",Ninguno,2,Ninguna en especial,7,Regular,Moderado,Moderado
9/5/2026 13:41:15,Grupo 2,"Guerrero Cedrón, Antonio Jorge",Masculino,18,68,173,Ingeniería Mecánica,3,6,6,14.95,Tercio inferior,3,"Deportes de equipo (Fútbol, Básquet, Vóley, etc.)",En instalaciones de la universidad,Colectiva,4,"Moderado: Podía hablar en frases cortas, pero me agitaba un poco y necesitaba respirar.",Mañana,Alta: Mantuve mi rutina de manera estricta y constante todo el ciclo.,24,6,"Medio: Logro concentrarme por períodos moderados, pero presento algunas distracciones.","Bebidas energéticas, Bebidas rehidratantes",4,Ninguna en especial,7,Regular,Alto,Alto
9/5/2026 15:40:03,Grupo 7,"Rosales Esteban, Antony Yonel",Masculino,21,62.68,1.8,Ingeniería Mecatrónica,3,8,6,15.58,Tercio inferior,0,No realizo actividad fisica,,,,,,,30,2,"Medio: Logro concentrarme por períodos moderados, pero presento algunas distracciones.",Ninguno,4,Ninguna en especial,2,Muy mala,Bajo,Moderado
11/5/2026 14:50:15,Grupo 2,"Terrones Paredes, Alvaro Emilio",Masculino,18,64,177,Ciencias de la Computación,2,6,6,20,Tercio,4,Tennis,En gimnasio,Individual,3,"Moderado: Podía hablar en frases cortas, pero me agitaba un poco y necesitaba respirar.",Tarde,"Media: Tuve constancia por algunas semanas, pero con interrupciones frecuentes.",22,10,Alto: Mantengo la concentración durante la mayor parte del tiempo sin distracciones significativas.,Ninguno,3,Ninguna en especial,7,Buena,Bajo,Moderado
11/5/2026 15:24:58,Grupo 2,"Terrones Paredes, Alvaro Emilio",Masculino,18,64,176,Ciencias de la Computación,2,6,5,14.38,Tercio medio,50,"Deportes de equipo (Fútbol, Básquet, Vóley, etc.)","En espacios públicos (parques, canchas, piscinas, etc.)",Colectiva,3,Alto: Me faltaba el aliento rápido y apenas podía decir unas pocas palabras sin parar a tomar aire.,Mañana,Alta: Mantuve mi rutina de manera estricta y constante todo el ciclo.,22,20,Alto: Mantengo la concentración durante la mayor parte del tiempo sin distracciones significativas.,Bebidas rehidratantes,3,Ninguna en especial,6,Buena,Bajo,Bajo
11/5/2026 15:26:53,Grupo 2,"Terrones Paredes, Alvaro Emilio",Masculino,18,100,1.8,Sistemas de la Información,2,5,4,12,Décimo,4,"Entrenamiento en casa (Calistenia, Yoga, rutinas por video)",En casa,Individual,10,Bajo: Podía mantener una conversación larga o cantar sin ningún esfuerzo,Noche,"Baja: Fui muy irregular, entrenando solo ocasionalmente.",25,3,Bajo: Me distraigo con facilidad y me cuesta mantener la atención durante el estudio.,Bebidas energéticas,2,Ninguna en especial,5,Mala,Muy alto,Alto
11/5/2026 16:00:34,Grupo 2,"Terrones Paredes, Alvaro Emilio",Masculino,25,85,1.7,Ingeniería Civil,9,5,5,13,Tercio medio,5,Gimnasio / Levantamiento de pesas,En casa,Individual,2,"Moderado: Podía hablar en frases cortas, pero me agitaba un poco y necesitaba respirar.",Tarde,"Media: Tuve constancia por algunas semanas, pero con interrupciones frecuentes.",3,2,"Medio: Logro concentrarme por períodos moderados, pero presento algunas distracciones.",Ninguno,3,Ninguna en especial,5,Regular,Alto,Moderado
12/5/2026 13:42:02,Grupo 2,"Terrones Paredes, Alvaro Emilio",Masculino,17,62,175,Ciencias de la Computación,2,5,5,14,Tercio medio,8,Gimnasio / Levantamiento de pesas,En gimnasio,Individual,4,"Moderado: Podía hablar en frases cortas, pero me agitaba un poco y necesitaba respirar.",Tarde,"Media: Tuve constancia por algunas semanas, pero con interrupciones frecuentes.",6,7,"Medio: Logro concentrarme por períodos moderados, pero presento algunas distracciones.","Bebidas energéticas, Proteína en polvo (Whey, Vegana, Caseína)",4,Ninguna en especial,8,Regular,Moderado,Bajo
12/5/2026 13:51:52,Grupo 2,"Terrones Paredes, Alvaro Emilio",Masculino,22,65,1.75,Ingeniería Ambiental,10,5,5,15,Tercio,2,"Deportes de equipo (Fútbol, Básquet, Vóley, etc.)","En espacios públicos (parques, canchas, piscinas, etc.)",Colectiva,1,"Moderado: Podía hablar en frases cortas, pero me agitaba un poco y necesitaba respirar.",Tarde,"Media: Tuve constancia por algunas semanas, pero con interrupciones frecuentes.",20,8,"Medio: Logro concentrarme por períodos moderados, pero presento algunas distracciones.",Bebidas energéticas,2,Ninguna en especial,6,Regular,Alto,Alto
12/5/2026 14:27:30,Grupo 2,"Terrones Paredes, Alvaro Emilio",Masculino,20,67,166,Ingeniería Electrónica,7,5,4,11,Tercio inferior,4,Artes marciales / Deportes de contacto,En casa,Individual,3,Bajo: Podía mantener una conversación larga o cantar sin ningún esfuerzo,Mañana,"Media: Tuve constancia por algunas semanas, pero con interrupciones frecuentes.",8,4,Bajo: Me distraigo con facilidad y me cuesta mantener la atención durante el estudio.,Ninguno,5,Ninguna en especial,5,Mala,Muy alto,Muy alto
12/5/2026 14:28:22,Grupo 2,"Terrones Paredes, Alvaro Emilio",Masculino,20,68,1.63,Ciencias de la Computación,7,4,4,15,Tercio medio,0,No realizo actividad fisica,,,,,,,18,8,"Medio: Logro concentrarme por períodos moderados, pero presento algunas distracciones.","Proteína en polvo (Whey, Vegana, Caseína), Creatina",3,Ninguna en especial,8,Regular,Moderado,Alto
12/5/2026 17:54:43,Grupo 7,"Morales Portella, Santiago Cesar",Masculino,22,73,181,Ingeniería Mecánica,10,5,5,16.5,Tercio,1,Gimnasio / Levantamiento de pesas,En gimnasio,Individual,10,"Moderado: Podía hablar en frases cortas, pero me agitaba un poco y necesitaba respirar.",Tarde,"Media: Tuve constancia por algunas semanas, pero con interrupciones frecuentes.",15,5,"Medio: Logro concentrarme por períodos moderados, pero presento algunas distracciones.","Proteína en polvo (Whey, Vegana, Caseína), Creatina",4,Alta en proteínas,6,Buena,Alto,Alto
12/5/2026 17:55:16,Grupo 7,"Morales Portella, Santiago Cesar",Masculino,60,1000,15,Sistemas de la Información,Más de 10,8,8,17,Tercio medio,90,"Deportes de equipo (Fútbol, Básquet, Vóley, etc.)",Otros,Individual,9,Bajo: Podía mantener una conversación larga o cantar sin ningún esfuerzo,Mañana,"Baja: Fui muy irregular, entrenando solo ocasionalmente.",80,150,"Medio: Logro concentrarme por períodos moderados, pero presento algunas distracciones.","Bebidas energéticas, Bebidas rehidratantes, Multivitamínicos y Minerales, Polvos Pre-Entreno, Proteína en polvo (Whey, Vegana, Caseína), Mass gainers, Creatina, Ninguno, Fentanilo ",70,Alta en proteínas,90,Muy mala,Alto,Muy bajo
12/5/2026 17:55:37,Grupo 7,"Morales Portella, Santiago Cesar",Masculino,22,62,165,Ingeniería Mecánica,9,5,5,14,Tercio medio,10,Gimnasio / Levantamiento de pesas,En gimnasio,Individual,5,"Moderado: Podía hablar en frases cortas, pero me agitaba un poco y necesitaba respirar.",Noche,Alta: Mantuve mi rutina de manera estricta y constante todo el ciclo.,24,4,"Medio: Logro concentrarme por períodos moderados, pero presento algunas distracciones.","Ninguno, ",3,Ninguna en especial,8,Buena,Alto,Moderado
12/5/2026 17:57:58,Grupo 7,"Morales Portella, Santiago Cesar",Femenino,23,55,167,Bioingeniería,10,4,4,15.35,Tercio,5,Gimnasio / Levantamiento de pesas,En gimnasio,Individual,3,"Moderado: Podía hablar en frases cortas, pero me agitaba un poco y necesitaba respirar.",Noche,"Baja: Fui muy irregular, entrenando solo ocasionalmente.",14,30,"Medio: Logro concentrarme por períodos moderados, pero presento algunas distracciones.",Bebidas rehidratantes,3,Ninguna en especial,5,Mala,Moderado,Muy alto
15/5/2026 18:42:36,Grupo 7,"Rosales Esteban, Antony Yonel",Femenino,1,555,1.68,Ingeniería Química,5,5,5,18.75,Décimo,0,No realizo actividad fisica,,,,,,,23,15,Alto: Mantengo la concentración durante la mayor parte del tiempo sin distracciones significativas.,Ninguno,4,Ninguna en especial,7.5,Regular,Moderado,Alto
15/5/2026 18:55:37,Grupo 7,"Rosales Esteban, Antony Yonel",Femenino,61,54.4444444,1.69,Bioingeniería,2,6,6,15.58,Quinto,8,"Entrenamiento en casa (Calistenia, Yoga, rutinas por video)",En casa,Individual,3,Bajo: Podía mantener una conversación larga o cantar sin ningún esfuerzo,Tarde,"Media: Tuve constancia por algunas semanas, pero con interrupciones frecuentes.",20,5,"Medio: Logro concentrarme por períodos moderados, pero presento algunas distracciones.","Bebidas energéticas, Bebidas rehidratantes",3,Alta en proteínas,6,Mala,Moderado,Moderado
15/5/2026 20:32:08,Grupo 7,"Burgos Ochoa, Jeseph Imanol",Femenino,23,66,169,Ingeniería Química,9,4,3,12,Tercio inferior,4,"Entrenamiento en casa (Calistenia, Yoga, rutinas por video)",En casa,Individual,2,"Moderado: Podía hablar en frases cortas, pero me agitaba un poco y necesitaba respirar.",Noche,"Baja: Fui muy irregular, entrenando solo ocasionalmente.",20,15,"Medio: Logro concentrarme por períodos moderados, pero presento algunas distracciones.",Ninguno,4,Ninguna en especial,5,Regular,Moderado,Moderado
15/5/2026 20:39:15,Grupo 7,"Burgos Ochoa, Jeseph Imanol",Masculino,19,80,171,Ingeniería Mecatrónica,5,5,4,11.39,Tercio inferior,0,No realizo actividad fisica,,,,,,,20,20,"Medio: Logro concentrarme por períodos moderados, pero presento algunas distracciones.",Ninguno,3,Ninguna en especial,6,Buena,Bajo,Bajo
15/5/2026 20:45:22,Grupo 7,"Burgos Ochoa, Jeseph Imanol",Masculino,20,64,174,Ingeniería Mecatrónica,8,5,0,15.81,Tercio inferior,160,Gimnasio / Levantamiento de pesas,En instalaciones de la universidad,Individual,4,"Moderado: Podía hablar en frases cortas, pero me agitaba un poco y necesitaba respirar.",Mañana,"Baja: Fui muy irregular, entrenando solo ocasionalmente.",60,50,"Medio: Logro concentrarme por períodos moderados, pero presento algunas distracciones.",Ninguno,5,Alta en proteínas,6,Buena,Moderado,Moderado
15/5/2026 20:57:28,Grupo 7,"Burgos Ochoa, Jeseph Imanol",Masculino,21,85,170,Ingeniería Química,9,4,4,16,Décimo,5,"Deportes de equipo (Fútbol, Básquet, Vóley, etc.)",En casa,Individual,3,Bajo: Podía mantener una conversación larga o cantar sin ningún esfuerzo,Mañana,"Media: Tuve constancia por algunas semanas, pero con interrupciones frecuentes.",20,30,Alto: Mantengo la concentración durante la mayor parte del tiempo sin distracciones significativas.,Ninguno,3,Ninguna en especial,6,Regular,Alto,Alto
15/5/2026 21:14:19,Grupo 7,"Burgos Ochoa, Jeseph Imanol",Masculino,18,68,158,Ingeniría de la Energía,3,5,5,13.5,Décimo,2,"Deportes de equipo (Fútbol, Básquet, Vóley, etc.)","En espacios públicos (parques, canchas, piscinas, etc.)",Colectiva,1,"Moderado: Podía hablar en frases cortas, pero me agitaba un poco y necesitaba respirar.",Noche,"Media: Tuve constancia por algunas semanas, pero con interrupciones frecuentes.",12,8,"Medio: Logro concentrarme por períodos moderados, pero presento algunas distracciones.",Bebidas energéticas,5,Ninguna en especial,6,Regular,Alto,Muy alto
15/5/2026 21:20:33,Grupo 7,"Burgos Ochoa, Jeseph Imanol",Masculino,22,90,179,Ingeniería Electrónica,Más de 10,4,4,18.9,Décimo,0,No realizo actividad fisica,,,,,,,10,7,"Medio: Logro concentrarme por períodos moderados, pero presento algunas distracciones.",Ninguno,3,Ninguna en especial,6,Regular,Moderado,Moderado
15/5/2026 21:24:04,Grupo 7,"Burgos Ochoa, Jeseph Imanol",Masculino,26,80,171,Ingeniería Electrónica,9,5,5,18.63,Décimo,2,Caminata nocturna ,Otros,Individual,6,Bajo: Podía mantener una conversación larga o cantar sin ningún esfuerzo,Noche,"Media: Tuve constancia por algunas semanas, pero con interrupciones frecuentes.",20,10,"Medio: Logro concentrarme por períodos moderados, pero presento algunas distracciones.",Ninguno,2,Ninguna en especial,4,Regular,Alto,Alto
15/5/2026 21:24:29,Grupo 7,"Burgos Ochoa, Jeseph Imanol",Masculino,20,57,160,Bioingeniería,8,7,7,16.47,Tercio,2,No realizo actividad fisica,,,,,,,21,42,Bajo: Me distraigo con facilidad y me cuesta mantener la atención durante el estudio.,Ninguno,4,Ninguna en especial,10,Muy buena,Moderado,Moderado
15/5/2026 23:05:52,Grupo 7,"Morales Portella, Santiago Cesar",Masculino,18,57,166,Ingeniería Industrial,2,6,5,15.3,Tercio medio,3,"Deportes de equipo (Fútbol, Básquet, Vóley, etc.)",En instalaciones de la universidad,Colectiva,2,"Moderado: Podía hablar en frases cortas, pero me agitaba un poco y necesitaba respirar.",Tarde,"Media: Tuve constancia por algunas semanas, pero con interrupciones frecuentes.",22,8,"Medio: Logro concentrarme por períodos moderados, pero presento algunas distracciones.",Bebidas rehidratantes,4,Ninguna en especial,8,Regular,Moderado,Moderado
16/5/2026 19:29:11,Grupo 7,"Rosales Esteban, Antony Yonel",Prefiero no decirlo / Otro,775,054,165,Ingeniría de la Energía,5,-6,9,17.42,Tercio,6,No realizo actividad fisica,,,,,,,23,5,"Medio: Logro concentrarme por períodos moderados, pero presento algunas distracciones.",Ninguno,4,Ninguna en especial,7,Buena,Alto,Alto
16/5/2026 19:31:26,Grupo 7,"Rosales Esteban, Antony Yonel",Masculino,18,69.5,1.7,Ingeniería Mecatrónica,7,5,5,17.98,Quinto,5,"Deportes aeróbicos (Correr, Nadar, Ciclismo)","En espacios públicos (parques, canchas, piscinas, etc.)",Individual,3,Bajo: Podía mantener una conversación larga o cantar sin ningún esfuerzo,Mañana,"Media: Tuve constancia por algunas semanas, pero con interrupciones frecuentes.",20,8,Alto: Mantengo la concentración durante la mayor parte del tiempo sin distracciones significativas.,Bebidas rehidratantes,4,Ninguna en especial,7.5,Buena,Moderado,Bajo
17/5/2026 2:47:23,Grupo 7,"Díaz Carrión, Gabriel Marcelo",Masculino,19,71,174,Sistemas de la Información,3,6,5,13.42,Tercio medio,4,Gimnasio / Levantamiento de pesas,En gimnasio,Individual,3,"Moderado: Podía hablar en frases cortas, pero me agitaba un poco y necesitaba respirar.",Noche,"Media: Tuve constancia por algunas semanas, pero con interrupciones frecuentes.",24,13,"Medio: Logro concentrarme por períodos moderados, pero presento algunas distracciones.","Proteína en polvo (Whey, Vegana, Caseína)",4,Alta en proteínas,6,Regular,Alto,Moderado
17/5/2026 2:52:20,Grupo 7,"Díaz Carrión, Gabriel Marcelo",Femenino,20,56,161,Ingeniería Industrial,4,7,6,14.88,Tercio,3,"Deportes aeróbicos (Correr, Nadar, Ciclismo)","En espacios públicos (parques, canchas, piscinas, etc.)",Individual,2,"Moderado: Podía hablar en frases cortas, pero me agitaba un poco y necesitaba respirar.",Mañana,"Media: Tuve constancia por algunas semanas, pero con interrupciones frecuentes.",26,15,Alto: Mantengo la concentración durante la mayor parte del tiempo sin distracciones significativas.,"Bebidas energéticas, Multivitamínicos y Minerales",4,Ninguna en especial,6,Buena,Moderado,Moderado
17/5/2026 3:03:13,Grupo 7,"Díaz Carrión, Gabriel Marcelo",Masculino,21,78,179,Ingeniería Civil,6,6,5,13.1,Tercio medio,5,"Deportes de equipo (Fútbol, Básquet, Vóley, etc.)",En instalaciones de la universidad,Colectiva,2,Alto: Me faltaba el aliento rápido y apenas podía decir unas pocas palabras sin parar a tomar aire.,Noche,"Baja: Fui muy irregular, entrenando solo ocasionalmente.",22,10,"Medio: Logro concentrarme por períodos moderados, pero presento algunas distracciones.",Ninguno,3,Hipercalorica,5,Regular,Alto,Alto
17/5/2026 3:03:26,Grupo 7,"Díaz Carrión, Gabriel Marcelo",Femenino,22,59,165,Administración y Negocios Digitales,7,6,6,16.2,Quinto,2,"Entrenamiento en casa (Calistenia, Yoga, rutinas por video)",En casa,Individual,2,Bajo: Podía mantener una conversación larga o cantar sin ningún esfuerzo,Tarde,Alta: Mantuve mi rutina de manera estricta y constante todo el ciclo.,30,22,Alto: Mantengo la concentración durante la mayor parte del tiempo sin distracciones significativas.,Multivitamínicos y Minerales,4,Vegetariana,6,Regular,Alto,Moderado
17/5/2026 3:22:10,Grupo 7,"Díaz Carrión, Gabriel Marcelo",Masculino,20,82,182,Ingeniería Mecatrónica,5,6,4,12.54,Tercio inferior,6,Gimnasio / Levantamiento de pesas,En gimnasio,Individual,4,Alto: Me faltaba el aliento rápido y apenas podía decir unas pocas palabras sin parar a tomar aire.,Noche,"Media: Tuve constancia por algunas semanas, pero con interrupciones frecuentes.",28,11,Bajo: Me distraigo con facilidad y me cuesta mantener la atención durante el estudio.,Creatina,5,Alta en proteínas,5,Regular,Muy alto,Alto
17/5/2026 3:24:41,Grupo 7,"Díaz Carrión, Gabriel Marcelo",Femenino,19,53,158,Ingeniería Ambiental,3,4,5,15.3,Tercio,4,"Deportes de equipo (Fútbol, Básquet, Vóley, etc.)",En instalaciones de la universidad,Colectiva,3,"Moderado: Podía hablar en frases cortas, pero me agitaba un poco y necesitaba respirar.",Tarde,Alta: Mantuve mi rutina de manera estricta y constante todo el ciclo.,21,14,Alto: Mantengo la concentración durante la mayor parte del tiempo sin distracciones significativas.,Ninguno,4,Ninguna en especial,7,Buena,Moderado,Bajo
17/5/2026 3:39:13,Grupo 7,"Díaz Carrión, Gabriel Marcelo",Masculino,21,75,176,Ingeniería Electrónica,8,7,6,14.02,Tercio medio,3,"Deportes aeróbicos (Correr, Nadar, Ciclismo)","En espacios públicos (parques, canchas, piscinas, etc.)",Individual,2,"Moderado: Podía hablar en frases cortas, pero me agitaba un poco y necesitaba respirar.",Mañana,"Media: Tuve constancia por algunas semanas, pero con interrupciones frecuentes.",25,16,"Medio: Logro concentrarme por períodos moderados, pero presento algunas distracciones.",Bebidas energéticas,3,Baja en grasas,6,Regular,Moderado,Moderado
17/5/2026 3:39:24,Grupo 7,"Díaz Carrión, Gabriel Marcelo",Femenino,21,60,164,Ciencias de la Computación,6,6,6,16.75,Quinto,2,Caminata,"En espacios públicos (parques, canchas, piscinas, etc.)",Individual,3,Bajo: Podía mantener una conversación larga o cantar sin ningún esfuerzo,Tarde,Alta: Mantuve mi rutina de manera estricta y constante todo el ciclo.,27,20,Alto: Mantengo la concentración durante la mayor parte del tiempo sin distracciones significativas.,Omega 3,4,Ninguna en especial,7,Buena,Bajo,Bajo
17/5/2026 3:40:13,Grupo 7,"Díaz Carrión, Gabriel Marcelo",Masculino,22,73,171,Ingeniería Industrial,7,7,5,13.76,Tercio medio,5,"Deportes de equipo (Fútbol, Básquet, Vóley, etc.)","En espacios públicos (parques, canchas, piscinas, etc.)",Colectiva,3,Alto: Me faltaba el aliento rápido y apenas podía decir unas pocas palabras sin parar a tomar aire.,Noche,"Media: Tuve constancia por algunas semanas, pero con interrupciones frecuentes.",24,12,"Medio: Logro concentrarme por períodos moderados, pero presento algunas distracciones.","Bebidas energéticas, Bebidas rehidratantes",4,Baja en carbohidratos,5,Mala,Alto,Alto
17/5/2026 3:53:30,Grupo 7,"Díaz Carrión, Gabriel Marcelo",Femenino,20,57,163,Ciencia de Datos,4,6,6,15.95,Tercio,4,"Deportes aeróbicos (Correr, Nadar, Ciclismo)",Otros,Individual,3,"Moderado: Podía hablar en frases cortas, pero me agitaba un poco y necesitaba respirar.",Mañana,"Media: Tuve constancia por algunas semanas, pero con interrupciones frecuentes.",26,18,Alto: Mantengo la concentración durante la mayor parte del tiempo sin distracciones significativas.,Multivitamínicos y Minerales,5,Ninguna en especial,7,Buena,Moderado,Bajo
17/5/2026 3:55:01,Grupo 7,"Díaz Carrión, Gabriel Marcelo",Femenino,21,55,160,Bioingeniería,8,6,6,17.05,Quinto,5,Gimnasio / Levantamiento de pesas,En gimnasio,Individual,4,"Moderado: Podía hablar en frases cortas, pero me agitaba un poco y necesitaba respirar.",Tarde,Alta: Mantuve mi rutina de manera estricta y constante todo el ciclo.,28,21,Alto: Mantengo la concentración durante la mayor parte del tiempo sin distracciones significativas.,"Proteína en polvo (Whey, Vegana, Caseína), Mass gainers",5,Alta en proteínas,7,Buena,Moderado,Moderado
17/5/2026 3:55:08,Grupo 7,"Díaz Carrión, Gabriel Marcelo",Masculino,22,80,80,Ingeniería Química,5,5,5,12.9,Tercio inferior,1,No realizo actividad fisica,,,,,,,23,9,Bajo: Me distraigo con facilidad y me cuesta mantener la atención durante el estudio.,Ninguno,3,Comida chatarra,5,Mala,Muy alto,Alto
17/5/2026 19:06:27,Grupo 4,"Cueva Loayza, Dayron Saiyuk",Masculino,18,68,173,Ingeniería Civil,3,6,6,16.7,Tercio,4,Gimnasio / Levantamiento de pesas,En gimnasio,Colectiva,3,"Moderado: Podía hablar en frases cortas, pero me agitaba un poco y necesitaba respirar.",Tarde,"Media: Tuve constancia por algunas semanas, pero con interrupciones frecuentes.",4,5,"Medio: Logro concentrarme por períodos moderados, pero presento algunas distracciones.",Bebidas energéticas,3,Alta en proteínas,7.5,Buena,Moderado,Moderado
17/5/2026 19:08:02,Grupo 4,"Cueva Loayza, Dayron Saiyuk",Femenino,18,69,170,Ingeniería Industrial,3,6,6,15,Tercio,0,No realizo actividad fisica,,,,,,,5,3,"Medio: Logro concentrarme por períodos moderados, pero presento algunas distracciones.",Bebidas rehidratantes,3,Ninguna en especial,7,Regular,Moderado,Alto
17/5/2026 19:09:39,Grupo 4,"Cueva Loayza, Dayron Saiyuk",Masculino,18,72,175,Ciencias de la Computación,3,6,5,16.7,Tercio,0,No realizo actividad fisica,,,,,,,5,3,Alto: Mantengo la concentración durante la mayor parte del tiempo sin distracciones significativas.,"Bebidas energéticas, Bebidas rehidratantes",4,Ninguna en especial,8,Buena,Alto,Alto
17/5/2026 19:11:43,Grupo 4,"Cueva Loayza, Dayron Saiyuk",Prefiero no decirlo / Otro,18,75,180,Ingeniería Industrial,3,6,6,13.5,Tercio inferior,0,No realizo actividad fisica,,,,,,,6,4,"Medio: Logro concentrarme por períodos moderados, pero presento algunas distracciones.",Ninguno,4,Ninguna en especial,7,Buena,Alto,Alto
17/5/2026 19:13:01,Grupo 4,"Cueva Loayza, Dayron Saiyuk",Masculino,20,74,175,Administración y Negocios Digitales,4,6,6,15.7,Tercio medio,0,No realizo actividad fisica,,,,,,,6,4,"Medio: Logro concentrarme por períodos moderados, pero presento algunas distracciones.",Bebidas energéticas,3,Ninguna en especial,7,Regular,Moderado,Moderado
17/5/2026 19:14:22,Grupo 4,"Cueva Loayza, Dayron Saiyuk",Femenino,19,68,170,Ingeniería Mecánica,3,6,5,15,Tercio medio,0,No realizo actividad fisica,,,,,,,6,4,Alto: Mantengo la concentración durante la mayor parte del tiempo sin distracciones significativas.,Bebidas energéticas,3,Ninguna en especial,7,Regular,Moderado,Moderado
17/5/2026 19:17:59,Grupo 4,"Cueva Loayza, Dayron Saiyuk",Femenino,19,67,168,Ingeniería Industrial,4,5,5,16,Tercio,0,No realizo actividad fisica,,,,,,,5,4,"Medio: Logro concentrarme por períodos moderados, pero presento algunas distracciones.",Bebidas energéticas,3,Ninguna en especial,7,Regular,Moderado,Moderado
17/5/2026 19:19:28,Grupo 4,"Cueva Loayza, Dayron Saiyuk",Prefiero no decirlo / Otro,18,65,160,Ingeniería Mecatrónica,3,6,6,15.7,Tercio,0,No realizo actividad fisica,,,,,,,5,2,Bajo: Me distraigo con facilidad y me cuesta mantener la atención durante el estudio.,"Bebidas energéticas, Bebidas rehidratantes",3,Baja en carbohidratos,7,Regular,Alto,Alto
17/5/2026 19:20:46,Grupo 4,"Cueva Loayza, Dayron Saiyuk",Masculino,18,70,175,Ingeniería Mecánica,3,6,6,16,Tercio,0,No realizo actividad fisica,,,,,,,5,4,"Medio: Logro concentrarme por períodos moderados, pero presento algunas distracciones.","Bebidas energéticas, Bebidas rehidratantes",3,Vegetariana,8,Buena,Moderado,Alto
17/5/2026 19:21:58,Grupo 4,"Cueva Loayza, Dayron Saiyuk",Masculino,18,72,175,Ingeniería Mecatrónica,3,5,5,16,Tercio,0,No realizo actividad fisica,,,,,,,7,5,Alto: Mantengo la concentración durante la mayor parte del tiempo sin distracciones significativas.,Ninguno,3,Ninguna en especial,7,Regular,Alto,Alto
17/5/2026 19:23:31,Grupo 4,"Cueva Loayza, Dayron Saiyuk",Femenino,19,68,69,Ingeniería Industrial,4,6,6,15.4,Tercio medio,0,No realizo actividad fisica,,,,,,,7,5,"Medio: Logro concentrarme por períodos moderados, pero presento algunas distracciones.",Bebidas energéticas,4,Ninguna en especial,7,Regular,Moderado,Alto
17/5/2026 19:24:44,Grupo 4,"Cueva Loayza, Dayron Saiyuk",Masculino,18,72,175,Ingeniría de la Energía,3,6,6,17,Tercio,0,No realizo actividad fisica,,,,,,,6,5,"Medio: Logro concentrarme por períodos moderados, pero presento algunas distracciones.","Bebidas energéticas, Bebidas rehidratantes",3,Ninguna en especial,7,Regular,Moderado,Moderado
17/5/2026 19:27:15,Grupo 4,"Cueva Loayza, Dayron Saiyuk",Masculino,18,68,170,Ingeniería Electrónica,3,5,5,15.7,Tercio medio,0,No realizo actividad fisica,,,,,,,5,5,"Medio: Logro concentrarme por períodos moderados, pero presento algunas distracciones.",Bebidas rehidratantes,3,Ninguna en especial,7,Buena,Moderado,Moderado
17/5/2026 19:28:51,Grupo 4,"Cueva Loayza, Dayron Saiyuk",Prefiero no decirlo / Otro,19,78,182,Ingeniería Mecánica,3,6,6,16.2,Tercio,0,No realizo actividad fisica,,,,,,,6,5,"Medio: Logro concentrarme por períodos moderados, pero presento algunas distracciones.","Bebidas energéticas, Bebidas rehidratantes",3,Ninguna en especial,5,Mala,Moderado,Moderado
17/5/2026 19:30:07,Grupo 4,"Cueva Loayza, Dayron Saiyuk",Masculino,18,78,185,Ingeniería Mecatrónica,3,5,5,14,Tercio inferior,0,No realizo actividad fisica,,,,,,,6,5,Bajo: Me distraigo con facilidad y me cuesta mantener la atención durante el estudio.,"Bebidas energéticas, Bebidas rehidratantes",4,Ninguna en especial,5,Mala,Alto,Alto
17/5/2026 19:31:52,Grupo 4,"Cueva Loayza, Dayron Saiyuk",Masculino,18,74,176,Ingeniería Electrónica,3,6,6,15.7,Tercio medio,0,No realizo actividad fisica,,,,,,,5,5,Alto: Mantengo la concentración durante la mayor parte del tiempo sin distracciones significativas.,"Bebidas energéticas, Bebidas rehidratantes",4,Ninguna en especial,6,Regular,Alto,Alto
17/5/2026 19:33:07,Grupo 4,"Cueva Loayza, Dayron Saiyuk",Femenino,19,65,168,Ingeniería Civil,4,5,5,16.2,Tercio medio,0,No realizo actividad fisica,,,,,,,6,5,"Medio: Logro concentrarme por períodos moderados, pero presento algunas distracciones.",Bebidas rehidratantes,3,Ninguna en especial,7,Regular,Moderado,Moderado
17/5/2026 19:35:03,Grupo 4,"Cueva Loayza, Dayron Saiyuk",Masculino,18,68,170,Ingeniería Industrial,3,6,6,16,Tercio medio,0,No realizo actividad fisica,,,,,,,5,5,"Medio: Logro concentrarme por períodos moderados, pero presento algunas distracciones.","Bebidas energéticas, Bebidas rehidratantes",4,Ninguna en especial,7,Regular,Alto,Alto
17/5/2026 19:36:34,Grupo 4,"Cueva Loayza, Dayron Saiyuk",Masculino,19,72,175,Ingeniería Industrial,4,5,5,16.2,Tercio medio,0,No realizo actividad fisica,,,,,,,6,5,"Medio: Logro concentrarme por períodos moderados, pero presento algunas distracciones.",Bebidas rehidratantes,3,Baja en carbohidratos,7,Regular,Alto,Alto
17/5/2026 19:38:03,Grupo 4,"Cueva Loayza, Dayron Saiyuk",Masculino,19,69,172,Ingeniería Mecánica,4,5,5,16.4,Tercio medio,0,No realizo actividad fisica,,,,,,,6,5,"Medio: Logro concentrarme por períodos moderados, pero presento algunas distracciones.",Bebidas rehidratantes,3,Ninguna en especial,8,Buena,Alto,Alto
17/5/2026 19:39:21,Grupo 4,"Cueva Loayza, Dayron Saiyuk",Masculino,19,74,176,Ingeniería Mecánica,4,6,5,16.3,Tercio medio,0,No realizo actividad fisica,,,,,,,5,3,"Medio: Logro concentrarme por períodos moderados, pero presento algunas distracciones.",Ninguno,4,Ninguna en especial,7,Regular,Alto,Alto
17/5/2026 20:25:01,Grupo 5,"Reyes Neyra, Mariel Azucena",Masculino,21,84,181,Ingeniería Industrial,6,6,6,17.1,Quinto,5,"Deportes de equipo (Fútbol, Básquet, Vóley, etc.)","En espacios públicos (parques, canchas, piscinas, etc.)",Colectiva,4,"Moderado: Podía hablar en frases cortas, pero me agitaba un poco y necesitaba respirar.",Noche,Alta: Mantuve mi rutina de manera estricta y constante todo el ciclo.,16,18,Alto: Mantengo la concentración durante la mayor parte del tiempo sin distracciones significativas.,Bebidas rehidratantes,4,Alta en proteínas,8,Buena,Bajo,Moderado
17/5/2026 20:29:32,Grupo 5,"Reyes Neyra, Mariel Azucena",Masculino,20,79,173,Ingeniería Civil,3,5,5,12.8,Tercio inferior,0,No realizo actividad fisica,,,,,,,30,4,Bajo: Me distraigo con facilidad y me cuesta mantener la atención durante el estudio.,Bebidas energéticas,3,Ninguna en especial,6,Mala,Alto,Alto
17/5/2026 20:33:53,Grupo 5,"Portal Ruiz, Axel Roberth",Femenino,20,55,165,Ciencia de Datos,4,6,6,17,Quinto,0,No realizo actividad fisica,,,,,,,24,8,"Medio: Logro concentrarme por períodos moderados, pero presento algunas distracciones.",Ninguno,5,Ninguna en especial,7,Buena,Moderado,Moderado
17/5/2026 20:36:25,Grupo 5,"Portal Ruiz, Axel Roberth",Masculino,19,65,168,Ciencia de Datos,6,5,5,17.5,Quinto,3,"Entrenamiento en casa (Calistenia, Yoga, rutinas por video)",En casa,Individual,3,Bajo: Podía mantener una conversación larga o cantar sin ningún esfuerzo,Tarde,"Media: Tuve constancia por algunas semanas, pero con interrupciones frecuentes.",20,6,"Medio: Logro concentrarme por períodos moderados, pero presento algunas distracciones.",Ninguno,4,Ninguna en especial,8,Buena,Bajo,Moderado
17/5/2026 20:38:38,Grupo 5,"Reyes Neyra, Mariel Azucena",Femenino,18,61,158,Ciencias de la Computación,3,6,6,15.1,Tercio medio,0,No realizo actividad fisica,,,,,,,35,6,"Medio: Logro concentrarme por períodos moderados, pero presento algunas distracciones.",Ninguno,4,Vegetariana,7,Regular,Moderado,Alto
17/5/2026 20:41:22,Grupo 5,"Cabanillas Ventocilla, Abigail Jaslin",Femenino,17,41,151,Ciencia de Datos,5,4,4,17.1,Quinto,0,No realizo actividad fisica,,,,,,,17,12,Alto: Mantengo la concentración durante la mayor parte del tiempo sin distracciones significativas.,Ninguno,3,Ninguna en especial,7,Regular,Moderado,Moderado
17/5/2026 20:43:40,Grupo 5,"Portal Ruiz, Axel Roberth",Femenino,18,75,180,Ciencias de la Computación,4,6,6,15,Tercio,1,"Entrenamiento en casa (Calistenia, Yoga, rutinas por video)",En casa,Individual,1,Bajo: Podía mantener una conversación larga o cantar sin ningún esfuerzo,Noche,"Media: Tuve constancia por algunas semanas, pero con interrupciones frecuentes.",27,10,"Medio: Logro concentrarme por períodos moderados, pero presento algunas distracciones.",Ninguno,4,Ninguna en especial,7,Regular,Moderado,Moderado
17/5/2026 20:45:28,Grupo 5,"Cabanillas Ventocilla, Abigail Jaslin",Masculino,19,50,160,Ingeniería Ambiental,7,4,4,16.9,Quinto,0,No realizo actividad fisica,,,,,,,15,7,"Medio: Logro concentrarme por períodos moderados, pero presento algunas distracciones.",Ninguno,3,Ninguna en especial,8,Muy buena,Bajo,Bajo
17/5/2026 20:46:34,Grupo 5,"Reyes Neyra, Mariel Azucena",Femenino,19,53,157,Bioingeniería,2,5,5,14.2,Tercio,4,"Entrenamiento en casa (Calistenia, Yoga, rutinas por video)",En casa,Individual,2,Bajo: Podía mantener una conversación larga o cantar sin ningún esfuerzo,Noche,"Media: Tuve constancia por algunas semanas, pero con interrupciones frecuentes.",35,6,"Medio: Logro concentrarme por períodos moderados, pero presento algunas distracciones.",Ninguno,4,Ninguna en especial,6,Regular,Alto,Moderado
17/5/2026 20:48:03,Grupo 5,"Cabanillas Ventocilla, Abigail Jaslin",Prefiero no decirlo / Otro,19,67,165,Sistemas de la Información,10,3,3,17,Quinto,0,No realizo actividad fisica,,,,,,,12,8,"Medio: Logro concentrarme por períodos moderados, pero presento algunas distracciones.",Ninguno,3,Ninguna en especial,7,Buena,Bajo,Bajo
17/5/2026 20:51:13,Grupo 5,"Cabanillas Ventocilla, Abigail Jaslin",Femenino,17,41,151,Ciencia de Datos,3,6,6,17.1,Quinto,2,Baile,En instalaciones de la universidad,Colectiva,1,Alto: Me faltaba el aliento rápido y apenas podía decir unas pocas palabras sin parar a tomar aire.,Tarde,Alta: Mantuve mi rutina de manera estricta y constante todo el ciclo.,22,15,Alto: Mantengo la concentración durante la mayor parte del tiempo sin distracciones significativas.,Ninguno,3,Ninguna en especial,6,Buena,Bajo,Bajo
17/5/2026 20:53:17,Grupo 4,"Solis Cordova, Pedro Nicolas",Masculino,18,73,182,Ingeniería Ambiental,9,2,2,13,Quinto,13,"Deportes de equipo (Fútbol, Básquet, Vóley, etc.)",En gimnasio,Colectiva,3,Bajo: Podía mantener una conversación larga o cantar sin ningún esfuerzo,Tarde,Alta: Mantuve mi rutina de manera estricta y constante todo el ciclo.,23,12,Alto: Mantengo la concentración durante la mayor parte del tiempo sin distracciones significativas.,Mass gainers,2,Baja en carbohidratos,7,Regular,Muy bajo,Alto
17/5/2026 21:17:58,Grupo 4,"Obregon Carhuavilca, Alondra Solange",Masculino,19,50,151,Ingeniería Industrial,4,6,6,17.84,Tercio,4,Gimnasio / Levantamiento de pesas,En gimnasio,Individual,2,"Moderado: Podía hablar en frases cortas, pero me agitaba un poco y necesitaba respirar.",Mañana,"Media: Tuve constancia por algunas semanas, pero con interrupciones frecuentes.",40,16,"Medio: Logro concentrarme por períodos moderados, pero presento algunas distracciones.","Proteína en polvo (Whey, Vegana, Caseína)",4,Baja en carbohidratos,6,Regular,Moderado,Moderado
17/5/2026 21:18:07,Grupo 4,"Obregon Carhuavilca, Alondra Solange",Femenino,17,50,149,Ingeniería Civil,2,6,5,15.62,Tercio,0,No realizo actividad fisica,,,,,,,36,15,"Medio: Logro concentrarme por períodos moderados, pero presento algunas distracciones.",Ninguno,4,Ninguna en especial,8,Muy mala,Moderado,Muy alto
17/5/2026 21:23:48,Grupo 4,"Obregon Carhuavilca, Alondra Solange",Masculino,21,71,180,Ciencias de la Computación,7,4,4,16.52,Tercio,5,"Deportes de equipo (Fútbol, Básquet, Vóley, etc.)","En espacios públicos (parques, canchas, piscinas, etc.)",Colectiva,3,"Moderado: Podía hablar en frases cortas, pero me agitaba un poco y necesitaba respirar.",Tarde,Alta: Mantuve mi rutina de manera estricta y constante todo el ciclo.,30,18,Alto: Mantengo la concentración durante la mayor parte del tiempo sin distracciones significativas.,Bebidas rehidratantes,5,Alta en proteínas,7.5,Buena,Moderado,Bajo
17/5/2026 21:30:31,Grupo 4,"Solis Cordova, Pedro Nicolas",Masculino,18,65,170,Sistemas de la Información,3,6,6,17.38,Quinto,2,"Deportes de equipo (Fútbol, Básquet, Vóley, etc.)",En instalaciones de la universidad,Colectiva,1,Bajo: Podía mantener una conversación larga o cantar sin ningún esfuerzo,Tarde,"Baja: Fui muy irregular, entrenando solo ocasionalmente.",40,10,"Medio: Logro concentrarme por períodos moderados, pero presento algunas distracciones.",Ninguno,3,Ninguna en especial,6.5,Regular,Moderado,Moderado
17/5/2026 21:33:12,Grupo 4,"Timana Carmona, Jose Manuel",Masculino,19,70,175,Ingeniería Ambiental,5,5,4,13.78,Tercio inferior,0,No realizo actividad fisica,,,,,,,36,10,"Medio: Logro concentrarme por períodos moderados, pero presento algunas distracciones.",Ninguno,2,Ninguna en especial,8,Mala,Bajo,Moderado
17/5/2026 21:40:53,Grupo 4,"Cueva Loayza, Dayron Saiyuk",Masculino,18,76,180,Administración y Negocios Digitales,3,6,6,16.72,Tercio,4,Gimnasio / Levantamiento de pesas,En casa,Individual,2,Bajo: Podía mantener una conversación larga o cantar sin ningún esfuerzo,Noche,"Media: Tuve constancia por algunas semanas, pero con interrupciones frecuentes.",40,20,Alto: Mantengo la concentración durante la mayor parte del tiempo sin distracciones significativas.,Ninguno,5,Ninguna en especial,5,Mala,Alto,Moderado
17/5/2026 21:43:56,Grupo 4,"Obregon Carhuavilca, Alondra Solange",Femenino,21,80,175,Ciencia de Datos,7,4,4,17.34,Décimo,0,No realizo actividad fisica,,,,,,,24,16,"Medio: Logro concentrarme por períodos moderados, pero presento algunas distracciones.",Bebidas energéticas,4,Baja en carbohidratos,7,Regular,Bajo,Moderado
17/5/2026 21:54:23,Grupo 4,"Obregon Carhuavilca, Alondra Solange",Prefiero no decirlo / Otro,22,80,179,Ingeniería Civil,9,5,5,18.92,Décimo,8,Gimnasio / Levantamiento de pesas,En gimnasio,Individual,4,"Moderado: Podía hablar en frases cortas, pero me agitaba un poco y necesitaba respirar.",Noche,Alta: Mantuve mi rutina de manera estricta y constante todo el ciclo.,30,24,"Medio: Logro concentrarme por períodos moderados, pero presento algunas distracciones.","Bebidas energéticas, Polvos Pre-Entreno, Proteína en polvo (Whey, Vegana, Caseína), Creatina",4,Alta en proteínas,7,Regular,Moderado,Bajo
17/5/2026 22:03:30,Grupo 4,"Obregon Carhuavilca, Alondra Solange",Masculino,19,65,173.5,Bioingeniería,4,6,6,17.64,Quinto,0,No realizo actividad fisica,,,,,,,40,18,"Medio: Logro concentrarme por períodos moderados, pero presento algunas distracciones.",Multivitamínicos y Minerales,3,Ninguna en especial,6,Regular,Moderado,Moderado
17/5/2026 22:11:24,Grupo 4,"Gamboa Sánchez, Guillermo Valentino",Masculino,18,53,160,Ingeniería Industrial,5,5,5,15.78,Tercio,0,No realizo actividad fisica,,,,,,,36,14,"Medio: Logro concentrarme por períodos moderados, pero presento algunas distracciones.",Ninguno,3,Hipocalorica,6.5,Regular,Bajo,Alto
17/5/2026 22:36:01,Grupo 4,"Obregon Carhuavilca, Alondra Solange",Femenino,18,55,160,Ingeniería Mecánica,3,6,6,13.47,Tercio inferior,1,Caminata,"En espacios públicos (parques, canchas, piscinas, etc.)",Individual,1,Bajo: Podía mantener una conversación larga o cantar sin ningún esfuerzo,Mañana,"Baja: Fui muy irregular, entrenando solo ocasionalmente.",40,18,Alto: Mantengo la concentración durante la mayor parte del tiempo sin distracciones significativas.,Ninguno,4,Vegetariana,6,Mala,Alto,Moderado
17/5/2026 22:44:22,Grupo 4,"Obregon Carhuavilca, Alondra Solange",Masculino,21,85,180,Ingeniería Civil,10,4,4,16.78,Quinto,10,Gimnasio / Levantamiento de pesas,En gimnasio,Individual,5,"Moderado: Podía hablar en frases cortas, pero me agitaba un poco y necesitaba respirar.",Mañana,Alta: Mantuve mi rutina de manera estricta y constante todo el ciclo.,20,14,Alto: Mantengo la concentración durante la mayor parte del tiempo sin distracciones significativas.,"Bebidas energéticas, Bebidas rehidratantes, Polvos Pre-Entreno, Proteína en polvo (Whey, Vegana, Caseína), Creatina",5,Alta en proteínas,7.5,Buena,Moderado,Moderado
17/5/2026 22:44:44,Grupo 5,"Reyes Neyra, Mariel Azucena",Masculino,20,88,176,Ingeniería Mecatrónica,5,5,5,13,Tercio inferior,0,No realizo actividad fisica,,,,,,,33,4,Bajo: Me distraigo con facilidad y me cuesta mantener la atención durante el estudio.,Ninguno,3,Ninguna en especial,6,Mala,Alto,Alto
17/5/2026 22:51:14,Grupo 4,"Obregon Carhuavilca, Alondra Solange",Femenino,22,67,165,Ciencias de la Computación,5,5,5,15.42,Tercio,0,No realizo actividad fisica,,,,,,,40,18,"Medio: Logro concentrarme por períodos moderados, pero presento algunas distracciones.",Ninguno,3,Ninguna en especial,7,Regular,Moderado,Moderado
18/5/2026 8:47:22,Grupo 7,"Burgos Ochoa, Jeseph Imanol",Femenino,20,57,160,Ingeniería Industrial,4,6,6,16.3,Tercio,4,"Entrenamiento en casa (Calistenia, Yoga, rutinas por video)",En gimnasio,Individual,2,Bajo: Podía mantener una conversación larga o cantar sin ningún esfuerzo,Tarde,"Media: Tuve constancia por algunas semanas, pero con interrupciones frecuentes.",20,25,"Medio: Logro concentrarme por períodos moderados, pero presento algunas distracciones.","Bebidas energéticas, Bebidas rehidratantes",3,Vegetariana,5,Regular,Alto,Alto
18/5/2026 8:50:18,Grupo 7,"Burgos Ochoa, Jeseph Imanol",Masculino,18,64,180,Ciencia de Datos,3,7,7,17.56789,Tercio inferior,7,Gimnasio / Levantamiento de pesas,En gimnasio,Individual,10,"Moderado: Podía hablar en frases cortas, pero me agitaba un poco y necesitaba respirar.",Noche,Alta: Mantuve mi rutina de manera estricta y constante todo el ciclo.,34,10,Bajo: Me distraigo con facilidad y me cuesta mantener la atención durante el estudio.,"Bebidas energéticas, Bebidas rehidratantes, Polvos Pre-Entreno, Creatina, full suplementos",5,Alta en proteínas,5,Buena,Moderado,Moderado
18/5/2026 8:54:16,Grupo 7,"Burgos Ochoa, Jeseph Imanol",Masculino,18,70,1.67,Sistemas de la Información,Más de 10,6,5,15.456,Décimo,74,"Deportes de equipo (Fútbol, Básquet, Vóley, etc.)","En espacios públicos (parques, canchas, piscinas, etc.)",Colectiva,4,Alto: Me faltaba el aliento rápido y apenas podía decir unas pocas palabras sin parar a tomar aire.,Tarde,Alta: Mantuve mi rutina de manera estricta y constante todo el ciclo.,27,27,"Medio: Logro concentrarme por períodos moderados, pero presento algunas distracciones.","Bebidas energéticas, Multivitamínicos y Minerales",6,Baja en carbohidratos,4,Regular,Alto,Moderado
18/5/2026 8:57:33,Grupo 7,"Burgos Ochoa, Jeseph Imanol",Femenino,22,56,1.59,Ingeniería Industrial,5,4,4,15.89,Quinto,2,"Deportes aeróbicos (Correr, Nadar, Ciclismo)",Otros,Individual,1,Bajo: Podía mantener una conversación larga o cantar sin ningún esfuerzo,Noche,"Baja: Fui muy irregular, entrenando solo ocasionalmente.",19,10,"Medio: Logro concentrarme por períodos moderados, pero presento algunas distracciones.","Mass gainers, ",2,Vegana,6,Muy buena,Bajo,Bajo
18/5/2026 9:00:44,Grupo 7,"Burgos Ochoa, Jeseph Imanol",Prefiero no decirlo / Otro,787,66,161,Ingeniería Electrónica,3,7,6,14.31,Décimo,6,"Deportes aeróbicos (Correr, Nadar, Ciclismo)",En gimnasio,Individual,4,"Moderado: Podía hablar en frases cortas, pero me agitaba un poco y necesitaba respirar.",Noche,"Media: Tuve constancia por algunas semanas, pero con interrupciones frecuentes.",13,13,Bajo: Me distraigo con facilidad y me cuesta mantener la atención durante el estudio.,"Polvos Pre-Entreno, Creatina",3,Alta en proteínas,7,Buena,Moderado,Moderado
18/5/2026 9:03:56,Grupo 7,"Burgos Ochoa, Jeseph Imanol",Masculino,18,64,180,Ciencias de la Computación,4,6,6,17,Décimo,2,"Deportes de equipo (Fútbol, Básquet, Vóley, etc.)","En espacios públicos (parques, canchas, piscinas, etc.)",Colectiva,1,Alto: Me faltaba el aliento rápido y apenas podía decir unas pocas palabras sin parar a tomar aire.,Noche,"Baja: Fui muy irregular, entrenando solo ocasionalmente.",35,40,Alto: Mantengo la concentración durante la mayor parte del tiempo sin distracciones significativas.,"Bebidas energéticas, Bebidas rehidratantes",3,Alta en proteínas,5,Regular,Alto,Muy alto
18/5/2026 9:07:01,Grupo 7,"Burgos Ochoa, Jeseph Imanol",Masculino,28,74,200,Ingeniería Electrónica,7,5,5,18,Quinto,10,Gimnasio / Levantamiento de pesas,En gimnasio,Individual,4,"Moderado: Podía hablar en frases cortas, pero me agitaba un poco y necesitaba respirar.",Noche,"Media: Tuve constancia por algunas semanas, pero con interrupciones frecuentes.",22,27.2,"Medio: Logro concentrarme por períodos moderados, pero presento algunas distracciones.","Bebidas energéticas, Creatina",4,Baja en carbohidratos,5,Buena,Bajo,Moderado
18/5/2026 9:10:16,Grupo 7,"Burgos Ochoa, Jeseph Imanol",Femenino,18,55,158,Administración y Negocios Digitales,6,6,5,16.44,Quinto,4,"Deportes aeróbicos (Correr, Nadar, Ciclismo)",En casa,Individual,2,"Moderado: Podía hablar en frases cortas, pero me agitaba un poco y necesitaba respirar.",Noche,"Baja: Fui muy irregular, entrenando solo ocasionalmente.",24,33.3,Alto: Mantengo la concentración durante la mayor parte del tiempo sin distracciones significativas.,Multivitamínicos y Minerales,3,Vegana,6,Muy buena,Moderado,Moderado
18/5/2026 9:12:57,Grupo 7,"Burgos Ochoa, Jeseph Imanol",Masculino,28,67,190,Ciencia de Datos,7,5,5,16.57,Décimo,6,Gimnasio / Levantamiento de pesas,En casa,Individual,4,"Moderado: Podía hablar en frases cortas, pero me agitaba un poco y necesitaba respirar.",Noche,"Media: Tuve constancia por algunas semanas, pero con interrupciones frecuentes.",30,30,"Medio: Logro concentrarme por períodos moderados, pero presento algunas distracciones.","Bebidas energéticas, Creatina, cafecito",5,Alta en proteínas,4,Regular,Moderado,Alto
18/5/2026 9:17:46,Grupo 7,"Burgos Ochoa, Jeseph Imanol",Prefiero no decirlo / Otro,19,78,170,Ingeniería Mecánica,6,4,5,13.43,Tercio inferior,4,Gimnasio / Levantamiento de pesas,En gimnasio,Individual,2,Bajo: Podía mantener una conversación larga o cantar sin ningún esfuerzo,Noche,"Baja: Fui muy irregular, entrenando solo ocasionalmente.",29,18,Bajo: Me distraigo con facilidad y me cuesta mantener la atención durante el estudio.,Bebidas energéticas,4,Baja en carbohidratos,5,Regular,Moderado,Alto
18/5/2026 9:21:08,Grupo 7,"Burgos Ochoa, Jeseph Imanol",Masculino,31,67,170,Ingeniería Mecatrónica,Más de 10,4,4,17.21,Quinto,4,Gimnasio / Levantamiento de pesas,En gimnasio,Individual,2,"Moderado: Podía hablar en frases cortas, pero me agitaba un poco y necesitaba respirar.",Noche,"Media: Tuve constancia por algunas semanas, pero con interrupciones frecuentes.",27,12,"Medio: Logro concentrarme por períodos moderados, pero presento algunas distracciones.","Bebidas rehidratantes, Multivitamínicos y Minerales, Polvos Pre-Entreno, Creatina",5,Baja en carbohidratos,8,Buena,Bajo,Moderado
18/5/2026 9:25:29,Grupo 7,"Burgos Ochoa, Jeseph Imanol",Prefiero no decirlo / Otro,20,69.2,169,Bioingeniería,5,6,6,16.8,Quinto,6,"Deportes de equipo (Fútbol, Básquet, Vóley, etc.)","En espacios públicos (parques, canchas, piscinas, etc.)",Colectiva,4,Alto: Me faltaba el aliento rápido y apenas podía decir unas pocas palabras sin parar a tomar aire.,Tarde,Alta: Mantuve mi rutina de manera estricta y constante todo el ciclo.,29,22,"Medio: Logro concentrarme por períodos moderados, pero presento algunas distracciones.",solo gatorade,3,Alta en proteínas,5,Muy buena,Alto,Alto
18/5/2026 9:29:13,Grupo 7,"Burgos Ochoa, Jeseph Imanol",Masculino,26,65.78,185,Ingeniría de la Energía,7,5,5,16.55,Tercio,4,Gimnasio / Levantamiento de pesas,En gimnasio,Individual,4,Bajo: Podía mantener una conversación larga o cantar sin ningún esfuerzo,Noche,"Media: Tuve constancia por algunas semanas, pero con interrupciones frecuentes.",21,23,"Medio: Logro concentrarme por períodos moderados, pero presento algunas distracciones.","Bebidas energéticas, Bebidas rehidratantes, Multivitamínicos y Minerales, Polvos Pre-Entreno",3,Alta en proteínas,4,Regular,Moderado,Alto
18/5/2026 9:32:39,Grupo 7,"Burgos Ochoa, Jeseph Imanol",Femenino,19,61.15,161,Ingeniería Ambiental,6,5,5,18.21,Décimo,3,"Entrenamiento en casa (Calistenia, Yoga, rutinas por video)",En casa,Individual,3,Bajo: Podía mantener una conversación larga o cantar sin ningún esfuerzo,Mañana,"Baja: Fui muy irregular, entrenando solo ocasionalmente.",24,32,"Medio: Logro concentrarme por períodos moderados, pero presento algunas distracciones.","Multivitamínicos y Minerales, Proteína en polvo (Whey, Vegana, Caseína)",3,Vegana,5,Regular,Muy alto,Muy alto
18/5/2026 9:38:33,Grupo 7,"Burgos Ochoa, Jeseph Imanol",Prefiero no decirlo / Otro,18,51,169,Ingeniería Industrial,5,4,4,16.45,Tercio,10,"Entrenamiento en casa (Calistenia, Yoga, rutinas por video)",En gimnasio,Colectiva,4,Alto: Me faltaba el aliento rápido y apenas podía decir unas pocas palabras sin parar a tomar aire.,Noche,"Media: Tuve constancia por algunas semanas, pero con interrupciones frecuentes.",31,22,"Medio: Logro concentrarme por períodos moderados, pero presento algunas distracciones.","Proteína en polvo (Whey, Vegana, Caseína)",3,Vegetariana,4,Mala,Alto,Alto
18/5/2026 9:43:03,Grupo 7,"Burgos Ochoa, Jeseph Imanol",Masculino,20,72,192,Ciencia de Datos,5,6,4,15.2,Tercio inferior,4,baile,En gimnasio,Colectiva,3,"Moderado: Podía hablar en frases cortas, pero me agitaba un poco y necesitaba respirar.",Tarde,"Baja: Fui muy irregular, entrenando solo ocasionalmente.",27,15.5,"Medio: Logro concentrarme por períodos moderados, pero presento algunas distracciones.",Ninguno,3,Vegana,5,Regular,Alto,Alto
18/5/2026 9:47:15,Grupo 7,"Burgos Ochoa, Jeseph Imanol",Masculino,18,69.5,1.89,Ingeniería Industrial,6,7,5,15.612,Tercio,5,Gimnasio / Levantamiento de pesas,En gimnasio,Individual,4,"Moderado: Podía hablar en frases cortas, pero me agitaba un poco y necesitaba respirar.",Tarde,"Media: Tuve constancia por algunas semanas, pero con interrupciones frecuentes.",37,26,"Medio: Logro concentrarme por períodos moderados, pero presento algunas distracciones.","Bebidas energéticas, Creatina, ABE",4,Alta en proteínas,5,Buena,Moderado,Alto
18/5/2026 9:49:36,Grupo 7,"Burgos Ochoa, Jeseph Imanol",Masculino,24,69.67,194,Ingeniería Mecatrónica,5,4,4,17.42,Quinto,6,"Deportes de equipo (Fútbol, Básquet, Vóley, etc.)","En espacios públicos (parques, canchas, piscinas, etc.)",Colectiva,4,Alto: Me faltaba el aliento rápido y apenas podía decir unas pocas palabras sin parar a tomar aire.,Tarde,"Media: Tuve constancia por algunas semanas, pero con interrupciones frecuentes.",34,20,"Medio: Logro concentrarme por períodos moderados, pero presento algunas distracciones.",Bebidas rehidratantes,4,Alta en proteínas,4,Regular,Moderado,Alto
18/5/2026 9:52:31,Grupo 7,"Burgos Ochoa, Jeseph Imanol",Masculino,24,77,184,Ingeniería Mecánica,8,3,3,16.2,Quinto,8,Gimnasio / Levantamiento de pesas,En gimnasio,Individual,5,"Moderado: Podía hablar en frases cortas, pero me agitaba un poco y necesitaba respirar.",Mañana,"Media: Tuve constancia por algunas semanas, pero con interrupciones frecuentes.",19,18,"Medio: Logro concentrarme por períodos moderados, pero presento algunas distracciones.","Polvos Pre-Entreno, Proteína en polvo (Whey, Vegana, Caseína), Creatina",4,Alta en proteínas,6,Buena,Moderado,Bajo
18/5/2026 9:55:24,Grupo 7,"Burgos Ochoa, Jeseph Imanol",Femenino,18,58.21,169,Ingeniería Química,6,5,5,17.56,Décimo,2,"Entrenamiento en casa (Calistenia, Yoga, rutinas por video)",En gimnasio,Colectiva,1,"Moderado: Podía hablar en frases cortas, pero me agitaba un poco y necesitaba respirar.",Mañana,"Baja: Fui muy irregular, entrenando solo ocasionalmente.",22,19,"Medio: Logro concentrarme por períodos moderados, pero presento algunas distracciones.",Multivitamínicos y Minerales,2,Vegetariana,5,Mala,Moderado,Moderado
18/5/2026 11:43:39,Grupo 7,"Burgos Ochoa, Jeseph Imanol",Masculino,22,59,173,Ingeniría de la Energía,6,4,4,18.4,Décimo,6,"Deportes de equipo (Fútbol, Básquet, Vóley, etc.)",En instalaciones de la universidad,Colectiva,3,Alto: Me faltaba el aliento rápido y apenas podía decir unas pocas palabras sin parar a tomar aire.,Tarde,"Media: Tuve constancia por algunas semanas, pero con interrupciones frecuentes.",29,27,"Medio: Logro concentrarme por períodos moderados, pero presento algunas distracciones.",Bebidas energéticas,3,Alta en proteínas,5,Regular,Alto,Alto
18/5/2026 11:58:06,Grupo 7,"Morales Portella, Santiago Cesar",Masculino,21,84,170,Ingeniería Mecánica,4,6,3,14,Quinto,4,"Deportes aeróbicos (Correr, Nadar, Ciclismo)","En espacios públicos (parques, canchas, piscinas, etc.)",Individual,3,Bajo: Podía mantener una conversación larga o cantar sin ningún esfuerzo,Mañana,"Baja: Fui muy irregular, entrenando solo ocasionalmente.",12,2,Bajo: Me distraigo con facilidad y me cuesta mantener la atención durante el estudio.,Ninguno,4,Ninguna en especial,5,Mala,Bajo,Moderado
18/5/2026 12:03:42,Grupo 7,"Morales Portella, Santiago Cesar",Masculino,19,49,1.62,Ingeniería Civil,2,7,7,14.7,Tercio medio,1,"Deportes de equipo (Fútbol, Básquet, Vóley, etc.)","En espacios públicos (parques, canchas, piscinas, etc.)",Colectiva,1,"Moderado: Podía hablar en frases cortas, pero me agitaba un poco y necesitaba respirar.",Noche,"Baja: Fui muy irregular, entrenando solo ocasionalmente.",22,5,Bajo: Me distraigo con facilidad y me cuesta mantener la atención durante el estudio.,"Bebidas energéticas, Bebidas rehidratantes",3,Ninguna en especial,5,Muy mala,Alto,Muy alto
18/5/2026 12:39:40,Grupo 3,"Arriarán Panez, Sebastián André",Femenino,20,54,163,Ingeniería Ambiental,2,7,6,15,Décimo,1,No realizo actividad fisica,,,,,,,38,22,Bajo: Me distraigo con facilidad y me cuesta mantener la atención durante el estudio.,Ninguno,4,Ninguna en especial,6,Mala,Alto,Moderado
18/5/2026 12:41:12,Grupo 3,"Arriarán Panez, Sebastián André",Femenino,19,45,1.67,Ingeniería Ambiental,2,0,5,13,Quinto,0,No realizo actividad fisica,,,,,,,30,12,"Medio: Logro concentrarme por períodos moderados, pero presento algunas distracciones.",Bebidas rehidratantes,3,Ninguna en especial,5,Mala,Alto,Alto
18/5/2026 12:44:58,Grupo 4,"Gamboa Sánchez, Guillermo Valentino",Masculino,18,65,189,Ingeniería Electrónica,3,4,4,15,Tercio medio,19,"Entrenamiento en casa (Calistenia, Yoga, rutinas por video)","En espacios públicos (parques, canchas, piscinas, etc.)",Individual,6,"Moderado: Podía hablar en frases cortas, pero me agitaba un poco y necesitaba respirar.",Mañana,"Media: Tuve constancia por algunas semanas, pero con interrupciones frecuentes.",82,12,Bajo: Me distraigo con facilidad y me cuesta mantener la atención durante el estudio.,Bebidas energéticas,3,Vegetariana,13,Mala,Bajo,Alto
18/5/2026 12:48:40,Grupo 3,"Arriarán Panez, Sebastián André",Femenino,22,50,150,Ingeniería Industrial,8,4,4,13,Décimo,2,"Entrenamiento en casa (Calistenia, Yoga, rutinas por video)",En casa,Individual,2,"Moderado: Podía hablar en frases cortas, pero me agitaba un poco y necesitaba respirar.",Tarde,"Baja: Fui muy irregular, entrenando solo ocasionalmente.",16,10,"Medio: Logro concentrarme por períodos moderados, pero presento algunas distracciones.",Ninguno,3,Ninguna en especial,5,Regular,Moderado,Moderado
18/5/2026 12:49:01,Grupo 3,"Arriarán Panez, Sebastián André",Femenino,21,68,1.61,Ingeniería Civil,8,7,7,13.31,Tercio,2,"Deportes de equipo (Fútbol, Básquet, Vóley, etc.)",En casa,Colectiva,3,Bajo: Podía mantener una conversación larga o cantar sin ningún esfuerzo,Noche,"Media: Tuve constancia por algunas semanas, pero con interrupciones frecuentes.",18,7,"Medio: Logro concentrarme por períodos moderados, pero presento algunas distracciones.",Bebidas energéticas,3,Ninguna en especial,6,Regular,Moderado,Moderado
18/5/2026 12:49:28,Grupo 3,"Arriarán Panez, Sebastián André",Femenino,19,60,156,Ingeniería Química,3,6,6,16,Tercio,7,baile,Otros,Colectiva,3,"Moderado: Podía hablar en frases cortas, pero me agitaba un poco y necesitaba respirar.",Noche,"Media: Tuve constancia por algunas semanas, pero con interrupciones frecuentes.",48,10,"Medio: Logro concentrarme por períodos moderados, pero presento algunas distracciones.",Ninguno,3,Ninguna en especial,6,Regular,Muy alto,Alto
18/5/2026 12:49:37,Grupo 4,"Solis Cordova, Pedro Nicolas",Masculino,17,68,178,Ingeniería Electrónica,5,5,5,18.1,Décimo,12,"Entrenamiento en casa (Calistenia, Yoga, rutinas por video)",En casa,Individual,3,Bajo: Podía mantener una conversación larga o cantar sin ningún esfuerzo,Mañana,"Media: Tuve constancia por algunas semanas, pero con interrupciones frecuentes.",20,10,"Medio: Logro concentrarme por períodos moderados, pero presento algunas distracciones.",Ninguno,4,Ninguna en especial,6,Buena,Moderado,Bajo
18/5/2026 12:56:54,Grupo 4,"Solis Cordova, Pedro Nicolas",Masculino,19,81,179,Ciencia de Datos,3,6,5,16.7,Tercio,10,Artes marciales / Deportes de contacto,"En espacios públicos (parques, canchas, piscinas, etc.)",Individual,4,"Moderado: Podía hablar en frases cortas, pero me agitaba un poco y necesitaba respirar.",Mañana,"Media: Tuve constancia por algunas semanas, pero con interrupciones frecuentes.",19,10,Alto: Mantengo la concentración durante la mayor parte del tiempo sin distracciones significativas.,Bebidas energéticas,4,Ninguna en especial,6,Mala,Muy bajo,Alto
18/5/2026 13:11:23,Grupo 7,"Morales Portella, Santiago Cesar",Prefiero no decirlo / Otro,19,80,156,Ciencias de la Computación,2,8,8,20,Quinto,6,"Deportes aeróbicos (Correr, Nadar, Ciclismo)",Otros,Colectiva,3,"Moderado: Podía hablar en frases cortas, pero me agitaba un poco y necesitaba respirar.",Noche,"Media: Tuve constancia por algunas semanas, pero con interrupciones frecuentes.",6,8,"Medio: Logro concentrarme por períodos moderados, pero presento algunas distracciones.",Ninguno,9,Ninguna en especial,0.5,Muy mala,Muy bajo,Muy alto
18/5/2026 13:15:52,Grupo 9,"Heredia Quispe, Gianella Alessandra",Masculino,17,59.9,177,Ingeniería Industrial,2,5,6,13,Tercio,6,Gimnasio / Levantamiento de pesas,En gimnasio,Individual,3,Bajo: Podía mantener una conversación larga o cantar sin ningún esfuerzo,Noche,"Media: Tuve constancia por algunas semanas, pero con interrupciones frecuentes.",25,7,"Medio: Logro concentrarme por períodos moderados, pero presento algunas distracciones.","Bebidas energéticas, Bebidas rehidratantes",5,Alta en proteínas,6,Mala,Muy alto,Muy alto
18/5/2026 13:17:09,Grupo 9,"Heredia Quispe, Gianella Alessandra",Masculino,17,53,170,Ingeniería Industrial,2,6,6,17.2,Tercio,3.5,"Deportes aeróbicos (Correr, Nadar, Ciclismo)","En espacios públicos (parques, canchas, piscinas, etc.)",Individual,5,"Moderado: Podía hablar en frases cortas, pero me agitaba un poco y necesitaba respirar.",Mañana,"Media: Tuve constancia por algunas semanas, pero con interrupciones frecuentes.",25,10,"Medio: Logro concentrarme por períodos moderados, pero presento algunas distracciones.",Ninguno,3,Ninguna en especial,8,Buena,Moderado,Moderado
18/5/2026 13:18:20,Grupo 9,"Heredia Quispe, Gianella Alessandra",Masculino,50,70,1.95,Ingeniería Mecatrónica,2,5,5,20,Tercio inferior,8,"Deportes de equipo (Fútbol, Básquet, Vóley, etc.)",En gimnasio,Colectiva,5,"Moderado: Podía hablar en frases cortas, pero me agitaba un poco y necesitaba respirar.",Tarde,Alta: Mantuve mi rutina de manera estricta y constante todo el ciclo.,15,5,Alto: Mantengo la concentración durante la mayor parte del tiempo sin distracciones significativas.,"Bebidas energéticas, Proteína en polvo (Whey, Vegana, Caseína), Creatina",4,Alta en proteínas,8,Mala,Moderado,Alto
18/5/2026 13:20:50,Grupo 9,"Heredia Quispe, Gianella Alessandra",Masculino,18,90,1.72,Ingeniería Mecatrónica,2,2,4,14.45,Tercio inferior,1,Gimnasio / Levantamiento de pesas,En casa,Individual,5,"Moderado: Podía hablar en frases cortas, pero me agitaba un poco y necesitaba respirar.",Noche,"Media: Tuve constancia por algunas semanas, pero con interrupciones frecuentes.",3,2,"Medio: Logro concentrarme por períodos moderados, pero presento algunas distracciones.",Creatina,4,Ninguna en especial,5,Regular,Alto,Alto
18/5/2026 13:21:31,Grupo 9,"Heredia Quispe, Gianella Alessandra",Masculino,17,70,173,Ciencia de Datos,2,6,6,16,Tercio medio,5,Gimnasio / Levantamiento de pesas,En gimnasio,Individual,3,"Moderado: Podía hablar en frases cortas, pero me agitaba un poco y necesitaba respirar.",Tarde,Alta: Mantuve mi rutina de manera estricta y constante todo el ciclo.,27,6,"Medio: Logro concentrarme por períodos moderados, pero presento algunas distracciones.",Ninguno,4,Baja en carbohidratos,5,Regular,Moderado,Bajo
18/5/2026 13:21:42,Grupo 9,"Iruri Espinoza, Gerard Deker",Masculino,19,60,168,Ciencias de la Computación,5,5,5,13.44,Tercio medio,10,Gimnasio / Levantamiento de pesas,En gimnasio,Individual,5,Bajo: Podía mantener una conversación larga o cantar sin ningún esfuerzo,Noche,"Media: Tuve constancia por algunas semanas, pero con interrupciones frecuentes.",26,2,"Medio: Logro concentrarme por períodos moderados, pero presento algunas distracciones.",Creatina,3,Alta en proteínas,4,Muy mala,Moderado,Muy alto
18/5/2026 13:23:59,Grupo 9,"Iruri Espinoza, Gerard Deker",Masculino,2,73,183,Ciencias de la Computación,5,5,6,15.7,Quinto,10,Gimnasio / Levantamiento de pesas,En gimnasio,Individual,6,"Moderado: Podía hablar en frases cortas, pero me agitaba un poco y necesitaba respirar.",Noche,Alta: Mantuve mi rutina de manera estricta y constante todo el ciclo.,32,15,"Medio: Logro concentrarme por períodos moderados, pero presento algunas distracciones.","Bebidas energéticas, Creatina",4,Alta en proteínas,5,Mala,Muy alto,Muy alto
18/5/2026 13:24:19,Grupo 9,"Iruri Espinoza, Gerard Deker",Masculino,20,99,210,Administración y Negocios Digitales,8,2,2,10.5,Tercio inferior,3,"Deportes aeróbicos (Correr, Nadar, Ciclismo)","En espacios públicos (parques, canchas, piscinas, etc.)",Individual,30,"Moderado: Podía hablar en frases cortas, pero me agitaba un poco y necesitaba respirar.",Tarde,"Media: Tuve constancia por algunas semanas, pero con interrupciones frecuentes.",20,1,"Medio: Logro concentrarme por períodos moderados, pero presento algunas distracciones.","Bebidas energéticas, Bebidas rehidratantes, Multivitamínicos y Minerales, Polvos Pre-Entreno, Proteína en polvo (Whey, Vegana, Caseína), Creatina",3,Ninguna en especial,5,Muy mala,Alto,Muy alto
18/5/2026 13:26:26,Grupo 9,"Iruri Espinoza, Gerard Deker",Masculino,19,68,174,Ciencias de la Computación,5,5,5,15.24,Tercio,2,"Deportes aeróbicos (Correr, Nadar, Ciclismo)","En espacios públicos (parques, canchas, piscinas, etc.)",Individual,2,"Moderado: Podía hablar en frases cortas, pero me agitaba un poco y necesitaba respirar.",Mañana,"Baja: Fui muy irregular, entrenando solo ocasionalmente.",24,20,"Medio: Logro concentrarme por períodos moderados, pero presento algunas distracciones.",Ninguno,4,Ninguna en especial,8,Buena,Alto,Alto
18/5/2026 13:27:27,Grupo 9,"Heredia Quispe, Gianella Alessandra",Femenino,18,55,1.52,Ingeniería Industrial,2,6,6,15,Tercio,100,Gimnasio / Levantamiento de pesas,En gimnasio,Individual,5,Bajo: Podía mantener una conversación larga o cantar sin ningún esfuerzo,Tarde,"Baja: Fui muy irregular, entrenando solo ocasionalmente.",12,6,Bajo: Me distraigo con facilidad y me cuesta mantener la atención durante el estudio.,Ninguno,7,Ninguna en especial,5,Regular,Alto,Alto
18/5/2026 13:28:31,Grupo 9,"Heredia Quispe, Gianella Alessandra",Masculino,17,72,1.74,Ciencias de la Computación,2,6,5,13,Tercio medio,10,Gimnasio / Levantamiento de pesas,En gimnasio,Individual,5,"Moderado: Podía hablar en frases cortas, pero me agitaba un poco y necesitaba respirar.",Mañana,"Media: Tuve constancia por algunas semanas, pero con interrupciones frecuentes.",6,8,Alto: Mantengo la concentración durante la mayor parte del tiempo sin distracciones significativas.,"Bebidas energéticas, Proteína en polvo (Whey, Vegana, Caseína), Mass gainers",4,Ninguna en especial,7,Regular,Moderado,Alto
18/5/2026 13:28:48,Grupo 9,"Lam Nishiyama, Gustavo Antonio Leng",Masculino,18,84,172,Ciencias de la Computación,5,5,5,17.72,Décimo,4,"Entrenamiento en casa (Calistenia, Yoga, rutinas por video)",En casa,Individual,4,Bajo: Podía mantener una conversación larga o cantar sin ningún esfuerzo,Mañana,"Media: Tuve constancia por algunas semanas, pero con interrupciones frecuentes.",26,4,"Medio: Logro concentrarme por períodos moderados, pero presento algunas distracciones.",Ninguno,5,Ninguna en especial,7,Buena,Muy bajo,Moderado
18/5/2026 13:30:18,Grupo 9,"Heredia Quispe, Gianella Alessandra",Femenino,20,49,1.52,Ingeniería Industrial,2,6,6,13,Quinto,0,No realizo actividad fisica,,,,,,,20,8,"Medio: Logro concentrarme por períodos moderados, pero presento algunas distracciones.",Mass gainers,4,Ninguna en especial,8,Mala,Muy alto,Muy alto
18/5/2026 13:34:59,Grupo 9,"Heredia Quispe, Gianella Alessandra",Masculino,23,75,170,Ingeniería Mecatrónica,7,4,3,13,Tercio medio,4,Gimnasio / Levantamiento de pesas,En casa,Colectiva,3,"Moderado: Podía hablar en frases cortas, pero me agitaba un poco y necesitaba respirar.",Tarde,Alta: Mantuve mi rutina de manera estricta y constante todo el ciclo.,28,2,Bajo: Me distraigo con facilidad y me cuesta mantener la atención durante el estudio.,"Bebidas energéticas, Polvos Pre-Entreno, Creatina",4,Ninguna en especial,7,Buena,Moderado,Alto
18/5/2026 13:38:29,Grupo 9,"Heredia Quispe, Gianella Alessandra",Masculino,16,71,196,Ingeniería Electrónica,2,6,12,15,Quinto,5,"Deportes de equipo (Fútbol, Básquet, Vóley, etc.)",En instalaciones de la universidad,Colectiva,2,"Moderado: Podía hablar en frases cortas, pero me agitaba un poco y necesitaba respirar.",Tarde,"Media: Tuve constancia por algunas semanas, pero con interrupciones frecuentes.",18,10,"Medio: Logro concentrarme por períodos moderados, pero presento algunas distracciones.",Bebidas rehidratantes,5,Ninguna en especial,7,Regular,Moderado,Alto
18/5/2026 13:43:26,Grupo 9,"Heredia Quispe, Gianella Alessandra",Masculino,17,67,170,Ingeniería Industrial,2,6,6,17,Tercio,4,Gimnasio / Levantamiento de pesas,En gimnasio,Individual,2,"Moderado: Podía hablar en frases cortas, pero me agitaba un poco y necesitaba respirar.",Tarde,"Media: Tuve constancia por algunas semanas, pero con interrupciones frecuentes.",25,10,"Medio: Logro concentrarme por períodos moderados, pero presento algunas distracciones.",Gaseosas ,3,Ninguna en especial,5,Mala,Alto,Alto
18/5/2026 13:46:18,Grupo 9,"Heredia Quispe, Gianella Alessandra",Masculino,19,68,153,Ciencias de la Computación,3,6,2,8.79,Tercio inferior,1,No realizo actividad fisica,,,,,,,25,5,Bajo: Me distraigo con facilidad y me cuesta mantener la atención durante el estudio.,Ninguno,3,Ninguna en especial,7.5,Regular,Moderado,Muy alto
18/5/2026 13:50:40,Grupo 9,"Iruri Espinoza, Gerard Deker",Masculino,17,65,1.77,Ingeniería Mecatrónica,2,6,6,15,Tercio,6,"Deportes de equipo (Fútbol, Básquet, Vóley, etc.)","En espacios públicos (parques, canchas, piscinas, etc.)",Colectiva,4,"Moderado: Podía hablar en frases cortas, pero me agitaba un poco y necesitaba respirar.",Noche,"Media: Tuve constancia por algunas semanas, pero con interrupciones frecuentes.",28,10,"Medio: Logro concentrarme por períodos moderados, pero presento algunas distracciones.","Proteína en polvo (Whey, Vegana, Caseína), Creatina",4,Ninguna en especial,4,Mala,Alto,Alto
18/5/2026 13:52:23,Grupo 9,"Heredia Quispe, Gianella Alessandra",Masculino,18,54,1.74,Bioingeniería,2,2,5,13,Tercio medio,6,Gimnasio / Levantamiento de pesas,En gimnasio,Individual,6,"Moderado: Podía hablar en frases cortas, pero me agitaba un poco y necesitaba respirar.",Tarde,"Media: Tuve constancia por algunas semanas, pero con interrupciones frecuentes.",28,7,"Medio: Logro concentrarme por períodos moderados, pero presento algunas distracciones.","Bebidas rehidratantes, Polvos Pre-Entreno, Proteína en polvo (Whey, Vegana, Caseína), Creatina",5,,8,Buena,Alto,Muy alto
18/5/2026 13:53:16,Grupo 9,"Heredia Quispe, Gianella Alessandra",Masculino,23,84,1.83,Ingeniería Mecánica,8,4,4,13.7,Quinto,12,Gimnasio / Levantamiento de pesas,En gimnasio,Individual,6,Alto: Me faltaba el aliento rápido y apenas podía decir unas pocas palabras sin parar a tomar aire.,Mañana,Alta: Mantuve mi rutina de manera estricta y constante todo el ciclo.,20,13,"Medio: Logro concentrarme por períodos moderados, pero presento algunas distracciones.",Ninguno,3,Ninguna en especial,8,Buena,Bajo,Moderado
18/5/2026 13:54:03,Grupo 9,"Iruri Espinoza, Gerard Deker",Masculino,17,76,174,Ingeniería Mecánica,Más de 10,6,6,15,Tercio,5,Gimnasio / Levantamiento de pesas,En gimnasio,Individual,5,"Moderado: Podía hablar en frases cortas, pero me agitaba un poco y necesitaba respirar.",Noche,"Media: Tuve constancia por algunas semanas, pero con interrupciones frecuentes.",12,5,"Medio: Logro concentrarme por períodos moderados, pero presento algunas distracciones.","Proteína en polvo (Whey, Vegana, Caseína)",4,Ninguna en especial,7,Regular,Moderado,Moderado
18/5/2026 13:58:21,Grupo 9,"Heredia Quispe, Gianella Alessandra",Femenino,18,60,170,Ingeniería Mecánica,2,5,8,14,Tercio medio,6,"Deportes aeróbicos (Correr, Nadar, Ciclismo)",En casa,Colectiva,0,Alto: Me faltaba el aliento rápido y apenas podía decir unas pocas palabras sin parar a tomar aire.,Noche,Alta: Mantuve mi rutina de manera estricta y constante todo el ciclo.,20,168,"Medio: Logro concentrarme por períodos moderados, pero presento algunas distracciones.","Bebidas energéticas, Bebidas rehidratantes, Multivitamínicos y Minerales, Polvos Pre-Entreno, Proteína en polvo (Whey, Vegana, Caseína), Mass gainers, Creatina, Esteroides",67,Vegana,12,Muy mala,Muy alto,Muy alto
18/5/2026 13:58:41,Grupo 7,"Morales Portella, Santiago Cesar",Masculino,17,68,173,Ciencias de la Computación,2,6,6,16,Quinto,8,Gimnasio / Levantamiento de pesas,En gimnasio,Individual,5,Bajo: Podía mantener una conversación larga o cantar sin ningún esfuerzo,Tarde,"Media: Tuve constancia por algunas semanas, pero con interrupciones frecuentes.",26,2,"Medio: Logro concentrarme por períodos moderados, pero presento algunas distracciones.",Ninguno,4,Ninguna en especial,7,Regular,Moderado,Moderado
18/5/2026 13:58:54,Grupo 9,"Iruri Espinoza, Gerard Deker",Prefiero no decirlo / Otro,17,60,180,Ingeniería Mecánica,2,6,8,6.7,Tercio,0,No realizo actividad fisica,,,,,,,40,67,Bajo: Me distraigo con facilidad y me cuesta mantener la atención durante el estudio.,"Bebidas energéticas, Bebidas rehidratantes, Multivitamínicos y Minerales, Polvos Pre-Entreno, Proteína en polvo (Whey, Vegana, Caseína), Mass gainers, Creatina",67,Vegana,6,Muy buena,Muy bajo,Muy bajo
18/5/2026 14:00:21,Grupo 9,"Heredia Quispe, Gianella Alessandra",Masculino,17,81,174,Ingeniería Mecánica,2,6,6,14,Tercio,10,Karting y gimnasio ,Otros,Individual,5,"Moderado: Podía hablar en frases cortas, pero me agitaba un poco y necesitaba respirar.",Tarde,"Media: Tuve constancia por algunas semanas, pero con interrupciones frecuentes.",8,40,Alto: Mantengo la concentración durante la mayor parte del tiempo sin distracciones significativas.,"Bebidas energéticas, Proteína en polvo (Whey, Vegana, Caseína)",5,Ninguna en especial,7,Regular,Alto,Moderado
18/5/2026 14:00:32,Grupo 9,"Heredia Quispe, Gianella Alessandra",Prefiero no decirlo / Otro,14,117.4,202,Ingeniería Civil,2,1,0,6.767,Décimo,0,Juego frontines,"En espacios públicos (parques, canchas, piscinas, etc.)",Individual,100000000,Alto: Me faltaba el aliento rápido y apenas podía decir unas pocas palabras sin parar a tomar aire.,Noche,Alta: Mantuve mi rutina de manera estricta y constante todo el ciclo.,168,1,Alto: Mantengo la concentración durante la mayor parte del tiempo sin distracciones significativas.,"Bebidas energéticas, Bebidas rehidratantes, Multivitamínicos y Minerales, Polvos Pre-Entreno, Proteína en polvo (Whey, Vegana, Caseína), Mass gainers, Creatina, Ninguno, Flor de loto",12,Dieta de la papaya,3,Muy mala,Muy alto,Muy alto
18/5/2026 14:06:04,Grupo 9,"Heredia Quispe, Gianella Alessandra",Masculino,21,60,193,Administración y Negocios Digitales,8,7,7,16.7,Quinto,8,"Entrenamiento en casa (Calistenia, Yoga, rutinas por video)",En casa,Individual,7,Bajo: Podía mantener una conversación larga o cantar sin ningún esfuerzo,Noche,"Media: Tuve constancia por algunas semanas, pero con interrupciones frecuentes.",42,20,Alto: Mantengo la concentración durante la mayor parte del tiempo sin distracciones significativas.,Ninguno,5,Ninguna en especial,7,Regular,Moderado,Moderado
18/5/2026 14:08:57,Grupo 9,"Heredia Quispe, Gianella Alessandra",Masculino,18,71,176,Ciencias de la Computación,2,4,4,15,Tercio,0,Caminar ,En casa,Individual,7,Bajo: Podía mantener una conversación larga o cantar sin ningún esfuerzo,Tarde,Alta: Mantuve mi rutina de manera estricta y constante todo el ciclo.,17,3,"Medio: Logro concentrarme por períodos moderados, pero presento algunas distracciones.","Bebidas energéticas, Galletitas oreo",4,Ninguna en especial,2,Regular,Muy bajo,Bajo
18/5/2026 14:09:03,Grupo 9,"Heredia Quispe, Gianella Alessandra",Masculino,18,102,169,Ciencias de la Computación,2,6,6,14,Tercio,1,Caminar,"En espacios públicos (parques, canchas, piscinas, etc.)",Individual,5,Bajo: Podía mantener una conversación larga o cantar sin ningún esfuerzo,Tarde,"Media: Tuve constancia por algunas semanas, pero con interrupciones frecuentes.",28,2,"Medio: Logro concentrarme por períodos moderados, pero presento algunas distracciones.",Ninguno,3,Ninguna en especial,2,Mala,Muy bajo,Moderado
18/5/2026 14:18:58,Grupo 4,"Ruiz Lam, José Enrique Hilario",Masculino,21,65,172,Ingeniería Mecatrónica,3,6,6,17.4,Décimo,8,"Deportes de equipo (Fútbol, Básquet, Vóley, etc.)","En espacios públicos (parques, canchas, piscinas, etc.)",Colectiva,5,"Moderado: Podía hablar en frases cortas, pero me agitaba un poco y necesitaba respirar.",Tarde,"Media: Tuve constancia por algunas semanas, pero con interrupciones frecuentes.",20,20,"Medio: Logro concentrarme por períodos moderados, pero presento algunas distracciones.",Bebidas rehidratantes,4,Ninguna en especial,5,Regular,Moderado,Moderado
18/5/2026 14:25:11,Grupo 9,"Iruri Espinoza, Gerard Deker",Masculino,17,72,176,Ingeniería Mecatrónica,2,5,5,16,Tercio,8,Gimnasio / Levantamiento de pesas,En gimnasio,Individual,4,"Moderado: Podía hablar en frases cortas, pero me agitaba un poco y necesitaba respirar.",Mañana,Alta: Mantuve mi rutina de manera estricta y constante todo el ciclo.,6,6,"Medio: Logro concentrarme por períodos moderados, pero presento algunas distracciones.","Proteína en polvo (Whey, Vegana, Caseína)",2,Ninguna en especial,6,Regular,Moderado,Muy alto
18/5/2026 14:29:22,Grupo 9,"Heredia Quispe, Gianella Alessandra",Masculino,19,77,174,Ingeniería Mecatrónica,7,4,4,17,Quinto,12,"Deportes de equipo (Fútbol, Básquet, Vóley, etc.)",En instalaciones de la universidad,Colectiva,6,Alto: Me faltaba el aliento rápido y apenas podía decir unas pocas palabras sin parar a tomar aire.,Tarde,Alta: Mantuve mi rutina de manera estricta y constante todo el ciclo.,20,18,"Medio: Logro concentrarme por períodos moderados, pero presento algunas distracciones.","Proteína en polvo (Whey, Vegana, Caseína), Creatina",5,Alta en proteínas,7,Regular,Moderado,Moderado
18/5/2026 14:36:25,Grupo 9,"Heredia Quispe, Gianella Alessandra",Masculino,24,96,176,Ingeniería Mecatrónica,7,6,6,13.86,Tercio inferior,3,"Entrenamiento en casa (Calistenia, Yoga, rutinas por video)",En casa,Individual,3,"Moderado: Podía hablar en frases cortas, pero me agitaba un poco y necesitaba respirar.",Noche,"Media: Tuve constancia por algunas semanas, pero con interrupciones frecuentes.",26,4,"Medio: Logro concentrarme por períodos moderados, pero presento algunas distracciones.",Ninguno,4,Ninguna en especial,6,Regular,Bajo,Bajo
18/5/2026 14:37:30,Grupo 9,"Iruri Espinoza, Gerard Deker",Femenino,17,45,1.47,Ingeniería Ambiental,2,6,6,18,Tercio,23,"Entrenamiento en casa (Calistenia, Yoga, rutinas por video)","En espacios públicos (parques, canchas, piscinas, etc.)",Individual,1,"Moderado: Podía hablar en frases cortas, pero me agitaba un poco y necesitaba respirar.",Noche,"Baja: Fui muy irregular, entrenando solo ocasionalmente.",20,4,"Medio: Logro concentrarme por períodos moderados, pero presento algunas distracciones.",Multivitamínicos y Minerales,24,Baja en carbohidratos,6,Mala,Moderado,Alto
18/5/2026 14:45:35,Grupo 9,"Heredia Quispe, Gianella Alessandra",Masculino,20,70,71,Ciencias de la Computación,9,5,5,18,Quinto,10,Gimnasio / Levantamiento de pesas,En gimnasio,Individual,5,"Moderado: Podía hablar en frases cortas, pero me agitaba un poco y necesitaba respirar.",Noche,Alta: Mantuve mi rutina de manera estricta y constante todo el ciclo.,16,5,"Medio: Logro concentrarme por períodos moderados, pero presento algunas distracciones.",Ninguno,4,Ninguna en especial,8,Buena,Moderado,Moderado
18/5/2026 15:59:24,Grupo 5,"Monsalve Caycho, Christopher Jordan",Femenino,20,60,164,Ingeniería Química,9,3,3,14.5,Tercio medio,4,Gimnasio / Levantamiento de pesas,En gimnasio,Individual,4,"Moderado: Podía hablar en frases cortas, pero me agitaba un poco y necesitaba respirar.",Tarde,"Media: Tuve constancia por algunas semanas, pero con interrupciones frecuentes.",30,10,Bajo: Me distraigo con facilidad y me cuesta mantener la atención durante el estudio.,Multivitamínicos y Minerales,4,Alta en proteínas,6,Regular,Alto,Muy alto
18/5/2026 15:59:25,Grupo 5,"Monsalve Caycho, Christopher Jordan",Femenino,25,68,150,Bioingeniería,8,7,6,13.3,Tercio inferior,3,"Entrenamiento en casa (Calistenia, Yoga, rutinas por video)",En casa,Individual,3,"Moderado: Podía hablar en frases cortas, pero me agitaba un poco y necesitaba respirar.",Mañana,"Media: Tuve constancia por algunas semanas, pero con interrupciones frecuentes.",23,7,"Medio: Logro concentrarme por períodos moderados, pero presento algunas distracciones.",Ninguno,3,Ninguna en especial,4,Mala,Muy alto,Muy alto
18/5/2026 16:01:55,Grupo 5,"Monsalve Caycho, Christopher Jordan",Masculino,22,56,181,Ciencias de la Computación,6,6,4,12.22,Tercio medio,10,Gimnasio / Levantamiento de pesas,En gimnasio,Individual,5,"Moderado: Podía hablar en frases cortas, pero me agitaba un poco y necesitaba respirar.",Noche,"Media: Tuve constancia por algunas semanas, pero con interrupciones frecuentes.",30,12,"Medio: Logro concentrarme por períodos moderados, pero presento algunas distracciones.","Polvos Pre-Entreno, Proteína en polvo (Whey, Vegana, Caseína), Creatina",4,Alta en proteínas,8,Regular,Alto,Alto
18/5/2026 16:11:48,Grupo 5,"Monsalve Caycho, Christopher Jordan",Femenino,20,57,156,Ingeniería Civil,6,5,5,14.37,Tercio medio,0,No realizo actividad fisica,,,,,,,20,22,"Medio: Logro concentrarme por períodos moderados, pero presento algunas distracciones.",Ninguno,4,Ninguna en especial,6,Mala,Muy alto,Muy alto
18/5/2026 16:12:30,Grupo 5,"Monsalve Caycho, Christopher Jordan",Masculino,21,83.5,163,Ingeniería Civil,7,6,5,13.4,Quinto,1,"Deportes aeróbicos (Correr, Nadar, Ciclismo)","En espacios públicos (parques, canchas, piscinas, etc.)",Individual,1,Bajo: Podía mantener una conversación larga o cantar sin ningún esfuerzo,Tarde,"Baja: Fui muy irregular, entrenando solo ocasionalmente.",22,10,Bajo: Me distraigo con facilidad y me cuesta mantener la atención durante el estudio.,Bebidas energéticas,3,Alta en proteínas,5,Mala,Alto,Muy alto
18/5/2026 16:16:44,Grupo 5,"Monsalve Caycho, Christopher Jordan",Femenino,21,64,164,Ciencias de la Computación,10,6,6,17.71,Décimo,1,"Deportes aeróbicos (Correr, Nadar, Ciclismo)",En gimnasio,Individual,1,"Moderado: Podía hablar en frases cortas, pero me agitaba un poco y necesitaba respirar.",Mañana,"Baja: Fui muy irregular, entrenando solo ocasionalmente.",28,10,"Medio: Logro concentrarme por períodos moderados, pero presento algunas distracciones.",Ninguno,4,Ninguna en especial,7,Regular,Bajo,Alto
18/5/2026 17:03:38,Grupo 7,"Morales Portella, Santiago Cesar",Masculino,23,87,1.64,Ingeniería Mecánica,4,4,4,14,Tercio,10,"Deportes de equipo (Fútbol, Básquet, Vóley, etc.)",En gimnasio,Individual,3,Bajo: Podía mantener una conversación larga o cantar sin ningún esfuerzo,Noche,"Media: Tuve constancia por algunas semanas, pero con interrupciones frecuentes.",10,8,"Medio: Logro concentrarme por períodos moderados, pero presento algunas distracciones.",Ninguno,3,Ninguna en especial,6,Regular,Alto,Alto
18/5/2026 17:15:41,Grupo 7,"Morales Portella, Santiago Cesar",Masculino,19,70,172,Ingeniería Electrónica,4,5,5,16.4,Tercio,18,Gimnasio / Levantamiento de pesas,En gimnasio,Individual,6,"Moderado: Podía hablar en frases cortas, pero me agitaba un poco y necesitaba respirar.",Tarde,"Media: Tuve constancia por algunas semanas, pero con interrupciones frecuentes.",16,10,"Medio: Logro concentrarme por períodos moderados, pero presento algunas distracciones.",Bebidas energéticas,4,Alta en proteínas,9,Buena,Bajo,Bajo
18/5/2026 17:17:13,Grupo 4,"Timana Carmona, Jose Manuel",Masculino,18,62,167,Ciencias de la Computación,2,6,0,15,Tercio,0,No realizo actividad fisica,,,,,,,20,6,"Medio: Logro concentrarme por períodos moderados, pero presento algunas distracciones.",Bebidas energéticas,3,Ninguna en especial,8,Regular,Alto,Muy alto
18/5/2026 17:19:06,Grupo 7,"Morales Portella, Santiago Cesar",Masculino,20,78,166,Ingeniería Química,6,7,7,15.4,Tercio,32,"Deportes de equipo (Fútbol, Básquet, Vóley, etc.)","En espacios públicos (parques, canchas, piscinas, etc.)",Individual,3,Bajo: Podía mantener una conversación larga o cantar sin ningún esfuerzo,Mañana,"Baja: Fui muy irregular, entrenando solo ocasionalmente.",32,10,"Medio: Logro concentrarme por períodos moderados, pero presento algunas distracciones.",Bebidas rehidratantes,3,Baja en carbohidratos,7,Regular,Bajo,Moderado
18/5/2026 17:22:02,Grupo 9,"Heredia Quispe, Gianella Alessandra",Masculino,25,75,1.63,Ingeniería Electrónica,2,6,6,14,Tercio medio,5,"Entrenamiento en casa (Calistenia, Yoga, rutinas por video)",En casa,Individual,3,"Moderado: Podía hablar en frases cortas, pero me agitaba un poco y necesitaba respirar.",Noche,"Media: Tuve constancia por algunas semanas, pero con interrupciones frecuentes.",16,3,"Medio: Logro concentrarme por períodos moderados, pero presento algunas distracciones.",Bebidas energéticas,4,Ninguna en especial,5,Regular,Alto,Alto
18/5/2026 17:25:03,Grupo 7,"Morales Portella, Santiago Cesar",Femenino,19,56,162,Ingeniería Ambiental,3,6,6,17,Tercio medio,7,"Entrenamiento en casa (Calistenia, Yoga, rutinas por video)",En casa,Individual,6,Bajo: Podía mantener una conversación larga o cantar sin ningún esfuerzo,Mañana,Alta: Mantuve mi rutina de manera estricta y constante todo el ciclo.,18,8,Alto: Mantengo la concentración durante la mayor parte del tiempo sin distracciones significativas.,Ninguno,5,Vegetariana,9,Muy buena,Moderado,Moderado
18/5/2026 17:29:55,Grupo 4,"Timana Carmona, Jose Manuel",Masculino,20,72,176,Ingeniería Industrial,5,6,5,15.8,Tercio medio,5,Gimnasio / Levantamiento de pesas,En gimnasio,Individual,4,"Moderado: Podía hablar en frases cortas, pero me agitaba un poco y necesitaba respirar.",Noche,"Media: Tuve constancia por algunas semanas, pero con interrupciones frecuentes.",24,7,"Medio: Logro concentrarme por períodos moderados, pero presento algunas distracciones.","Polvos Pre-Entreno, Proteína en polvo (Whey, Vegana, Caseína)",4,Alta en proteínas,6.5,Regular,Moderado,Moderado
18/5/2026 17:31:43,Grupo 7,"Morales Portella, Santiago Cesar",Femenino,20,69,165,Ciencias de la Computación,3,6,6,17.3,Tercio medio,3,Gimnasio / Levantamiento de pesas,En instalaciones de la universidad,Colectiva,2,"Moderado: Podía hablar en frases cortas, pero me agitaba un poco y necesitaba respirar.",Tarde,"Baja: Fui muy irregular, entrenando solo ocasionalmente.",32,8,"Medio: Logro concentrarme por períodos moderados, pero presento algunas distracciones.",Bebidas rehidratantes,4,Alta en proteínas,6,Regular,Bajo,Muy bajo
18/5/2026 17:32:45,Grupo 4,"Timana Carmona, Jose Manuel",Femenino,19,58,162,Ciencia de Datos,3,6,6,17.9,Décimo,2,Caminar,"En espacios públicos (parques, canchas, piscinas, etc.)",Individual,3,Bajo: Podía mantener una conversación larga o cantar sin ningún esfuerzo,Tarde,"Baja: Fui muy irregular, entrenando solo ocasionalmente.",30,9,Alto: Mantengo la concentración durante la mayor parte del tiempo sin distracciones significativas.,Ninguno,5,Ninguna en especial,7,Buena,Bajo,Bajo
18/5/2026 17:33:07,Grupo 9,"Heredia Quispe, Gianella Alessandra",Masculino,18,70,175,Ciencias de la Computación,3,5,4,12.1,Tercio medio,2,Gimnasio / Levantamiento de pesas,En gimnasio,Individual,3,"Moderado: Podía hablar en frases cortas, pero me agitaba un poco y necesitaba respirar.",Mañana,"Media: Tuve constancia por algunas semanas, pero con interrupciones frecuentes.",4,7,"Medio: Logro concentrarme por períodos moderados, pero presento algunas distracciones.",Multivitamínicos y Minerales,4,Ninguna en especial,6.5,Regular,Moderado,Moderado
18/5/2026 17:35:52,Grupo 4,"Timana Carmona, Jose Manuel",Masculino,22,81,180,Ingeniería Mecatrónica,8,7,6,14.7,Tercio inferior,8,"Deportes de equipo (Fútbol, Básquet, Vóley, etc.)",En instalaciones de la universidad,Colectiva,5,Alto: Me faltaba el aliento rápido y apenas podía decir unas pocas palabras sin parar a tomar aire.,Noche,Alta: Mantuve mi rutina de manera estricta y constante todo el ciclo.,20,6,"Medio: Logro concentrarme por períodos moderados, pero presento algunas distracciones.","Bebidas energéticas, Creatina",4,Alta en proteínas,5.5,Mala,Alto,Alto
18/5/2026 17:36:58,Grupo 7,"Morales Portella, Santiago Cesar",Masculino,23,89,172,Ingeniería Civil,7,4,4,16.5,Tercio medio,2,Gimnasio / Levantamiento de pesas,En gimnasio,Individual,2,Bajo: Podía mantener una conversación larga o cantar sin ningún esfuerzo,Mañana,"Baja: Fui muy irregular, entrenando solo ocasionalmente.",24,10,Bajo: Me distraigo con facilidad y me cuesta mantener la atención durante el estudio.,"Bebidas energéticas, Bebidas rehidratantes, Multivitamínicos y Minerales",6,Alta en proteínas,10,Buena,Muy bajo,Muy bajo
18/5/2026 17:38:04,Grupo 4,"Gamboa Sánchez, Guillermo Valentino",Femenino,16,56,176,Ingeniría de la Energía,3,7,6,14,Tercio,15,Gimnasio / Levantamiento de pesas,En instalaciones de la universidad,Colectiva,4,"Moderado: Podía hablar en frases cortas, pero me agitaba un poco y necesitaba respirar.",Tarde,"Media: Tuve constancia por algunas semanas, pero con interrupciones frecuentes.",14,16,"Medio: Logro concentrarme por períodos moderados, pero presento algunas distracciones.",Mass gainers,4,Baja en carbohidratos,10,Regular,Bajo,Alto
18/5/2026 17:38:16,Grupo 4,"Solis Cordova, Pedro Nicolas",Masculino,18,88,188,Bioingeniería,4,5,5,15,Tercio,12,"Entrenamiento en casa (Calistenia, Yoga, rutinas por video)",En casa,Individual,5,"Moderado: Podía hablar en frases cortas, pero me agitaba un poco y necesitaba respirar.",Mañana,"Media: Tuve constancia por algunas semanas, pero con interrupciones frecuentes.",15,9,"Medio: Logro concentrarme por períodos moderados, pero presento algunas distracciones.",Ninguno,4,Baja en carbohidratos,7,Regular,Bajo,Bajo
18/5/2026 17:38:22,Grupo 4,"Timana Carmona, Jose Manuel",Femenino,21,64,168,Bioingeniería,6,5,5,16.5,Tercio,4,"Deportes aeróbicos (Correr, Nadar, Ciclismo)","En espacios públicos (parques, canchas, piscinas, etc.)",Individual,4,"Moderado: Podía hablar en frases cortas, pero me agitaba un poco y necesitaba respirar.",Mañana,"Media: Tuve constancia por algunas semanas, pero con interrupciones frecuentes.",24,8,"Medio: Logro concentrarme por períodos moderados, pero presento algunas distracciones.",Bebidas rehidratantes,4,Ninguna en especial,7.5,Buena,Moderado,Moderado
18/5/2026 17:41:25,Grupo 4,"Timana Carmona, Jose Manuel",Masculino,18,67,171,Ciencias de la Computación,2,6,4,13,Tercio inferior,1,No realizo actividad fisica,,,,,,,35,11,Bajo: Me distraigo con facilidad y me cuesta mantener la atención durante el estudio.,Bebidas energéticas,3,Comida chatarra,5,Muy mala,Muy alto,Muy alto
18/5/2026 17:42:17,Grupo 7,"Morales Portella, Santiago Cesar",Femenino,20,62,170,Ciencia de Datos,3,6,6,16.9,Tercio medio,4,Gimnasio / Levantamiento de pesas,En gimnasio,Colectiva,4,Alto: Me faltaba el aliento rápido y apenas podía decir unas pocas palabras sin parar a tomar aire.,Mañana,Alta: Mantuve mi rutina de manera estricta y constante todo el ciclo.,29,7,Alto: Mantengo la concentración durante la mayor parte del tiempo sin distracciones significativas.,Bebidas energéticas,4,Alta en proteínas,10,Muy buena,Muy bajo,Muy alto
18/5/2026 17:48:14,Grupo 7,"Morales Portella, Santiago Cesar",Femenino,23,67,164,Administración y Negocios Digitales,7,4,4,17.3,Tercio,4,Gimnasio / Levantamiento de pesas,En gimnasio,Colectiva,4,Bajo: Podía mantener una conversación larga o cantar sin ningún esfuerzo,Noche,Alta: Mantuve mi rutina de manera estricta y constante todo el ciclo.,25,10,Alto: Mantengo la concentración durante la mayor parte del tiempo sin distracciones significativas.,Ninguno,4,Vegetariana,8,Buena,Muy bajo,Muy bajo
18/5/2026 17:53:34,Grupo 7,"Morales Portella, Santiago Cesar",Masculino,18,72,171,Ciencias de la Computación,3,6,6,15.82,Tercio,32,Gimnasio / Levantamiento de pesas,En gimnasio,Colectiva,7,"Moderado: Podía hablar en frases cortas, pero me agitaba un poco y necesitaba respirar.",Tarde,"Media: Tuve constancia por algunas semanas, pero con interrupciones frecuentes.",32,2,Bajo: Me distraigo con facilidad y me cuesta mantener la atención durante el estudio.,Gaseosa,5,Alta en proteínas,8,Muy buena,Muy bajo,Muy alto
18/5/2026 17:56:10,Grupo 7,"Morales Portella, Santiago Cesar",Masculino,19,76,173,Sistemas de la Información,4,5,5,17.3,Tercio,3,"Deportes de equipo (Fútbol, Básquet, Vóley, etc.)",En instalaciones de la universidad,Colectiva,3,"Moderado: Podía hablar en frases cortas, pero me agitaba un poco y necesitaba respirar.",Noche,"Media: Tuve constancia por algunas semanas, pero con interrupciones frecuentes.",32,9,Alto: Mantengo la concentración durante la mayor parte del tiempo sin distracciones significativas.,Bebidas energéticas,5,Alta en proteínas,9,Regular,Muy bajo,Bajo
18/5/2026 18:00:55,Grupo 4,"Timana Carmona, Jose Manuel",Femenino,20,60,165,Ingeniería Ambiental,4,6,5,15.4,Tercio medio,3,Danza,En casa,Individual,3,"Moderado: Podía hablar en frases cortas, pero me agitaba un poco y necesitaba respirar.",Noche,"Media: Tuve constancia por algunas semanas, pero con interrupciones frecuentes.",26,8,"Medio: Logro concentrarme por períodos moderados, pero presento algunas distracciones.",Ninguno,4,Ninguna en especial,6.5,Regular,Moderado,Moderado
18/5/2026 18:05:54,Grupo 4,"Timana Carmona, Jose Manuel",Masculino,23,85,182,Ingeniería Civil,9,5,5,16.1,Tercio,6,Gimnasio / Levantamiento de pesas,En gimnasio,Individual,5,Alto: Me faltaba el aliento rápido y apenas podía decir unas pocas palabras sin parar a tomar aire.,Mañana,Alta: Mantuve mi rutina de manera estricta y constante todo el ciclo.,22,6,Alto: Mantengo la concentración durante la mayor parte del tiempo sin distracciones significativas.,"Proteína en polvo (Whey, Vegana, Caseína), Creatina",5,Alta en proteínas,7,Buena,Bajo,Bajo
18/5/2026 18:08:26,Grupo 4,"Chipana Ybañez, Josué Manuel",Femenino,19,54,160,Ingeniería Civil,3,7,6,16.8,Quinto,2,"Entrenamiento en casa (Calistenia, Yoga, rutinas por video)",En casa,Individual,2,Bajo: Podía mantener una conversación larga o cantar sin ningún esfuerzo,Tarde,"Media: Tuve constancia por algunas semanas, pero con interrupciones frecuentes.",32,10,Alto: Mantengo la concentración durante la mayor parte del tiempo sin distracciones significativas.,Ninguno,3,Vegetariana,6,Regular,Alto,Moderado
18/5/2026 18:11:29,Grupo 4,"Timana Carmona, Jose Manuel",Masculino,21,76,178,Ciencias de la Computación,6,6,5,14.8,Tercio medio,4,"Deportes aeróbicos (Correr, Nadar, Ciclismo)",En instalaciones de la universidad,Individual,4,"Moderado: Podía hablar en frases cortas, pero me agitaba un poco y necesitaba respirar.",Noche,"Media: Tuve constancia por algunas semanas, pero con interrupciones frecuentes.",27,9,"Medio: Logro concentrarme por períodos moderados, pero presento algunas distracciones.",Bebidas energéticas,4,Ninguna en especial,6,Regular,Moderado,Alto
18/5/2026 20:25:27,Grupo 7,"Ormachea Mamani, Gabriel",Femenino,18,70,170,Ciencias de la Computación,3,7,7,17,Tercio,32,"Deportes de equipo (Fútbol, Básquet, Vóley, etc.)",En instalaciones de la universidad,Colectiva,4,"Moderado: Podía hablar en frases cortas, pero me agitaba un poco y necesitaba respirar.",Noche,"Media: Tuve constancia por algunas semanas, pero con interrupciones frecuentes.",32,10,"Medio: Logro concentrarme por períodos moderados, pero presento algunas distracciones.",Ninguno,4,Alta en proteínas,10,Regular,Moderado,Moderado
18/5/2026 20:31:11,Grupo 7,"Morales Portella, Santiago Cesar",Femenino,19,60,168,Bioingeniería,4,6,5,15,Tercio medio,5,"Deportes aeróbicos (Correr, Nadar, Ciclismo)","En espacios públicos (parques, canchas, piscinas, etc.)",Individual,5,"Moderado: Podía hablar en frases cortas, pero me agitaba un poco y necesitaba respirar.",Mañana,"Media: Tuve constancia por algunas semanas, pero con interrupciones frecuentes.",28,21,"Medio: Logro concentrarme por períodos moderados, pero presento algunas distracciones.",Ninguno,5,Vegetariana,9,Regular,Moderado,Moderado
18/5/2026 20:31:47,Grupo 7,"Díaz Carrión, Gabriel Marcelo",Femenino,21,78,154,Administración y Negocios Digitales,3,5,5,13.68,Tercio medio,8,"Deportes aeróbicos (Correr, Nadar, Ciclismo)","En espacios públicos (parques, canchas, piscinas, etc.)",Individual,3,"Moderado: Podía hablar en frases cortas, pero me agitaba un poco y necesitaba respirar.",Mañana,"Media: Tuve constancia por algunas semanas, pero con interrupciones frecuentes.",36,13,"Medio: Logro concentrarme por períodos moderados, pero presento algunas distracciones.",Ninguno,3,Vegetariana,6,Mala,Alto,Alto
18/5/2026 20:32:43,Grupo 7,"Morales Portella, Santiago Cesar",Femenino,20,63,170,Ingeniería Ambiental,4,6,6,14.67,Tercio medio,2,"Entrenamiento en casa (Calistenia, Yoga, rutinas por video)",En casa,Individual,1,Bajo: Podía mantener una conversación larga o cantar sin ningún esfuerzo,Tarde,"Baja: Fui muy irregular, entrenando solo ocasionalmente.",15,2,Bajo: Me distraigo con facilidad y me cuesta mantener la atención durante el estudio.,Ninguno,4,Ninguna en especial,8,Regular,Muy bajo,Muy bajo
18/5/2026 21:11:54,Grupo 4,"Solis Cordova, Pedro Nicolas",Masculino,18,78,174,Ingeniría de la Energía,4,5,5,15,Tercio,12,Gimnasio / Levantamiento de pesas,En casa,Individual,3,"Moderado: Podía hablar en frases cortas, pero me agitaba un poco y necesitaba respirar.",Noche,"Media: Tuve constancia por algunas semanas, pero con interrupciones frecuentes.",21,10,"Medio: Logro concentrarme por períodos moderados, pero presento algunas distracciones.",Ninguno,4,Baja en carbohidratos,7,Buena,Bajo,Bajo
18/5/2026 21:12:30,Grupo 4,"Timana Carmona, Jose Manuel",Masculino,20,74,175,Ingeniería Electrónica,5,6,5,15.2,Tercio medio,0,No realizo actividad fisica,,,,,,,25,8,"Medio: Logro concentrarme por períodos moderados, pero presento algunas distracciones.",Ninguno,4,Ninguna en especial,7,Regular,Moderado,Moderado
18/5/2026 21:14:38,Grupo 4,"Solis Cordova, Pedro Nicolas",Femenino,17,67,167,Ciencias de la Computación,6,4,4,16,Tercio,15,"Entrenamiento en casa (Calistenia, Yoga, rutinas por video)",En casa,Individual,4,Alto: Me faltaba el aliento rápido y apenas podía decir unas pocas palabras sin parar a tomar aire.,Mañana,"Media: Tuve constancia por algunas semanas, pero con interrupciones frecuentes.",18,9,"Medio: Logro concentrarme por períodos moderados, pero presento algunas distracciones.",Ninguno,4,Baja en carbohidratos,6,Mala,Moderado,Moderado
18/5/2026 21:16:58,Grupo 4,"Solis Cordova, Pedro Nicolas",Prefiero no decirlo / Otro,19,89,187,Ingeniería Industrial,3,6,5,14.5,Tercio medio,12,Gimnasio / Levantamiento de pesas,En casa,Individual,3,Alto: Me faltaba el aliento rápido y apenas podía decir unas pocas palabras sin parar a tomar aire.,Tarde,"Baja: Fui muy irregular, entrenando solo ocasionalmente.",14,10,Alto: Mantengo la concentración durante la mayor parte del tiempo sin distracciones significativas.,Ninguno,4,Ninguna en especial,8,Buena,Bajo,Moderado
18/5/2026 21:17:01,Grupo 4,"Timana Carmona, Jose Manuel",Femenino,18,52,158,Bioingeniería,2,5,4,14.9,Tercio inferior,2,Caminar,"En espacios públicos (parques, canchas, piscinas, etc.)",Individual,3,Bajo: Podía mantener una conversación larga o cantar sin ningún esfuerzo,Tarde,"Baja: Fui muy irregular, entrenando solo ocasionalmente.",29,10,"Medio: Logro concentrarme por períodos moderados, pero presento algunas distracciones.",Ninguno,3,Ninguna en especial,6.5,Regular,Alto,Moderado
18/5/2026 21:21:05,Grupo 4,"Solis Cordova, Pedro Nicolas",Masculino,19,76,186,Ingeniería Mecánica,7,6,6,18,Quinto,10,"Deportes de equipo (Fútbol, Básquet, Vóley, etc.)",En instalaciones de la universidad,Colectiva,3,"Moderado: Podía hablar en frases cortas, pero me agitaba un poco y necesitaba respirar.",Tarde,"Media: Tuve constancia por algunas semanas, pero con interrupciones frecuentes.",24,12,Alto: Mantengo la concentración durante la mayor parte del tiempo sin distracciones significativas.,Ninguno,4,Ninguna en especial,9,Regular,Muy bajo,Moderado
18/5/2026 21:21:12,Grupo 4,"Timana Carmona, Jose Manuel",Masculino,22,79,181,Ingeniería Mecánica,7,7,6,16.8,Quinto,6,"Deportes de equipo (Fútbol, Básquet, Vóley, etc.)",En instalaciones de la universidad,Colectiva,5,Alto: Me faltaba el aliento rápido y apenas podía decir unas pocas palabras sin parar a tomar aire.,Noche,Alta: Mantuve mi rutina de manera estricta y constante todo el ciclo.,20,7,Alto: Mantengo la concentración durante la mayor parte del tiempo sin distracciones significativas.,"Bebidas energéticas, Bebidas rehidratantes, Creatina",5,Balanceada,7,Buena,Bajo,Bajo
18/5/2026 21:23:37,Grupo 4,"Timana Carmona, Jose Manuel",Masculino,19,68,172,Ciencias de la Computación,3,7,5,14.3,Tercio inferior,0,No realizo actividad fisica,,,,,,,30,6,Bajo: Me distraigo con facilidad y me cuesta mantener la atención durante el estudio.,Bebidas energéticas,3,Ninguna en especial,5,Muy mala,Muy alto,Muy alto
18/5/2026 21:25:31,Grupo 4,"Timana Carmona, Jose Manuel",Femenino,23,65,169,Ingeniería Química,9,5,5,16,Tercio medio,5,"Deportes aeróbicos (Correr, Nadar, Ciclismo)","En espacios públicos (parques, canchas, piscinas, etc.)",Individual,4,"Moderado: Podía hablar en frases cortas, pero me agitaba un poco y necesitaba respirar.",Mañana,Alta: Mantuve mi rutina de manera estricta y constante todo el ciclo.,23,7,Alto: Mantengo la concentración durante la mayor parte del tiempo sin distracciones significativas.,Bebidas rehidratantes,4,Alta en proteínas,7,Buena,Bajo,Bajo
18/5/2026 21:26:46,Grupo 4,"Solis Cordova, Pedro Nicolas",Masculino,18,77,168,Ciencias de la Computación,4,5,5,16.8,Tercio,18,No realizo actividad fisica,,,,,,,17,13,Alto: Mantengo la concentración durante la mayor parte del tiempo sin distracciones significativas.,Ninguno,3,Baja en carbohidratos,8,Regular,Alto,Moderado
18/5/2026 21:27:42,Grupo 4,"Timana Carmona, Jose Manuel",Masculino,20,71,177,Ciencias de la Computación,4,6,5,15,Tercio medio,3,"Deportes aeróbicos (Correr, Nadar, Ciclismo)",En casa,Colectiva,3,"Moderado: Podía hablar en frases cortas, pero me agitaba un poco y necesitaba respirar.",Noche,"Media: Tuve constancia por algunas semanas, pero con interrupciones frecuentes.",28,9,"Medio: Logro concentrarme por períodos moderados, pero presento algunas distracciones.",Ninguno,4,Ninguna en especial,6,Regular,Moderado,Moderado
18/5/2026 21:32:17,Grupo 4,"Timana Carmona, Jose Manuel",Femenino,20,57,163,Bioingeniería,5,7,6,17.5,Décimo,2,"Deportes aeróbicos (Correr, Nadar, Ciclismo)",En instalaciones de la universidad,Individual,2,Bajo: Podía mantener una conversación larga o cantar sin ningún esfuerzo,Tarde,"Media: Tuve constancia por algunas semanas, pero con interrupciones frecuentes.",34,8,Alto: Mantengo la concentración durante la mayor parte del tiempo sin distracciones significativas.,Ninguno,5,Ninguna en especial,6.5,Regular,Alto,Moderado
18/5/2026 21:34:19,Grupo 4,"Timana Carmona, Jose Manuel",Masculino,24,80,175,Ingeniería Civil,10,5,5,15.7,Tercio medio,6,Gimnasio / Levantamiento de pesas,En gimnasio,Individual,5,Alto: Me faltaba el aliento rápido y apenas podía decir unas pocas palabras sin parar a tomar aire.,Mañana,Alta: Mantuve mi rutina de manera estricta y constante todo el ciclo.,19,6,Alto: Mantengo la concentración durante la mayor parte del tiempo sin distracciones significativas.,"Proteína en polvo (Whey, Vegana, Caseína), Creatina",5,Alta en proteínas,7,Buena,Bajo,Bajo
18/5/2026 21:36:38,Grupo 4,"Timana Carmona, Jose Manuel",Femenino,19,55,161,Administración y Negocios Digitales,3,6,5,15,Tercio medio,1,No realizo actividad fisica,,,,,,,33,11,Bajo: Me distraigo con facilidad y me cuesta mantener la atención durante el estudio.,Bebidas energéticas,3,Ninguna en especial,5.5,Mala,Alto,Alto
18/5/2026 21:39:53,Grupo 4,"Timana Carmona, Jose Manuel",Masculino,21,70,174,Ciencias de la Computación,5,6,5,15.3,Tercio medio,4,Gimnasio / Levantamiento de pesas,En gimnasio,Individual,4,"Moderado: Podía hablar en frases cortas, pero me agitaba un poco y necesitaba respirar.",Noche,"Media: Tuve constancia por algunas semanas, pero con interrupciones frecuentes.",26,8,"Medio: Logro concentrarme por períodos moderados, pero presento algunas distracciones.",Creatina,4,Alta en proteínas,6,Regular,Moderado,Moderado
18/5/2026 21:41:56,Grupo 4,"Timana Carmona, Jose Manuel",Femenino,20,56,162,Ciencia de Datos,4,6,6,16.6,Quinto,2,caminar,"En espacios públicos (parques, canchas, piscinas, etc.)",Individual,3,Bajo: Podía mantener una conversación larga o cantar sin ningún esfuerzo,Tarde,"Media: Tuve constancia por algunas semanas, pero con interrupciones frecuentes.",31,9,Alto: Mantengo la concentración durante la mayor parte del tiempo sin distracciones significativas.,Ninguno,4,Ninguna en especial,7,Buena,Moderado,Bajo
18/5/2026 21:44:16,Grupo 4,"Timana Carmona, Jose Manuel",Masculino,22,80,180,Ingeniería Civil,8,7,6,16,Tercio,7,"Deportes de equipo (Fútbol, Básquet, Vóley, etc.)",En instalaciones de la universidad,Colectiva,5,Alto: Me faltaba el aliento rápido y apenas podía decir unas pocas palabras sin parar a tomar aire.,Mañana,Alta: Mantuve mi rutina de manera estricta y constante todo el ciclo.,21,7,Alto: Mantengo la concentración durante la mayor parte del tiempo sin distracciones significativas.,"Proteína en polvo (Whey, Vegana, Caseína)",5,Alta en proteínas,7,Buena,Bajo,Moderado
18/5/2026 21:51:48,Grupo 7,"Morales Portella, Santiago Cesar",Femenino,19,67.2,167,Ciencias de la Computación,4,5,4,14.3,Tercio inferior,4,Gimnasio / Levantamiento de pesas,En casa,Individual,4,Bajo: Podía mantener una conversación larga o cantar sin ningún esfuerzo,Mañana,Alta: Mantuve mi rutina de manera estricta y constante todo el ciclo.,26,10,"Medio: Logro concentrarme por períodos moderados, pero presento algunas distracciones.",Ninguno,5,Vegana,9,Buena,Moderado,Moderado
18/5/2026 21:53:11,Grupo 4,"Timana Carmona, Jose Manuel",Masculino,19,69,173,Ingeniería Mecánica,3,6,4,14.1,Tercio inferior,0,No realizo actividad fisica,,,,,,,35,12,Bajo: Me distraigo con facilidad y me cuesta mantener la atención durante el estudio.,Bebidas energéticas,3,Ninguna en especial,5,Muy mala,Muy alto,Muy alto
18/5/2026 21:54:33,Grupo 7,"Morales Portella, Santiago Cesar",Masculino,18,70,172,Ciencias de la Computación,2,6,6,17.3,Quinto,5,Caminando,Otros,Individual,5,Bajo: Podía mantener una conversación larga o cantar sin ningún esfuerzo,Tarde,"Media: Tuve constancia por algunas semanas, pero con interrupciones frecuentes.",32,10,"Medio: Logro concentrarme por períodos moderados, pero presento algunas distracciones.",Ninguno,5,Alta en proteínas,10,Muy buena,Muy bajo,Muy bajo
18/5/2026 21:55:21,Grupo 4,"Timana Carmona, Jose Manuel",Femenino,21,60,165,Bioingeniería,6,5,5,16.8,Quinto,5,"Deportes aeróbicos (Correr, Nadar, Ciclismo)","En espacios públicos (parques, canchas, piscinas, etc.)",Individual,4,"Moderado: Podía hablar en frases cortas, pero me agitaba un poco y necesitaba respirar.",Mañana,Alta: Mantuve mi rutina de manera estricta y constante todo el ciclo.,24,7,Alto: Mantengo la concentración durante la mayor parte del tiempo sin distracciones significativas.,Bebidas rehidratantes,4,Baja en carbohidratos,7.5,Buena,Bajo,Bajo
18/5/2026 21:57:48,Grupo 4,"Timana Carmona, Jose Manuel",Masculino,20,75,170,Ingeniería Mecánica,5,7,5,15,Tercio medio,5,Gimnasio / Levantamiento de pesas,En gimnasio,Individual,5,Alto: Me faltaba el aliento rápido y apenas podía decir unas pocas palabras sin parar a tomar aire.,Tarde,"Media: Tuve constancia por algunas semanas, pero con interrupciones frecuentes.",23,8,"Medio: Logro concentrarme por períodos moderados, pero presento algunas distracciones.",Creatina,4,Alta en proteínas,6.5,Regular,Moderado,Moderado
18/5/2026 22:00:10,Grupo 4,"Timana Carmona, Jose Manuel",Masculino,23,84,175,Ingeniería Electrónica,9,5,5,16,Tercio,6,"Deportes de equipo (Fútbol, Básquet, Vóley, etc.)",En instalaciones de la universidad,Colectiva,5,Alto: Me faltaba el aliento rápido y apenas podía decir unas pocas palabras sin parar a tomar aire.,Noche,Alta: Mantuve mi rutina de manera estricta y constante todo el ciclo.,20,6,Alto: Mantengo la concentración durante la mayor parte del tiempo sin distracciones significativas.,"Bebidas rehidratantes, Creatina",5,Ninguna en especial,7,Buena,Moderado,Bajo
18/5/2026 22:01:56,Grupo 4,"Timana Carmona, Jose Manuel",Masculino,21,77,179,Administración y Negocios Digitales,6,6,5,14.6,Tercio medio,3,"Deportes aeróbicos (Correr, Nadar, Ciclismo)","En espacios públicos (parques, canchas, piscinas, etc.)",Individual,3,"Moderado: Podía hablar en frases cortas, pero me agitaba un poco y necesitaba respirar.",Mañana,"Media: Tuve constancia por algunas semanas, pero con interrupciones frecuentes.",27,9,"Medio: Logro concentrarme por períodos moderados, pero presento algunas distracciones.",Bebidas energéticas,4,Ninguna en especial,6,Regular,Moderado,Alto
18/5/2026 22:03:11,Grupo 7,"Morales Portella, Santiago Cesar",Masculino,18,65,167,Ciencias de la Computación,2,6,6,16.4,Tercio,2,"Deportes de equipo (Fútbol, Básquet, Vóley, etc.)",En instalaciones de la universidad,Individual,2,"Moderado: Podía hablar en frases cortas, pero me agitaba un poco y necesitaba respirar.",Tarde,"Media: Tuve constancia por algunas semanas, pero con interrupciones frecuentes.",28,10,"Medio: Logro concentrarme por períodos moderados, pero presento algunas distracciones.",Ninguno,3,Alta en proteínas,8,Regular,Moderado,Moderado
18/5/2026 22:04:30,Grupo 4,"Timana Carmona, Jose Manuel",Masculino,18,65,170,Bioingeniería,3,6,6,17,Quinto,0,No realizo actividad fisica,,,,,,,27,8,"Medio: Logro concentrarme por períodos moderados, pero presento algunas distracciones.",Ninguno,4,Ninguna en especial,8,Regular,Moderado,Muy alto
18/5/2026 22:06:16,Grupo 4,"Timana Carmona, Jose Manuel",Masculino,18,63,170,Ingeniería Industrial,3,6,6,16.5,Tercio,0,No realizo actividad fisica,,,,,,,24,7,Bajo: Me distraigo con facilidad y me cuesta mantener la atención durante el estudio.,"Bebidas energéticas, Bebidas rehidratantes",3,Ninguna en especial,9,Regular,Moderado,Muy alto
18/5/2026 22:15:03,Grupo 7,"Morales Portella, Santiago Cesar",Masculino,18,62,170,Ciencia de Datos,3,6,6,17,Quinto,6,"Deportes aeróbicos (Correr, Nadar, Ciclismo)","En espacios públicos (parques, canchas, piscinas, etc.)",Individual,6,"Moderado: Podía hablar en frases cortas, pero me agitaba un poco y necesitaba respirar.",Mañana,"Media: Tuve constancia por algunas semanas, pero con interrupciones frecuentes.",38,4,"Medio: Logro concentrarme por períodos moderados, pero presento algunas distracciones.","Polvos Pre-Entreno, Creatina",5,Alta en proteínas,10,Regular,Moderado,Moderado
18/5/2026 22:17:52,Grupo 7,"Morales Portella, Santiago Cesar",Masculino,18,65,163,Ingeniería Electrónica,3,6,6,17.5,Quinto,5,"Deportes aeróbicos (Correr, Nadar, Ciclismo)","En espacios públicos (parques, canchas, piscinas, etc.)",Colectiva,5,"Moderado: Podía hablar en frases cortas, pero me agitaba un poco y necesitaba respirar.",Mañana,"Media: Tuve constancia por algunas semanas, pero con interrupciones frecuentes.",28,10,"Medio: Logro concentrarme por períodos moderados, pero presento algunas distracciones.",Bebidas energéticas,3,Vegetariana,8,Muy buena,Muy bajo,Muy bajo
18/5/2026 22:22:18,Grupo 7,"Morales Portella, Santiago Cesar",Prefiero no decirlo / Otro,19,89,170,Ciencias de la Computación,3,6,6,16.5,Quinto,6,"Deportes de equipo (Fútbol, Básquet, Vóley, etc.)","En espacios públicos (parques, canchas, piscinas, etc.)",Colectiva,6,"Moderado: Podía hablar en frases cortas, pero me agitaba un poco y necesitaba respirar.",Tarde,"Media: Tuve constancia por algunas semanas, pero con interrupciones frecuentes.",32,10,"Medio: Logro concentrarme por períodos moderados, pero presento algunas distracciones.",Polvos Pre-Entreno,5,Alta en proteínas,10,Muy buena,Bajo,Bajo
18/5/2026 22:27:02,Grupo 7,"Morales Portella, Santiago Cesar",Masculino,20,65,166,Ingeniería Civil,5,4,21,17.6,Décimo,5,Gimnasio / Levantamiento de pesas,En gimnasio,Individual,5,"Moderado: Podía hablar en frases cortas, pero me agitaba un poco y necesitaba respirar.",Mañana,"Media: Tuve constancia por algunas semanas, pero con interrupciones frecuentes.",21,8,"Medio: Logro concentrarme por períodos moderados, pero presento algunas distracciones.",Bebidas energéticas,4,Alta en proteínas,8,Muy buena,Moderado,Moderado
18/5/2026 22:32:57,Grupo 7,"Morales Portella, Santiago Cesar",Prefiero no decirlo / Otro,22,105,182,Ciencias de la Computación,8,4,20,16.3,Quinto,5,Gimnasio / Levantamiento de pesas,En casa,Individual,5,"Moderado: Podía hablar en frases cortas, pero me agitaba un poco y necesitaba respirar.",Mañana,"Media: Tuve constancia por algunas semanas, pero con interrupciones frecuentes.",20,8,"Medio: Logro concentrarme por períodos moderados, pero presento algunas distracciones.","Bebidas energéticas, Multivitamínicos y Minerales, Polvos Pre-Entreno",7,Alta en proteínas,10,Muy buena,Muy bajo,Muy bajo
18/5/2026 22:39:20,Grupo 7,"Morales Portella, Santiago Cesar",Masculino,23,75,174,Ingeniería Ambiental,9,3,3,16.4,Quinto,4,Gimnasio / Levantamiento de pesas,En gimnasio,Colectiva,4,"Moderado: Podía hablar en frases cortas, pero me agitaba un poco y necesitaba respirar.",Mañana,"Media: Tuve constancia por algunas semanas, pero con interrupciones frecuentes.",12,10,"Medio: Logro concentrarme por períodos moderados, pero presento algunas distracciones.","Bebidas energéticas, Bebidas rehidratantes, Multivitamínicos y Minerales",4,Alta en proteínas,9,Buena,Bajo,Bajo
18/5/2026 22:41:35,Grupo 2,"Guerrero Cedrón, Antonio Jorge",Femenino,18,60,169,Bioingeniería,3,7,7,15.5,Tercio medio,1,"Entrenamiento en casa (Calistenia, Yoga, rutinas por video)",En casa,Individual,2,Bajo: Podía mantener una conversación larga o cantar sin ningún esfuerzo,Tarde,"Baja: Fui muy irregular, entrenando solo ocasionalmente.",15,2,Bajo: Me distraigo con facilidad y me cuesta mantener la atención durante el estudio.,Bebidas energéticas,4,Vegetariana,6,Muy mala,Muy alto,Muy alto
18/5/2026 23:24:23,Grupo 5,"Díaz Carrión, Gabriel Marcelo",Masculino,24,96,172,Ciencias de la Computación,7,5,5,16.02,Quinto,4,"Deportes de equipo (Fútbol, Básquet, Vóley, etc.)",En instalaciones de la universidad,Colectiva,2,Alto: Me faltaba el aliento rápido y apenas podía decir unas pocas palabras sin parar a tomar aire.,Tarde,"Media: Tuve constancia por algunas semanas, pero con interrupciones frecuentes.",22,10,"Medio: Logro concentrarme por períodos moderados, pero presento algunas distracciones.","Bebidas energéticas, Bebidas rehidratantes, Multivitamínicos y Minerales",4,Blanda,6,Regular,Moderado,Alto
18/5/2026 23:29:24,Grupo 7,"Díaz Carrión, Gabriel Marcelo",Masculino,21,72,176,Ingeniería Electrónica,4,6,5,13.57,Tercio medio,6,"Entrenamiento en casa (Calistenia, Yoga, rutinas por video)",En casa,Individual,6,"Moderado: Podía hablar en frases cortas, pero me agitaba un poco y necesitaba respirar.",Noche,"Media: Tuve constancia por algunas semanas, pero con interrupciones frecuentes.",20,10,Alto: Mantengo la concentración durante la mayor parte del tiempo sin distracciones significativas.,"Multivitamínicos y Minerales, Mass gainers",5,Alta en proteínas,8,Buena,Bajo,Moderado
18/5/2026 23:34:04,Grupo 7,"Díaz Carrión, Gabriel Marcelo",Prefiero no decirlo / Otro,20,52,156,Ingeniería Química,5,6,6,16.78,Tercio,0,No realizo actividad fisica,,,,,,,24,16,"Medio: Logro concentrarme por períodos moderados, pero presento algunas distracciones.",Suplementos Hormonales,2,Baja en carbohidratos,7,Regular,Alto,Muy alto
18/5/2026 23:37:44,Grupo 7,"Díaz Carrión, Gabriel Marcelo",Masculino,19,82,171,Ciencia de Datos,4,6,4,12.89,Tercio,10,"Deportes de equipo (Fútbol, Básquet, Vóley, etc.)","En espacios públicos (parques, canchas, piscinas, etc.)",Colectiva,5,"Moderado: Podía hablar en frases cortas, pero me agitaba un poco y necesitaba respirar.",Noche,Alta: Mantuve mi rutina de manera estricta y constante todo el ciclo.,18,10,"Medio: Logro concentrarme por períodos moderados, pero presento algunas distracciones.","Bebidas rehidratantes, Multivitamínicos y Minerales",5,Ninguna en especial,9,Buena,Moderado,Bajo
18/5/2026 23:41:29,Grupo 7,"Díaz Carrión, Gabriel Marcelo",Masculino,19,90,169,Sistemas de la Información,3,5,5,17.12,Quinto,6,Artes marciales / Deportes de contacto,En instalaciones de la universidad,Colectiva,3,Alto: Me faltaba el aliento rápido y apenas podía decir unas pocas palabras sin parar a tomar aire.,Tarde,"Media: Tuve constancia por algunas semanas, pero con interrupciones frecuentes.",26,16,Alto: Mantengo la concentración durante la mayor parte del tiempo sin distracciones significativas.,Multivitamínicos y Minerales,3,Baja en carbohidratos,7,Regular,Alto,Alto
18/5/2026 23:45:27,Grupo 7,"Díaz Carrión, Gabriel Marcelo",Femenino,19,82,163,Ciencias de la Computación,2,6,6,15.36,Tercio,6,"Entrenamiento en casa (Calistenia, Yoga, rutinas por video)",En casa,Individual,4,Bajo: Podía mantener una conversación larga o cantar sin ningún esfuerzo,Mañana,Alta: Mantuve mi rutina de manera estricta y constante todo el ciclo.,22,15,"Medio: Logro concentrarme por períodos moderados, pero presento algunas distracciones.",Ninguno,4,Vegetariana,8,Buena,Moderado,Alto
18/5/2026 23:51:50,Grupo 7,"Díaz Carrión, Gabriel Marcelo",Masculino,18,76,169,Ciencia de Datos,2,6,6,17.21,Quinto,7,"Deportes aeróbicos (Correr, Nadar, Ciclismo)","En espacios públicos (parques, canchas, piscinas, etc.)",Colectiva,6,Alto: Me faltaba el aliento rápido y apenas podía decir unas pocas palabras sin parar a tomar aire.,Mañana,"Media: Tuve constancia por algunas semanas, pero con interrupciones frecuentes.",22,12,Alto: Mantengo la concentración durante la mayor parte del tiempo sin distracciones significativas.,"Bebidas energéticas, Bebidas rehidratantes, Multivitamínicos y Minerales",5,Ninguna en especial,7,Buena,Moderado,Moderado
18/5/2026 23:54:41,Grupo 7,"Díaz Carrión, Gabriel Marcelo",Masculino,21,78,175,Ingeniería Mecatrónica,6,5,5,14.92,Tercio medio,9,Gimnasio / Levantamiento de pesas,En gimnasio,Individual,6,"Moderado: Podía hablar en frases cortas, pero me agitaba un poco y necesitaba respirar.",Noche,Alta: Mantuve mi rutina de manera estricta y constante todo el ciclo.,18,10,Alto: Mantengo la concentración durante la mayor parte del tiempo sin distracciones significativas.,"Bebidas rehidratantes, Polvos Pre-Entreno, Mass gainers, Creatina",5,Alta en proteínas,8,Muy buena,Bajo,Bajo
19/5/2026 15:02:29,Grupo 7,"Díaz Carrión, Gabriel Marcelo",Femenino,20,86,170,Ingeniría de la Energía,4,6,5,14.06,Tercio medio,6,Gimnasio / Levantamiento de pesas,En casa,Individual,3,"Moderado: Podía hablar en frases cortas, pero me agitaba un poco y necesitaba respirar.",Noche,Alta: Mantuve mi rutina de manera estricta y constante todo el ciclo.,20,18,"Medio: Logro concentrarme por períodos moderados, pero presento algunas distracciones.","Bebidas energéticas, Multivitamínicos y Minerales",4,Ninguna en especial,6,Mala,Alto,Alto
19/5/2026 15:12:02,Grupo 4,"Gamboa Sánchez, Guillermo Valentino",Masculino,19,70,176,Ingeniería Electrónica,4,1,1,16,Tercio medio,9,"Deportes de equipo (Fútbol, Básquet, Vóley, etc.)","En espacios públicos (parques, canchas, piscinas, etc.)",Colectiva,4,Alto: Me faltaba el aliento rápido y apenas podía decir unas pocas palabras sin parar a tomar aire.,Tarde,"Baja: Fui muy irregular, entrenando solo ocasionalmente.",3,23,Bajo: Me distraigo con facilidad y me cuesta mantener la atención durante el estudio.,"Bebidas rehidratantes, Multivitamínicos y Minerales, Polvos Pre-Entreno, Creatina",3,Ninguna en especial,13,Muy mala,Bajo,Alto
19/5/2026 15:27:51,Grupo 7,"Díaz Carrión, Gabriel Marcelo",Masculino,18,71,169,Ciencias de la Computación,2,6,6,16.72,Tercio,7,"Deportes aeróbicos (Correr, Nadar, Ciclismo)",Otros,Colectiva,4,Alto: Me faltaba el aliento rápido y apenas podía decir unas pocas palabras sin parar a tomar aire.,Tarde,"Media: Tuve constancia por algunas semanas, pero con interrupciones frecuentes.",26,18,Alto: Mantengo la concentración durante la mayor parte del tiempo sin distracciones significativas.,"Bebidas energéticas, Multivitamínicos y Minerales",3,Ninguna en especial,6,Mala,Alto,Moderado
19/5/2026 15:30:42,Grupo 7,"Díaz Carrión, Gabriel Marcelo",Masculino,19,82,172,Ciencias de la Computación,3,7,6,15.85,Tercio,5,Artes marciales / Deportes de contacto,En instalaciones de la universidad,Colectiva,2,Alto: Me faltaba el aliento rápido y apenas podía decir unas pocas palabras sin parar a tomar aire.,Tarde,Alta: Mantuve mi rutina de manera estricta y constante todo el ciclo.,28,15,Bajo: Me distraigo con facilidad y me cuesta mantener la atención durante el estudio.,Bebidas energéticas,5,Ninguna en especial,6,Regular,Moderado,Alto
19/5/2026 15:44:33,Grupo 7,"Díaz Carrión, Gabriel Marcelo",Masculino,22,112,173,Ciencias de la Computación,7,6,6,16.24,Tercio,2,No realizo actividad fisica,,,,,,,26,18,Bajo: Me distraigo con facilidad y me cuesta mantener la atención durante el estudio.,Ninguno,3,Baja en carbohidratos,5,Muy mala,Bajo,Alto
19/5/2026 15:50:59,Grupo 7,"Díaz Carrión, Gabriel Marcelo",Masculino,21,82,172,Sistemas de la Información,5,6,6,17.01,Tercio,6,"Entrenamiento en casa (Calistenia, Yoga, rutinas por video)",En casa,Individual,3,"Moderado: Podía hablar en frases cortas, pero me agitaba un poco y necesitaba respirar.",Mañana,"Baja: Fui muy irregular, entrenando solo ocasionalmente.",20,12,Alto: Mantengo la concentración durante la mayor parte del tiempo sin distracciones significativas.,Bebidas energéticas,4,Alta en proteínas,8,Muy buena,Alto,Moderado
19/5/2026 16:00:34,Grupo 7,"Díaz Carrión, Gabriel Marcelo",Femenino,19,78,162,Bioingeniería,3,6,6,15.97,Tercio,8,"Deportes aeróbicos (Correr, Nadar, Ciclismo)",En casa,Individual,5,"Moderado: Podía hablar en frases cortas, pero me agitaba un poco y necesitaba respirar.",Noche,"Media: Tuve constancia por algunas semanas, pero con interrupciones frecuentes.",24,16,"Medio: Logro concentrarme por períodos moderados, pero presento algunas distracciones.",Ninguno,4,Baja en carbohidratos,7,Regular,Alto,Moderado
19/5/2026 16:03:30,Grupo 7,"Díaz Carrión, Gabriel Marcelo",Masculino,19,75,170,Ciencia de Datos,3,6,6,16.95,Quinto,8,"Deportes aeróbicos (Correr, Nadar, Ciclismo)","En espacios públicos (parques, canchas, piscinas, etc.)",Individual,6,"Moderado: Podía hablar en frases cortas, pero me agitaba un poco y necesitaba respirar.",Mañana,Alta: Mantuve mi rutina de manera estricta y constante todo el ciclo.,26,18,"Medio: Logro concentrarme por períodos moderados, pero presento algunas distracciones.",Bebidas energéticas,5,Baja en carbohidratos,7,Regular,Bajo,Alto
19/5/2026 18:37:35,Grupo 6,"Vargas Saravia, Daniela Alessandra",Femenino,21,45,154,Ciencias de la Computación,2,6,5,12.4,Décimo,0,No realizo actividad fisica,,,,,,,26,10,"Medio: Logro concentrarme por períodos moderados, pero presento algunas distracciones.",Ninguno,3,Ninguna en especial,5,Mala,Muy alto,Muy alto
19/5/2026 18:38:35,Grupo 6,"Vargas Saravia, Daniela Alessandra",Masculino,22,66,173,Ingeniería Mecatrónica,5,4,2,11,Tercio inferior,12,"Deportes de equipo (Fútbol, Básquet, Vóley, etc.)",En instalaciones de la universidad,Colectiva,4,Bajo: Podía mantener una conversación larga o cantar sin ningún esfuerzo,Mañana,"Media: Tuve constancia por algunas semanas, pero con interrupciones frecuentes.",14,8,"Medio: Logro concentrarme por períodos moderados, pero presento algunas distracciones.",Bebidas rehidratantes,4,Ninguna en especial,5,Regular,Alto,Alto
19/5/2026 18:38:35,Grupo 6,"Vargas Saravia, Daniela Alessandra",Masculino,21,58,172,Ciencias de la Computación,8,6,6,17.32,Décimo,6,"Deportes de equipo (Fútbol, Básquet, Vóley, etc.)",En instalaciones de la universidad,Colectiva,3,"Moderado: Podía hablar en frases cortas, pero me agitaba un poco y necesitaba respirar.",Mañana,Alta: Mantuve mi rutina de manera estricta y constante todo el ciclo.,30,14,"Medio: Logro concentrarme por períodos moderados, pero presento algunas distracciones.",Ninguno,3,Ninguna en especial,7,Regular,Alto,Alto
19/5/2026 18:51:05,Grupo 6,"Gamboa Sánchez, Guillermo Valentino",Masculino,67,345,157,Ingeniería Ambiental,9,23,3,13,Décimo,2,Gimnasio / Levantamiento de pesas,En gimnasio,Individual,7,Bajo: Podía mantener una conversación larga o cantar sin ningún esfuerzo,Tarde,"Baja: Fui muy irregular, entrenando solo ocasionalmente.",2,23,"Medio: Logro concentrarme por períodos moderados, pero presento algunas distracciones.",Bebidas energéticas,3,Alta en proteínas,3,Mala,Bajo,Muy alto
19/5/2026 18:53:22,Grupo 6,"Vargas Saravia, Daniela Alessandra",Femenino,18,63,1.67,Administración y Negocios Digitales,2,9,9,20,Tercio medio,2,"Deportes de equipo (Fútbol, Básquet, Vóley, etc.)",En casa,Colectiva,1,Bajo: Podía mantener una conversación larga o cantar sin ningún esfuerzo,Tarde,"Baja: Fui muy irregular, entrenando solo ocasionalmente.",26,12,"Medio: Logro concentrarme por períodos moderados, pero presento algunas distracciones.",Bebidas energéticas,3,Ninguna en especial,8,Buena,Moderado,Moderado
19/5/2026 18:54:40,Grupo 6,"Reyes Neyra, Mariel Azucena",Femenino,21,54,172,Administración y Negocios Digitales,2,0,4,15,Tercio,2,Gimnasio / Levantamiento de pesas,En gimnasio,Colectiva,2,"Moderado: Podía hablar en frases cortas, pero me agitaba un poco y necesitaba respirar.",Tarde,Alta: Mantuve mi rutina de manera estricta y constante todo el ciclo.,21,4,"Medio: Logro concentrarme por períodos moderados, pero presento algunas distracciones.",Bebidas energéticas,2,Baja en carbohidratos,5,Mala,Moderado,Muy alto
19/5/2026 19:39:34,Grupo 6,"Vargas Saravia, Daniela Alessandra",Masculino,20,58,182,Ingeniería Mecatrónica,8,6,6,17.22,Décimo,0,No realizo actividad fisica,,,,,,,24,35,Alto: Mantengo la concentración durante la mayor parte del tiempo sin distracciones significativas.,Bebidas energéticas,6,Ninguna en especial,8,Mala,Bajo,Alto
19/5/2026 19:43:13,Grupo 6,"Vargas Saravia, Daniela Alessandra",Masculino,20,72,177,Bioingeniería,7,5,5,16.37,Tercio,0,No realizo actividad fisica,,,,,,,18,5,Bajo: Me distraigo con facilidad y me cuesta mantener la atención durante el estudio.,Ninguno,3,Ninguna en especial,6,Mala,Moderado,Moderado
19/5/2026 19:44:18,Grupo 6,"Vargas Saravia, Daniela Alessandra",Masculino,17,80,1.82,Ingeniería Mecatrónica,2,6,6,20,Décimo,100,Gimnasio / Levantamiento de pesas,En gimnasio,Colectiva,8,Bajo: Podía mantener una conversación larga o cantar sin ningún esfuerzo,Tarde,Alta: Mantuve mi rutina de manera estricta y constante todo el ciclo.,100,100,Alto: Mantengo la concentración durante la mayor parte del tiempo sin distracciones significativas.,Ninguno,4,Baja en carbohidratos,1,Muy buena,Muy bajo,Muy bajo
19/5/2026 20:20:43,Grupo 6,"Vargas Saravia, Daniela Alessandra",Femenino,18,50,1.6,Ingeniería Química,3,7,7,16.5,Quinto,8,Artes marciales / Deportes de contacto,Otros,Colectiva,5,"Moderado: Podía hablar en frases cortas, pero me agitaba un poco y necesitaba respirar.",Noche,Alta: Mantuve mi rutina de manera estricta y constante todo el ciclo.,24,10,Alto: Mantengo la concentración durante la mayor parte del tiempo sin distracciones significativas.,Bebidas energéticas,4,Baja en carbohidratos,6,Buena,Muy bajo,Bajo
20/5/2026 2:28:10,Grupo 1,"Ormachea Mamani, Gabriel",Masculino,18,63,177,Ciencias de la Computación,3,6,6,16.7,Quinto,5,"Deportes de equipo (Fútbol, Básquet, Vóley, etc.)","En espacios públicos (parques, canchas, piscinas, etc.)",Colectiva,4,"Moderado: Podía hablar en frases cortas, pero me agitaba un poco y necesitaba respirar.",Tarde,"Media: Tuve constancia por algunas semanas, pero con interrupciones frecuentes.",20,4,Bajo: Me distraigo con facilidad y me cuesta mantener la atención durante el estudio.,Ninguno,4,Alta en proteínas,8,Buena,Bajo,Moderado
20/5/2026 9:11:54,Grupo 9,"Chipana Ybañez, Josué Manuel",Masculino,20,72,168,Ingeniería Mecánica,2,6,5,14.25,Tercio medio,4,Gimnasio / Levantamiento de pesas,En gimnasio,Individual,2,Alto: Me faltaba el aliento rápido y apenas podía decir unas pocas palabras sin parar a tomar aire.,Mañana,"Baja: Fui muy irregular, entrenando solo ocasionalmente.",25,8,Bajo: Me distraigo con facilidad y me cuesta mantener la atención durante el estudio.,"Bebidas energéticas, Polvos Pre-Entreno, Creatina",2,Ninguna en especial,7,Regular,Moderado,Moderado